Brand,Model Name,Model Image,Technology,2G bands,,3G bands,_1,4G bands,Speed,Announced,Status,Dimensions,Weight,SIM,_1_1,Type,Size,Resolution,Protection,OS,Chipset,CPU,GPU,Card slot,Internal,Single,Features,Video,Single_1,Video_1,Loudspeaker,3.5mm jack,WLAN,Bluetooth,GPS,NFC,Infrared port,Radio,USB,Sensors,Type_1,Colors,Price,Stand-by,Talk time,SAR,Phonebook,Call records,Messaging,Games,Java,Build,Dual,128GB 6GB RAM,Charging,Models,GPRS,EDGE,SAR EU,Features_1,Keyboard,Alert types,Browser,Languages,Clock,Alarm,5G bands,Camera,Loudspeaker_1,Audio quality,Triple,Dual_1,Battery life,Performance,Display
gionee,Gionee M30,https://fdn2.gsmarena.com/vv/bigpic/gionee-m30.jpg,GSM / HSPA / LTE,GSM 850 / 900 / 1800 / 1900 - SIM 1 & SIM 2,,HSDPA 850 / 900 / 2100,,LTE (unspecified),"HSPA 42.2/5.76 Mbps, LTE","2020, August 25","Available. Released 2020, August 31",-,305 g (10.76 oz),"Dual SIM (Nano-SIM, dual stand-by)",,"IPS LCD capacitive touchscreen, 16M colors","6.0 inches, 92.9 cm2","720 x 1440 pixels, 18:9 ratio (~268 ppi density)",,Android,Mediatek MT6771 Helio P60 (12 nm),Octa-core (4x2.0 GHz Cortex-A73 & 4x2.0 GHz Cortex-A53),Mali-G72 MP3,microSDXC,128GB 8GB RAM,"16 MP, (wide), AF",LED flash,1080p@30fps,8 MP,1080p@30fps,"Yes, with stereo speakers",Yes,"Wi-Fi 802.11 b/g/n, hotspot","4.2, A2DP","Yes, with A-GPS",,,Unspecified,"2.0, Type-C 1.0 reversible connector, USB On-The-Go","Fingerprint (rear-mounted), accelerometer, proximity","Li-Po 10000 mAh, non-removable",Black,About 170 EUR,,,,,,,,,"Glass front, aluminum frame, aluminum back",,,Fast charging 25W Reverse charging,,,,,,,,,,,,,,,,,,,,
gionee,Gionee Max,https://fdn2.gsmarena.com/vv/bigpic/gionee-max.jpg,GSM / HSPA / LTE,GSM 850 / 900 / 1800 / 1900 - SIM 1 & SIM 2,eMMC 5.1,HSDPA 900 / 2100,,"1, 3, 5, 8, 38, 40, 41","HSPA 42.2/5.76 Mbps, LTE","2020, August 25","Available. Released 2020, August 31",148 x 70.9 x 10.8 mm (5.83 x 2.79 x 0.43 in),185 g (6.53 oz),"Dual SIM (Nano-SIM, dual stand-by)",,"IPS LCD capacitive touchscreen, 16M colors","6.1 inches, 91.3 cm2 (~87.0% screen-to-body ratio)","720 x 1560 pixels, 19.5:9 ratio (~282 ppi density)",,Android 10,Unisoc SC9863A (28nm),Octa-core (4x1.6 GHz Cortex-A55 & 4x1.2 GHz Cortex-A55),IMG8322,microSDXC (dedicated slot),32GB 2GB RAM,5 MP,LED flash,1080p@24fps,,,Yes,Yes,"Wi-Fi 802.11 a/b/g/n/ac, hotspot","4.2, A2DP","Yes, with A-GPS",,,FM radio,"microUSB 2.0, USB On-The-Go","Accelerometer, proximity","Li-Po 5000 mAh, non-removable","Black, Red, Royal Blue",About 70 EUR,,,0.41 W/kg (head)     0.90 W/kg (body),,,,,,,"13 MP, (wide), AF 0.3 MP (depth)",,,,,,,,,,,,,,,,,,,,,,
gionee,Gionee K3 Pro,https://fdn2.gsmarena.com/vv/bigpic/gionee-k3-pro.jpg,GSM / CDMA / HSPA / LTE,GSM 850 / 900 / 1800 / 1900 - SIM 1 & SIM 2,CDMA 800 & TD-SCDMA,HSDPA 850 / 900 / 1900 / 2100,eMMC 5.1,"1, 3, 5, 7, 8, 38, 39, 40, 41","HSPA 42.2/5.76 Mbps, LTE","2020, August 24","Available. Released 2020, September",164.3 x 77.6 x 9.7 mm (6.47 x 3.06 x 0.38 in),205 g (7.23 oz),"Dual SIM (Nano-SIM, dual stand-by)",,"IPS LCD capacitive touchscreen, 16M colors","6.53 inches, 102.9 cm2 (~80.7% screen-to-body ratio)","720 x 1600 pixels, 20:9 ratio (~269 ppi density)",,Android 9.0 (Pie),Mediatek MT6771 Helio P60 (12 nm),Octa-core (4x2.0 GHz Cortex-A73 & 4x2.0 GHz Cortex-A53),Mali-G72 MP3,microSDXC,"128GB 6GB RAM, 128GB 8GB RAM","13 MP, f/2.0, (wide), 1/3.1"", 1.12µm","LED flash, HDR, panorama",1080p@30fps,,1080p@30fps,Yes,Yes,"Wi-Fi 802.11 b/g/n, hotspot","4.0, A2DP","Yes, with A-GPS",,,Unspecified,"2.0, Type-C 1.0 reversible connector","Fingerprint (rear-mounted), accelerometer, proximity","Li-Po 4000 mAh, non-removable","Jade Green, Pearl White",About 80 EUR,,,,,,,,,,,,Charging 10W,,,,,,,,,,,,,,,,"16 MP, f/2.0, (wide), 1/3.1"", 1.0µm, AF 2 other unknown cameras",,,,
gionee,Gionee K6,https://fdn2.gsmarena.com/vv/bigpic/gionee-k6.jpg,GSM / CDMA / HSPA / LTE,GSM 850 / 900 / 1800 / 1900 - SIM 1 & SIM 2,CDMA 800 & TD-SCDMA,HSDPA 850 / 900 / 1900 / 2100,eMMC 5.1,"1, 3, 5, 7, 8, 38, 39, 40, 41","HSPA 42.2/5.76 Mbps, LTE","2020, May 21","Available. Released 2020, May 27",157.6 x 75.9 x 10.2 mm (6.20 x 2.99 x 0.40 in),192 g (6.77 oz),"Dual SIM (Nano-SIM, dual stand-by)",,"IPS LCD capacitive touchscreen, 16M colors","6.2 inches, 94.4 cm2 (~78.9% screen-to-body ratio)","720 x 1560 pixels, 19.5:9 ratio (~277 ppi density)",,Android 7.1 (Nougat),Mediatek MT6771 Helio P60 (12 nm),Octa-core (4x2.0 GHz Cortex-A73 & 4x2.0 GHz Cortex-A53),Mali-G72 MP3,microSDXC (dedicated slot),"128GB 6GB RAM, 128GB 8GB RAM","13 MP, (wide), 1/3.1"", 1.12µm","LED flash, HDR, panorama",1080p@30fps,,1080p@30fps,Yes,Yes,"Wi-Fi 802.11 b/g/n, hotspot","4.2, A2DP, LE","Yes, with A-GPS",,,Unspecified,microUSB 2.0,"Fingerprint (rear-mounted), accelerometer, proximity","Li-Po 4350 mAh, non-removable","Black, Blue",About 100 EUR,,,,,,,,,,,,Charging 10W,20190418Q,,,,,,,,,,,,,,,"16 MP, f/2.0, 26mm (wide), 1/3.1"", 1.0µm, AF 2 other unknown cameras",,,,
gionee,Gionee F205,https://fdn2.gsmarena.com/vv/bigpic/gionee-f205.jpg,GSM / CDMA / HSPA / LTE,GSM 850 / 900 / 1800 / 1900 - SIM 1 & SIM 2,CDMA 800 & TD-SCDMA,HSDPA 850 / 900 / 1900 / 2100,eMMC 5.1,"1, 3, 5, 7, 8, 38, 39, 40, 41","HSPA 42.2/5.76 Mbps, LTE","2018, January","Available. Released 2018, January",148.4 x 70.7 x 8 mm (5.84 x 2.78 x 0.31 in),135.6 g (4.80 oz),"Dual SIM (Nano-SIM, dual stand-by)",,"IPS LCD capacitive touchscreen, 16M colors","5.45 inches, 76.7 cm2 (~73.1% screen-to-body ratio)","720 x 1440 pixels, 18:9 ratio (~295 ppi density)",,"Android 7.1 (Nougat), Amigo 5",Mediatek MT6739 (28 nm),Quad-core 1.3 GHz Cortex-A53,PowerVR GE8100,microSDXC,16GB 2GB RAM,"8 MP, AF","LED flash, HDR, panorama",720p@30fps,5 MP,,Yes,Yes,"Wi-Fi 802.11 b/g/n, hotspot","4.2, A2DP, LE","Yes, with A-GPS",,,FM radio,microUSB 2.0,"Accelerometer, proximity, compass","Li-Ion 2670 mAh, non-removable","Gold, Red, Blue",About 130 EUR,,,,,,,,,"Glass front, aluminum back, aluminum frame",,,,F205,,,,,,,,,,,,,,,,,,,
gionee,Gionee S11S,https://fdn2.gsmarena.com/vv/bigpic/gionee-s11s.jpg,GSM / CDMA / HSPA / LTE,GSM 850 / 900 / 1800 / 1900 - SIM 1 & SIM 2,CDMA 800 & TD-SCDMA,HSDPA 850 / 900 / 1900 / 2100,,"1, 2, 3, 4, 5, 7, 8, 12, 34, 38, 39, 40, 41","HSPA 42.2/5.76 Mbps, LTE","2017, November","Available. Released 2017, December",155.8 x 72.6 x 7 mm (6.13 x 2.86 x 0.28 in),177 g (6.24 oz),"Dual SIM (Nano-SIM, dual stand-by)",,"AMOLED capacitive touchscreen, 16M colors","6.01 inches, 93.2 cm2 (~82.4% screen-to-body ratio)","1080 x 2160 pixels, 18:9 ratio (~402 ppi density)",,"Android 7.1 (Nougat), Amigo 5",Mediatek Helio P30 (16 nm),Octa-core (4x2.3 GHz Cortex-A53 & 4x1.65 GHz Cortex A53),Mali-G71 MP2,microSDXC,64GB 6GB RAM,,"LED flash, HDR, panorama",1080p@30fps,,,Yes,Yes,"Wi-Fi 802.11 b/g/n, hotspot","4.2, A2DP, LE","Yes, with A-GPS",Yes,,FM radio,"microUSB 2.0, USB On-The-Go","Fingerprint (rear-mounted), accelerometer, gyro, proximity, compass","Li-Po 3600 mAh, non-removable","Silver, Gold",About 500 EUR,,,,,,,,,"Glass front, glass back, aluminum frame","16 MP, AF 8 MP",,,,,,,,,,,,,,,,,,,"20 MP, f/2.0, (wide), 1/2.8"", 1.0µm 8 MP",,,
gionee,Gionee S11,https://fdn2.gsmarena.com/vv/bigpic/gionee-s11.jpg,GSM / CDMA / HSPA / LTE,GSM 850 / 900 / 1800 / 1900 - SIM 1 & SIM 2,CDMA 800 & TD-SCDMA,HSDPA 850 / 900 / 1900 / 2100,eMMC 5.1,"1, 2, 3, 4, 5, 7, 8, 12, 34, 38, 39, 40, 41","HSPA 42.2/5.76 Mbps, LTE-A (2CA) Cat6 300/50 Mbps","2017, November","Available. Released 2017, December",159.5 x 77.7 x 7.8 mm (6.28 x 3.06 x 0.31 in),165 g (5.82 oz),"Hybrid Dual SIM (Nano-SIM, dual stand-by)",,"IPS LCD capacitive touchscreen, 16M colors","5.99 inches, 92.6 cm2 (~74.7% screen-to-body ratio)","1080 x 2160 pixels, 18:9 ratio (~403 ppi density)",,"Android 7.1 (Nougat), Amigo 5",Mediatek MT6763T Helio P23 (16 nm),Octa-core 2.5 GHz Cortex-A53,Mali-G71 MP2,microSDXC (uses shared SIM slot),64GB 4GB RAM,,"LED flash, HDR, panorama",1080p@30fps,,,Yes,Yes,"Wi-Fi 802.11 b/g/n, hotspot","4.0, A2DP","Yes, with A-GPS",,,FM radio,"microUSB 2.0, USB On-The-Go","Fingerprint (rear-mounted), accelerometer, gyro, proximity, compass","Li-Po 3410 mAh, non-removable","Moonlight blue, space gold, cherry powder",About 320 EUR,,,,,,,,,,"16 MP, AF 5 MP, f/2.4, (depth)",,,,,,,,,,,,,,,,,,,"16 MP, f/2.0, 26mm (wide), 1/3.06"", 1.0µm 8 MP",,,
gionee,Gionee S11 lite,https://fdn2.gsmarena.com/vv/bigpic/gionee-s11-mini-.jpg,GSM / CDMA / HSPA / LTE,GSM 850 / 900 / 1800 / 1900 - SIM 1 & SIM 2,CDMA 800 & TD-SCDMA,HSDPA 850 / 900 / 1900 / 2100,eMMC 5.1,LTE (unspecified),"HSPA 42.2/5.76 Mbps, LTE","2017, November","Available. Released 2018, February",153.8 x 72.6 x 7.9 mm (6.06 x 2.86 x 0.31 in),141 g (4.97 oz),"Hybrid Dual SIM (Nano-SIM, dual stand-by)",,"IPS LCD capacitive touchscreen, 16M colors","5.7 inches, 83.8 cm2 (~75.1% screen-to-body ratio)","720 x 1440 pixels, 18:9 ratio (~282 ppi density)",,"Android 7.1 (Nougat), Amigo 5",Qualcomm MSM8937 Snapdragon 430 (28 nm),Octa-core 1.4 GHz Cortex-A53,Adreno 505,microSDXC (uses shared SIM slot),32GB 4GB RAM,"16 MP, f/2.0, 26mm (wide), 1/3.06"", 1.0µm","LED flash, HDR, panorama",1080p@30fps,,,Yes,Yes,"Wi-Fi 802.11 b/g/n, hotspot","4.0, A2DP","Yes, with A-GPS",,,FM radio,"microUSB 2.0, USB On-The-Go","Fingerprint (rear-mounted), accelerometer, proximity, compass","Li-Ion 3030 mAh, non-removable","Gold, Dark Blue, Black",About 200 EUR,,,,,,,,,,"13 MP, f/2.2, AF 2 MP, (depth)",,,S11 lite,,,,,,,,,,,,,,,,,,,
gionee,Gionee M7 Plus,https://fdn2.gsmarena.com/vv/bigpic/gionee-m7-plus.jpg,GSM / CDMA / HSPA / LTE,GSM 850 / 900 / 1800 / 1900 - SIM 1 & SIM 2,CDMA 800 & TD-SCDMA,HSDPA 850 / 900 / 1900 / 2100,eMMC 5.1,"1, 3, 4, 5, 7, 8, 12, 34, 38, 39, 40, 41","HSPA 42.2/5.76 Mbps, LTE-A (2CA) Cat6 300/50 Mbps","2017, November","Available. Released 2018, July",166.5 x 81.6 x 8.7 mm (6.56 x 3.21 x 0.34 in),241 g (8.50 oz),"Dual SIM (Nano-SIM, dual stand-by)",,"AMOLED capacitive touchscreen, 16M colors","6.43 inches, 106.7 cm2 (~78.5% screen-to-body ratio)","1080 x 2160 pixels, 18:9 ratio (~376 ppi density)",,"Android 7.1 (Nougat), Amigo 5",Qualcomm SDM660 Snapdragon 660 (14 nm),Octa-core (4x2.2 GHz Kryo 260 Gold & 4x1.8 GHz Kryo 260 Silver),Adreno 512,microSDXC,128GB 6GB RAM,8 MP,"LED flash, HDR, panorama",1080p@30fps,,,Yes,Yes,"Wi-Fi 802.11 b/g/n, hotspot","5.0, A2DP, LE","Yes, with A-GPS",Yes,Yes,FM radio,"microUSB 2.0, USB On-The-Go","Fingerprint (rear-mounted), accelerometer, gyro, proximity, compass","Li-Po 5000 mAh, non-removable",Blue,About 670 EUR,,,,,,,,,"Glass front, aluminum/leather back, aluminum frame","16 MP, AF 8 MP",,Charging 10W,,,,,,,,,,,,,,,,,,,,
gionee,Gionee M7 Power,https://fdn2.gsmarena.com/vv/bigpic/gionee-m7-power-.jpg,GSM / HSPA / LTE,GSM 850 / 900 / 1800 / 1900 - SIM 1 & SIM 2,eMMC 5.1,HSDPA 850 / 900 / 1900 / 2100,,"1, 3, 5, 7, 8, 38, 39, 40, 41","HSPA 42.2/5.76 Mbps, LTE Cat4 150/50 Mbps","2017, October","Available. Released 2017, November",156.4 x 76.7 x 8.6 mm (6.16 x 3.02 x 0.34 in),199 g (7.02 oz),"Hybrid Dual SIM (Nano-SIM, dual stand-by)",,"IPS LCD capacitive touchscreen, 16M colors","6.0 inches, 92.9 cm2 (~77.4% screen-to-body ratio)","720 x 1440 pixels, 18:9 ratio (~268 ppi density)",Corning Gorilla Glass 3,"Android 7.1.1 (Nougat), Amigo 5",Qualcomm MSM8940 Snapdragon 435 (28 nm),Octa-core 1.4 GHz Cortex-A53,Adreno 505,microSDXC (uses shared SIM slot),64GB 4GB RAM,"13 MP, f/2.0, AF","LED flash, HDR, panorama",1080p@30fps,"8 MP, f/2.2",,Yes,Yes,"Wi-Fi 802.11 b/g/n, hotspot","4.1, A2DP, LE","Yes, with A-GPS, GLONASS, BDS",,,FM radio,"microUSB 2.0, USB On-The-Go","Fingerprint (rear-mounted), accelerometer, proximity, compass","Li-Po 5000 mAh, non-removable","Dark blue, black, gold",About 260 EUR,Up to 625 h (3G),Up to 56 h (3G),,,,,,,"Glass front (Gorilla Glass 3), aluminum back, aluminum frame",,,,M7 Power,,,,,,,,,,,,,,,,,,,
gionee,Gionee M7,https://fdn2.gsmarena.com/vv/bigpic/gionee-m7.jpg,GSM / CDMA / HSPA / LTE,GSM 850 / 900 / 1800 / 1900 - SIM 1 & SIM 2,CDMA 800 & TD-SCDMA,HSDPA 850 / 900 / 1900 / 2100,,"1, 3, 5, 7, 8, 34, 38, 39, 40, 41","HSPA 42.2/5.76 Mbps, LTE Cat4 150/50 Mbps","2017, September","Available. Released 2017, September",157 x 76 x 7.2 mm (6.18 x 2.99 x 0.28 in),180 g (6.35 oz),"Dual SIM (Nano-SIM, dual stand-by)",,"AMOLED capacitive touchscreen, 16M colors","6.01 inches, 93.2 cm2 (~78.1% screen-to-body ratio)","1080 x 2160 pixels, 18:9 ratio (~402 ppi density)",,"Android 7.1 (Nougat), Amigo 5",Mediatek Helio P30 (16 nm),Octa-core (4x2.3 GHz Cortex-A53 & 4x1.65 GHz Cortex A53),Mali-G71 MP2,microSDXC,64GB 6GB RAM,8 MP,"LED flash, HDR, panorama",1080p@30fps,,,Yes,Yes,"Wi-Fi 802.11 b/g/n, hotspot","4.2, A2DP","Yes, with A-GPS",Yes,Yes,"FM radio, recording","microUSB 2.0, USB On-The-Go","Fingerprint (rear-mounted), accelerometer, gyro, proximity, compass","Li-Po 4000 mAh, non-removable","Sapphire Blue, Star Blue, Maple Red, Champagne Gold, Black",About 360 EUR,,,,,,,,,"Glass front, aluminum back, aluminum frame","16 MP, AF 8 MP",,Charging 10W,,,,,,,,,,,,,,,,,,,,
gionee,Gionee X1s,https://fdn2.gsmarena.com/vv/bigpic/gionee-x1s.jpg,GSM / HSPA / LTE,GSM 850 / 900 / 1800 / 1900 - SIM 1 & SIM 2,eMMC 5.0,HSDPA,,LTE (unspecified),"HSPA 42.2/5.76 Mbps, LTE Cat4 150/50 Mbps","2017, September","Available. Released 2017, September",150.4 x 73.5 x 8.8 mm (5.92 x 2.89 x 0.35 in),166 g (5.86 oz),Dual SIM,,"IPS LCD capacitive touchscreen, 16M colors","5.2 inches, 74.5 cm2 (~67.4% screen-to-body ratio)","720 x 1280 pixels, 16:9 ratio (~282 ppi density)",Corning Gorilla Glass 3,"Android 7 (Nougat), Amigo 4",Mediatek MT6737T (28 nm),Quad-core 1.5 GHz Cortex-A53,Mali-T720,microSDXC (dedicated slot),16GB 3GB RAM,"13 MP, AF","Dual-LED dual-tone flash, HDR, panorama",1080p@30fps,"16 MP, f/2.0, 26mm (wide), 1/3.06"", 1.0µm",1080p@30fps,Yes,Yes,"Wi-Fi 802.11 b/g/n, hotspot","4.0, A2DP","Yes, with A-GPS",,Yes,FM radio,microUSB 2.0,"Fingerprint (rear-mounted), accelerometer, proximity","Li-Ion 4000 mAh, non-removable","Black, Gold",About 13000 INR,,,,,,,,,,,,,X1S,Yes,Yes,,,,,,,,,,,,,,,,,
gionee,Gionee X1,https://fdn2.gsmarena.com/vv/bigpic/gionee-x1.jpg,GSM / HSPA / LTE,GSM 850 / 900 / 1800 / 1900 - SIM 1 & SIM 2,eMMC 5.0,HSDPA,,LTE (unspecified),"HSPA 42.2/5.76 Mbps, LTE Cat4 150/50 Mbps","2017, August","Available. Released 2017, August",144.3 x 72.2 x 8.8 mm (5.68 x 2.84 x 0.35 in),-,Dual SIM,,"IPS LCD capacitive touchscreen, 16M colors","5.0 inches, 68.9 cm2 (~66.2% screen-to-body ratio)","720 x 1280 pixels, 16:9 ratio (~294 ppi density)",,"Android 7 (Nougat), Amigo 5",Mediatek MT6737 (28 nm),Quad-core 1.3 GHz Cortex-A53,Mali-T720,microSDXC,16GB 2GB RAM,"8 MP, AF","Dual-LED dual-tone flash, HDR, panorama",1080p@30fps,"8 MP, f/2.0, 1/4"", 1.12µm",720p,Yes,Yes,"Wi-Fi 802.11 b/g/n, hotspot","4.0, A2DP","Yes, with A-GPS",,,FM radio,microUSB 2.0,"Fingerprint (rear-mounted), accelerometer, proximity","Li-Ion 3000 mAh, non-removable","Black, Gold",About 9000 INR,,,,,,,,,,,,,X1,Yes,Yes,,,,,,,,,,,,,,,,,
gionee,Gionee P8 Max,https://fdn2.gsmarena.com/vv/bigpic/gionee-p8-max.jpg,GSM / HSPA / LTE,GSM 850 / 900 / 1800 / 1900 - SIM 1 & SIM 2,eMMC 5.0,HSDPA,,LTE (unspecified),"HSPA 42.2/5.76 Mbps, LTE Cat4 150/50 Mbps","2017, June","Available. Released 2017, Q4",154.4 x 76.6 x 9.2 mm (6.08 x 3.02 x 0.36 in),-,Dual SIM,,"IPS LCD capacitive touchscreen, 16M colors","5.5 inches, 83.4 cm2 (~70.5% screen-to-body ratio)","720 x 1280 pixels, 16:9 ratio (~267 ppi density)",Corning Gorilla Glass (unspecified version),"Android 6.0 (Marshmallow), Amigo 3.2",Mediatek MT6737T (28 nm),Quad-core 1.5 GHz Cortex-A53,Mali-T720,microSDXC,32GB 3GB RAM,"13 MP, f/2.2, AF","LED flash, HDR, panorama",1080p@30fps,"8 MP, f/2.2",,Yes,Yes,"Wi-Fi 802.11 b/g/n, Wi-Fi Direct, hotspot","4.0, A2DP","Yes, with A-GPS",,Yes,FM radio,microUSB 2.0,"Accelerometer, proximity, compass","Li-Ion 3150 mAh, non-removable","Gold, Gray, White",,,,,,,,,,,,,Charging 10W,,Yes,Yes,,,,,,,,,,,,,,,,,
gionee,Gionee A1 Lite,https://fdn2.gsmarena.com/vv/bigpic/gionee-a1-lite-.jpg,GSM / HSPA / LTE,GSM 850 / 900 / 1800 / 1900 - SIM 1 & SIM 2,,HSDPA 850 / 900 / 1900 / 2100,,LTE (unspecified),"HSPA 42.2/5.76 Mbps, LTE","2017, June","Available. Released 2017, August",150.5 x 74.4 x 8 mm (5.93 x 2.93 x 0.31 in),161 g (5.68 oz),Dual SIM,,"IPS LCD capacitive touchscreen, 16M colors","5.3 inches, 77.4 cm2 (~69.2% screen-to-body ratio)","720 x 1280 pixels, 16:9 ratio (~277 ppi density)",Corning Gorilla Glass 3,"Android 7 (Nougat), Amigo 4",Mediatek MT6753 (28 nm),Octa-core 1.3 GHz Cortex-A53,Mali-T720MP3,microSDXC (dedicated slot),32GB 3GB RAM,"13 MP, f/2.0, 1/3.1"", 1.12µm, PDAF","Dual-LED flash, HDR",1080p@30fps,"20 MP, f/2.0, (wide), 1/2.8"", 1.0µm",,Yes,Yes,"Wi-Fi 802.11 b/g/n, hotspot","4.1, A2DP, LE","Yes, with A-GPS",,,FM radio,microUSB 2.0,"Fingerprint (rear-mounted), accelerometer, gyro, proximity, compass","Li-Ion 4000 mAh, non-removable","Gold, Black",About 15000 INR,,,,,,,,,,,,,A1 lite,,,,LED flash,,,,,,,,,,,,,,,
gionee,Gionee S10,https://fdn2.gsmarena.com/vv/bigpic/gionee-s10.jpg,GSM / CDMA / HSPA / LTE,GSM 850 / 900 / 1800 / 1900 - SIM 1 & SIM 2,CDMA 800 & TD-SCDMA,HSDPA 850 / 900 / 1900 / 2100,,"1, 3, 5, 7, 8, 34, 38, 39, 40, 41","HSPA 42.2/5.76 Mbps, LTE-A (2CA) Cat6 300/50 Mbps","2017, May","Available. Released 2017, July",155 x 76.8 x 7.4 mm (6.10 x 3.02 x 0.29 in),178 g (6.28 oz),"Hybrid Dual SIM (Nano-SIM, dual stand-by)",,"LTPS IPS LCD capacitive touchscreen, 16M colors","5.5 inches, 83.4 cm2 (~70.1% screen-to-body ratio)","1080 x 1920 pixels, 16:9 ratio (~401 ppi density)",,"Android 7 (Nougat), Amigo 4",Mediatek MT6757T Helio P25 (16 nm),Octa-core (4x2.5 GHz Cortex-A53 & 4x1.4 GHz Cortex-A53),Mali-T880MP2,microSDXC (uses shared SIM slot),64GB 4GB RAM,,"LED flash, HDR, panorama",1080p@30fps,,,Yes,Yes,"Wi-Fi 802.11 a/b/g/n/ac, dual-band, Wi-Fi Direct, hotspot","4.0, A2DP, LE","Yes, with A-GPS",,,FM radio; recording,"microUSB 2.0, USB On-The-Go","Fingerprint (front-mounted), accelerometer, gyro, proximity, compass","Li-Po 3450 mAh, non-removable","Cherry Gold, Dark Black, Indigo Blue, Primrose Green",About 380 USD,,,,,,,,,,"16 MP, AF 8 MP",,,,,,,,,,,,,,,,,,,"20 MP, f/2.0, (wide), 1/2.8"", 1.0µm 8 MP",,,
gionee,Gionee S10B,https://fdn2.gsmarena.com/vv/bigpic/gionee-s10b.jpg,GSM / CDMA / HSPA / LTE,GSM 850 / 900 / 1800 / 1900 - SIM 1 & SIM 2,CDMA 800 & TD-SCDMA,HSDPA 850 / 900 / 1900 / 2100,eMMC 5.1,"1, 3, 5, 7, 8, 34, 38, 39, 40, 41","HSPA 42.2/5.76 Mbps, LTE Cat4 150/50 Mbps","2017, May","Available. Released 2017, July",154.5 x 76 x 7.6 mm (6.08 x 2.99 x 0.30 in),176 g (6.21 oz),"Hybrid Dual SIM (Nano-SIM, dual stand-by)",,"IPS LCD capacitive touchscreen, 16M colors","5.5 inches, 83.4 cm2 (~71.0% screen-to-body ratio)","1080 x 1920 pixels, 16:9 ratio (~401 ppi density)",,"Android 7 (Nougat), Amigo 4",Mediatek MT6755 Helio P10 (28 nm),Octa-core (4x1.8 GHz Cortex-A53 & 4x1.0 GHz Cortex-A53),Mali-T860MP2,microSDXC (uses shared SIM slot),64GB 4GB RAM,"16 MP, f/2.0, 26mm (wide), 1/3.06"", 1.0µm","Dual-LED dual-tone flash, HDR, panorama",1080p@30fps,,,Yes,Yes,"Wi-Fi 802.11 a/b/g/n/ac, dual-band, Wi-Fi Direct, hotspot","4.0, A2DP, LE","Yes, with A-GPS",,,FM radio,microUSB 2.0,"Fingerprint (front-mounted), accelerometer, gyro, proximity, compass","Li-Po 3700 mAh, non-removable","Black, Gold",About 240 USD,,,,,,,,,,"13 MP, PDAF 5 MP, f/2.4, (depth)",,,,,,,,,,,,,,,,,,,,,,
gionee,Gionee S10C,https://fdn2.gsmarena.com/vv/bigpic/gionee-s10c.jpg,GSM / CDMA / HSPA / LTE,GSM 850 / 900 / 1800 / 1900 - SIM 1 & SIM 2,CDMA 800 TD-SCDMA,HSDPA 850 / 900 / 1900 / 2100,eMMC 5.1,"1, 3, 5, 7, 8, 34, 38, 39, 40, 41","HSPA 42.2/5.76 Mbps, LTE Cat4 150/50 Mbps","2017, May","Available. Released 2017, July",148.7 x 73.7 x 7.9 mm (5.85 x 2.90 x 0.31 in),151 g (5.33 oz),Hybrid Dual SIM,,"IPS LCD capacitive touchscreen, 16M colors","5.2 inches, 74.5 cm2 (~68.0% screen-to-body ratio)","720 x 1280 pixels, 16:9 ratio (~282 ppi density)",,"Android 7.1.1 (Nougat), Amigo 5",Qualcomm MSM8920 Snapdragon 427 (28 nm),Quad-core 1.4 GHz Cortex-A53,Adreno 308,microSDXC (uses shared SIM slot),32GB 4GB RAM,"13 MP, f/2.0, PDAF","LED flash, HDR, panorama",1080p@30fps,"16 MP, f/2.0, 26mm (wide), 1/3.06"", 1.0µm",,Yes,Yes,"Wi-Fi 802.11 b/g/n, Wi-Fi Direct, hotspot","4.0, A2DP, LE","Yes, with A-GPS",,,FM radio,microUSB 2.0,"Fingerprint (front-mounted), accelerometer, proximity, compass","Li-Po 3100 mAh, non-removable","Black, Gold, Green",About 200 USD,,,,,,,,,,,,,,,,,,,,,,,,,,,,,,,,
gionee,Gionee M6s Plus,https://fdn2.gsmarena.com/vv/bigpic/gionee-m6s-plus.jpg,GSM / CDMA / HSPA / EVDO / LTE,GSM 850 / 900 / 1800 / 1900 - SIM 1 & SIM 2,CDMA 800 / 1900,HSDPA 850 / 900 / 1900 / 2100,CDMA2000 1xEV-DO / TD-SCDMA,"1, 3, 5, 7, 38, 39, 40, 41","HSPA 42.2/5.76 Mbps, LTE","2017, April","Available. Released 2017, May",163.3 x 80.9 x 8.3 mm (6.43 x 3.19 x 0.33 in),215 g (7.58 oz),"Dual SIM (Nano-SIM, dual stand-by)",eMMC 5.1,"AMOLED capacitive touchscreen, 16M colors","6.0 inches, 99.2 cm2 (~75.1% screen-to-body ratio)","1080 x 1920 pixels, 16:9 ratio (~367 ppi density)",,"Android 6.0 (Marshmallow), Amigo 3.5",Qualcomm MSM8976 Pro Snapdragon 653 (28 nm),Octa-core (4x1.95 GHz Cortex-A72 & 4x1.44 GHz Cortex-A53),Adreno 510,microSDXC (dedicated slot),"64GB 6GB RAM, 256GB 6GB RAM","12 MP, f/1.9, 1/2.55"", 1.4µm, PDAF","Dual-LED dual-tone flash, panorama, HDR",1080p@30fps,"8 MP, f/2.0, 1/4"", 1.12µm",,Yes,Yes,"Wi-Fi 802.11 b/g/n, Wi-Fi Direct, hotspot","4.0, A2DP","Yes, with A-GPS",,Yes,"FM radio, RDS, recording","microUSB 2.0, USB On-The-Go","Fingerprint (front-mounted), accelerometer, gyro, proximity, compass","Li-Po 6020 mAh, non-removable",Black,About 460 EUR,Up to 843 h (3G),Up to 51 h (3G),,,,,,,,,,Fast charging 18W Quick Charge 3.0 Reverse charging,,,,,,,,,,,,,,,,,,,,
gionee,Gionee A1 Plus,https://fdn2.gsmarena.com/vv/bigpic/gionee-a1-.jpg,GSM / HSPA / LTE,GSM 850 / 900 / 1800 / 1900 - SIM 1 & SIM 2,,HSDPA 850 / 900 / 1900 / 2100,,"1, 3, 7, 38, 39, 40, 41","HSPA 42.2/5.76 Mbps, LTE-A (2CA) Cat6 300/50 Mbps","2017, February","Available. Released 2017, May",166.4 x 83.3 x 9.1 mm (6.55 x 3.28 x 0.36 in),226 g (7.97 oz),"Hybrid Dual SIM (Nano-SIM, dual stand-by)",,"IPS LCD capacitive touchscreen, 16M colors","6.0 inches, 99.2 cm2 (~71.6% screen-to-body ratio)","1080 x 1920 pixels, 16:9 ratio (~367 ppi density)",,"Android 7 (Nougat), Amigo 4",Mediatek MT6757T Helio P25 (16 nm),Octa-core (4x2.5 GHz Cortex-A53 & 4x1.4 GHz Cortex-A53),Mali-T880MP2,microSDXC (uses shared SIM slot),64GB 4GB RAM,"20 MP, f/2.0, (wide), 1/2.8"", 1.0µm","LED flash, HDR",1080p@30fps,,,Yes,Yes,"Wi-Fi 802.11 b/g/n, Wi-Fi Direct, hotspot","4.0, A2DP","Yes, with A-GPS",,,FM radio,"Type-C 1.0 reversible connector, USB On-The-Go","Fingerprint (rear-mounted), accelerometer, proximity, compass","Li-Ion 4550 mAh, non-removable","Gray, Mocha Gold",About 370 EUR,,,,,,,,,,"13 MP, f/2.0, 1/3.1"", 1.12µm, PDAF 5 MP, f/2.4, (depth)",,Charging 10W,A1 Plus,,,,,,,,,,,,,,,,,,,
gionee,Gionee A1,https://fdn2.gsmarena.com/vv/bigpic/gionee-a1.jpg,GSM / HSPA / LTE,GSM 850 / 900 / 1800 / 1900 - SIM 1 & SIM 2,eMMC 5.1,HSDPA 850 / 900 / 1900 / 2100,,"1, 3, 7, 38, 39, 40, 41","HSPA 42.2/5.76 Mbps, LTE-A (2CA) Cat6 300/50 Mbps","2017, February","Available. Released 2017, April",154.5 x 76.5 x 8.3 mm (6.08 x 3.01 x 0.33 in),182 g (6.42 oz),"Hybrid Dual SIM (Nano-SIM/ Micro-SIM, dual stand-by)",,"IPS LCD capacitive touchscreen, 16M colors","5.5 inches, 83.4 cm2 (~70.6% screen-to-body ratio)","1080 x 1920 pixels, 16:9 ratio (~401 ppi density)",Corning Gorilla Glass (unspecified version),"Android 7 (Nougat), Amigo 4",Mediatek MT6755 Helio P10 (28 nm),Octa-core (4x2.0 GHz Cortex-A53 & 4x1.0 GHz Cortex-A53),Mali-T860MP2,microSDXC (uses shared SIM slot),64GB 4GB RAM,"13 MP, f/2.0, 1/3.1"", 1.12µm, PDAF","LED flash, HDR",1080p@30fps,"16 MP, f/2.0, 26mm (wide), 1/3.06"", 1.0µm",,Yes,Yes,"Wi-Fi 802.11 a/b/g/n, Wi-Fi Direct, hotspot","4.0, A2DP","Yes, with A-GPS",,,FM radio,"microUSB 2.0, USB On-The-Go","Fingerprint (front-mounted), accelerometer, gyro, proximity, compass","Li-Ion 4010 mAh, non-removable","Black, Gray, Gold",About 280 EUR,,,,,,,,,,,,Charging 10W,A1,,,,,,,,,,,,,,,,,,,
gionee,Gionee F5,https://fdn2.gsmarena.com/vv/bigpic/gionee-f5.jpg,GSM / HSPA / EVDO / LTE,GSM 850 / 900 / 1800 / 1900 - SIM 1 & SIM 2,CDMA2000 1xEV-DO / TD-SCDMA,HSDPA 850 / 900 / 1900 / 2100,eMMC 5.1,"1, 2, 3, 5, 7, 8, 38","HSPA 42.2/5.76 Mbps, LTE","2017, January","Available. Released 2017, February",150 x 74.5 x 7.7 mm (5.91 x 2.93 x 0.30 in),162 g (5.71 oz),"Dual SIM (Nano-SIM, dual stand-by)",,"IPS LCD capacitive touchscreen, 16M colors","5.3 inches, 77.4 cm2 (~69.3% screen-to-body ratio)","720 x 1280 pixels, 16:9 ratio (~277 ppi density)",,Android 6.0 (Marshmallow),Mediatek MT6750 (28 nm),Octa-core (4x1.5 GHz Cortex-A53 & 4x1.0 GHz Cortex-A53),Mali-T860MP2,microSDXC,32GB 4GB RAM,"13 MP, AF","LED flash, panorama, HDR",1080p@30fps,8 MP,,Yes,Yes,"Wi-Fi 802.11 b/g/n, Wi-Fi Direct, hotspot","4.0, A2DP","Yes, with A-GPS",,,FM radio,microUSB 2.0,"Accelerometer, gyro, proximity, compass","Li-Po 4000 mAh, non-removable","Gold, Rose gold",About 250 EUR,,,,,,,,,,,,,,,,,,,,,,,,,,,,,,,,
gionee,Gionee M2017,https://fdn2.gsmarena.com/vv/bigpic/gionee-m2017.jpg,GSM / CDMA / HSPA / LTE,GSM 850 / 900 / 1800 / 1900 - SIM 1 & SIM 2,CDMA 800,HSDPA 850 / 900 / 1900 / 2100,eMMC 5.1,"1, 3, 4, 5, 7, 8, 38, 39, 40, 41","HSPA 42.2/5.76 Mbps, LTE-A (2CA) Cat6 300/50 Mbps","2016, December","Available. Released 2016, December","155.2 x 77.6 x 7.4 mm, 10.8 cc (6.11 x 3.06 x 0.29 in)",238 g (8.40 oz),"Dual SIM (Nano-SIM, dual stand-by)",,"AMOLED capacitive touchscreen, 16M colors","5.7 inches, 89.6 cm2 (~74.4% screen-to-body ratio)","1440 x 2560 pixels, 16:9 ratio (~515 ppi density)",,"Android 6.0.1 (Marshmallow), Amigo 3.5",Qualcomm MSM8976 Pro Snapdragon 653 (28 nm),Octa-core (4x1.95 GHz Cortex-A72 & 4x1.4 GHz Cortex-A53),Adreno 510,No,128GB 6GB RAM,8 MP,"LED flash, panorama, HDR",4K@30fps,,,Yes,No,"Wi-Fi 802.11 b/g/n, Wi-Fi Direct, hotspot","4.0, A2DP","Yes, with A-GPS",,,FM radio,"2.0, Type-C 1.0 reversible connector, USB On-The-Go","Fingerprint (front-mounted), accelerometer, gyro, proximity, compass","Li-Po 7000 mAh, non-removable","Black, Gold",About 1150 EUR,Up to 915 h (3G),Up to 25 h (3G),,,,,,,,"12 MP, PDAF 13 MP, 2x optical zoom",,Fast charging 18W Quick Charge 3.0,,,,,,,,,,,,,,,,,,,,
gionee,Gionee Steel 2,https://fdn2.gsmarena.com/vv/bigpic/gionee-steel-2.jpg,GSM / HSPA / EVDO / LTE,GSM 850 / 900 / 1800 / 1900 - SIM 1 & SIM 2,CDMA2000 1xEV-DO / TD-SCDMA,HSDPA 900 / 2100,eMMC 5.0,"1, 3, 7, 38, 39, 40, 41","HSPA 42.2/5.76 Mbps, LTE","2016, December","Available. Released 2017, January",144.3 x 70.5 x 8.6 mm (5.68 x 2.78 x 0.34 in),160 g (5.64 oz),"Dual SIM (Micro-SIM, dual stand-by)",,"IPS LCD capacitive touchscreen, 16M colors","5.0 inches, 68.9 cm2 (~67.7% screen-to-body ratio)","720 x 1280 pixels, 16:9 ratio (~294 ppi density)",S,"Android 6.0 (Marshmallow), Amigo 3.5",Mediatek MT6737 (28 nm),Quad-core 1.25 GHz Cortex-A53,Mali-T720MP2,microSDXC (dedicated slot),"16GB 3GB RAM, 32GB 3GB RAM","8 MP, AF","LED flash, panorama, HDR",1080p@30fps,5 MP,,Yes,Yes,"Wi-Fi 802.11 b/g/n, Wi-Fi Direct, hotspot","4.0, A2DP","Yes, with A-GPS",,,FM radio,microUSB 2.0,"Accelerometer, proximity, compass","Li-Po 4000 mAh, non-removable","Jazz Gold, Gold Black",About 210 EUR,Up to 527 h (3G),Up to 45 h (3G),,,,,,,,,,,,,,,,,,,,,,,,,,,,,,
gionee,Gionee S9,https://fdn2.gsmarena.com/vv/bigpic/gionee-s9.jpg,GSM / HSPA / LTE,GSM 850 / 900 / 1800 / 1900 - SIM 1 & SIM 2,3D Touch display,HSDPA 850 / 900 / 1900 / 2100,eMMC 5.1,"1, 3, 7, 38, 39, 40, 41","HSPA 42.2/5.76 Mbps, LTE-A (2CA) Cat6 300/50 Mbps","2016, November","Available. Released 2016, November",154.2 x 76.4 x 7.4 mm (6.07 x 3.01 x 0.29 in),168.2 g (5.93 oz),"Hybrid Dual SIM (Nano-SIM, dual stand-by)",24-bit/192kHz audio,"LTPS IPS LCD capacitive touchscreen, 16M colors","5.5 inches, 83.4 cm2 (~70.8% screen-to-body ratio)","1080 x 1920 pixels, 16:9 ratio (~401 ppi density)",Corning Gorilla Glass 4,"Android 6.0.1 (Marshmallow), Amigo 3.5",Mediatek MT6755 Helio P10 (28 nm),Octa-core (4x2.0 GHz Cortex-A53 & 4x1.0 GHz Cortex-A53),Mali-T860MP2,microSDXC (uses shared SIM slot),64GB 4GB RAM,13 MP,"LED flash, panorama, HDR",1080p@30fps,,,Yes,Yes,"Wi-Fi 802.11 b/g/n, Wi-Fi Direct, hotspot","4.0, A2DP","Yes, with A-GPS",,,FM radio,"microUSB 2.0, USB On-The-Go","Fingerprint (rear-mounted), accelerometer, proximity, compass","Li-Ion 3000 mAh, non-removable","Black, Gold, Rose Gold",About 370 EUR,,,,,,,,,,"13 MP, PDAF 5 MP, f/2.4, (depth)",,,,,,,,,,,,,,,,,,,,,,
gionee,Gionee P7,https://fdn2.gsmarena.com/vv/bigpic/gionee-p7.jpg,GSM / HSPA / EVDO / LTE,GSM 850 / 900 / 1800 / 1900 - SIM 1 & SIM 2,CDMA2000 1xEV-DO / TD-SCDMA,HSDPA 850 / 900 / 1900 / 2100,,LTE (unspecified),"HSPA 42.2/5.76 Mbps, LTE","2016, December","Available. Released 2016, December",-,167 g (5.89 oz),Dual SIM,,"IPS LCD capacitive touchscreen, 16M colors","5.0 inches, 68.9 cm2","720 x 1280 pixels, 16:9 ratio (~294 ppi density)",S,"Android 6.0 (Marshmallow), Amigo 3.2",,Quad-core 1.3 GHz,,microSDXC,16GB 2GB RAM,"8 MP, AF","LED flash, panorama, HDR",1080p@30fps,5 MP,,Yes,Yes,"Wi-Fi 802.11 b/g/n, Wi-Fi Direct, hotspot","4.0, A2DP","Yes, with A-GPS",,,FM radio,"microUSB 2.0, USB On-The-Go","Accelerometer, proximity","Li-Ion 2300 mAh, non-removable","White, Latte Gold, Grаy",About 140 EUR,,,,,,,,,,,,,P7,,,,,,,,,,,,,,,,,,,
gionee,Gionee P7 Max,https://fdn2.gsmarena.com/vv/bigpic/gionee-p7-max-r.jpg,GSM / HSPA / LTE,GSM 850 / 900 / 1800 / 1900 - SIM 1 & SIM 2,,HSDPA,,LTE (unspecified),"HSPA 42.2/5.76 Mbps, LTE Cat4 150/50 Mbps","2016, October","Available. Released 2016, October",154 x 76.8 x 8.8 mm (6.06 x 3.02 x 0.35 in),183 g (6.46 oz),Dual SIM,,"IPS LCD capacitive touchscreen, 16M colors","5.5 inches, 83.4 cm2 (~70.5% screen-to-body ratio)","720 x 1280 pixels, 16:9 ratio (~267 ppi density)",,"Android 6.0 (Marshmallow), Amigo 3.2",Mediatek MT6595,Octa-core 2.2 GHz,PowerVR G6200,microSDXC,32GB 3GB RAM,"13 MP, AF","LED flash, HDR, panorama",1080p@30fps,5 MP,,Yes,Yes,"Wi-Fi 802.11 b/g/n, Wi-Fi Direct, hotspot","4.0, A2DP","Yes, with A-GPS",,,FM radio,microUSB 2.0,"Accelerometer, proximity, compass","Li-Ion 3100 mAh, removable",Gold,About 190 EUR,,,,,,,,,,,,,,Yes,Yes,,,,,,,,,,,,,,,,,
gionee,Gionee F103 Pro,https://fdn2.gsmarena.com/vv/bigpic/gionee-f103-pro.jpg,GSM / HSPA / LTE,GSM 850 / 900 / 1800 / 1900 - SIM 1 & SIM 2,,HSDPA 900 / 1900 / 2100,,"3, 5, 40","HSPA 42.2/5.76 Mbps, LTE Cat4 150/50 Mbps","2016, September","Available. Released 2016, October",145.3 x 70.5 x 8.5 mm (5.72 x 2.78 x 0.33 in),143 g (5.04 oz),"Dual SIM (Micro-SIM, dual stand-by)",,"IPS LCD capacitive touchscreen, 16M colors","5.0 inches, 68.9 cm2 (~67.3% screen-to-body ratio)","720 x 1280 pixels, 16:9 ratio (~294 ppi density)",Asahi Dragontrail Glass,"Android 6.0 (Marshmallow), Amigo 3.2",,Quad-core 1.3 GHz,,No,16GB 3GB RAM,"13 MP, AF","LED flash, HDR, panorama",1080p@30fps,5 MP,,Yes,Yes,"Wi-Fi 802.11 b/g/n, Wi-Fi Direct, hotspot","4.0, A2DP","Yes, with A-GPS",,,FM radio,"microUSB 2.0, USB On-The-Go","Accelerometer, proximity, compass","Li-Po 2400 mAh, removable","Gold, White, Gray",,Up to 387 h (3G),Up to 13 h 20 min (3G),0.54 W/kg (head)     0.75 W/kg (body),,,,,,,,,,F103 Pro,,,,,,,,,,,,,,,,,,,
gionee,Gionee S6s,https://fdn2.gsmarena.com/vv/bigpic/gionee-s6s.jpg,GSM / HSPA / LTE,GSM 850 / 900 / 1800 / 1900 - SIM 1 & SIM 2,,HSDPA 900 / 1900 / 2100,,"3, 5, 40","HSPA 42.2/5.76 Mbps, LTE Cat4 150/50 Mbps","2016, August","Available. Released 2016, August",154.5 x 75.6 x 8.3 mm (6.08 x 2.98 x 0.33 in),166 g (5.86 oz),"Hybrid Dual SIM (Nano-SIM/ Micro-SIM, dual stand-by)",,"IPS LCD capacitive touchscreen, 16M colors","5.5 inches, 83.4 cm2 (~71.4% screen-to-body ratio)","1080 x 1920 pixels, 16:9 ratio (~401 ppi density)",Corning Gorilla Glass 3,"Android 6.0 (Marshmallow), upgradable to 7.0 (Nougat), Amigo 3.2",Mediatek MT6753 (28 nm),Octa-core 1.3 GHz Cortex-A53,Mali-T720MP3,microSDXC (uses shared SIM slot),32GB 3GB RAM,"13 MP, f/2.0, 1/3.1"", 1.12µm, PDAF","LED flash, panorama, HDR",1080p@30fps,"8 MP, f/2.2",,Yes,Yes,"Wi-Fi 802.11 b/g/n, Wi-Fi Direct, hotspot","4.0, A2DP","Yes, with A-GPS",,,FM radio,"2.0, Type-C 1.0 reversible connector","Fingerprint (rear-mounted), accelerometer, proximity, compass","Li-Po 3150 mAh, non-removable","Mocha Gold, Latte Gold",About 280 EUR,Up to 400 h (2G) / Up to 394 h (3G),Up to 23 h (2G) / Up to 11 h 30 min (3G),0.26 W/kg (head)     0.47 W/kg (body),,,,,,,,,,S6s,,,,LED flash,,,,,,,,,,,,,,,
gionee,Gionee M6 Plus,https://fdn2.gsmarena.com/vv/bigpic/gionee-m6-plus.jpg,GSM / HSPA / EVDO / LTE,GSM 850 / 900 / 1800 / 1900 - SIM 1 & SIM 2,CDMA2000 1xEV-DO / TD-SCDMA,HSDPA 850 / 900 / 1900 / 2100,eMMC 5.1,"1, 3, 7, 38, 39, 40, 41","HSPA 42.2/5.76 Mbps, LTE-A (2CA) Cat6 300/50 Mbps","2016, July","Available. Released 2016, September",160.5 x 80.6 x 8.2 mm (6.32 x 3.17 x 0.32 in),215 g (7.58 oz),"Dual SIM (Micro-SIM, dual stand-by)",,"AMOLED capacitive touchscreen, 16M colors","6.0 inches, 99.2 cm2 (~76.7% screen-to-body ratio)","1080 x 1920 pixels, 16:9 ratio (~367 ppi density)",,"Android 6.0 (Marshmallow), Amigo 3.5",Mediatek MT6755 Helio P10 (28 nm),Octa-core (4x2.0 GHz Cortex-A53 & 4x1.0 GHz Cortex-A53),Mali-T860MP2,microSDXC (dedicated slot),"64GB 4GB RAM, 128GB 4GB RAM","16 MP, f/1.8, PDAF","Dual-LED flash, panorama, HDR",1080p@30fps,"8 MP, f/2.2, 1/4"", 1.12µm",,Yes,No,"Wi-Fi 802.11 b/g/n, Wi-Fi Direct, hotspot","4.0, A2DP","Yes, with A-GPS",,Yes,"FM radio, RDS, recording","microUSB 2.0, USB On-The-Go","Fingerprint (rear-mounted), accelerometer, gyro, proximity, compass","Li-Po 6020 mAh, non-removable",Champagne,,,,,,,,,,,,,Charging 10W Reverse charging,GN8002S,,,,,,,,,,,,,,,,,,,
gionee,Gionee M6,https://fdn2.gsmarena.com/vv/bigpic/gionee-m6.jpg,GSM / HSPA / EVDO / LTE,GSM 850 / 900 / 1800 / 1900 - SIM 1 & SIM 2,CDMA2000 1xEV-DO / TD-SCDMA,HSDPA 850 / 900 / 1900 / 2100,eMMC 5.1,"1, 3, 7, 38, 39, 40, 41","HSPA 42.2/5.76 Mbps, LTE-A (2CA) Cat6 300/50 Mbps","2016, July","Available. Released 2016, September",152.3 x 75.3 x 8.2 mm (6.00 x 2.96 x 0.32 in),180 g (6.35 oz),"Dual SIM (Micro-SIM, dual stand-by)",,"AMOLED capacitive touchscreen, 16M colors","5.5 inches, 83.4 cm2 (~72.7% screen-to-body ratio)","1080 x 1920 pixels, 16:9 ratio (~401 ppi density)",,"Android 6.0 (Marshmallow), Amigo 3.5",Mediatek MT6755 Helio P10 (28 nm),Octa-core (4x1.8 GHz Cortex-A53 & 4x1.0 GHz Cortex-A53),Mali-T860MP2,microSDXC (dedicated slot),"64GB 4GB RAM, 128GB 4GB RAM","13 MP, f/2.0, 1/3.1"", 1.12µm, PDAF","Dual-LED flash, panorama, HDR",1080p@30fps,"8 MP, f/2.2, 1/4"", 1.12µm",,Yes,Yes,"Wi-Fi 802.11 b/g/n, Wi-Fi Direct, hotspot","4.0, A2DP","Yes, with A-GPS",,Yes,"FM radio, RDS, recording","microUSB 2.0, USB On-The-Go","Fingerprint (rear-mounted), accelerometer, gyro, proximity, compass","Li-Po 5000 mAh, non-removable","Champagne, Gold",,,,,,,,,,,,,Charging 10W Reverse charging,"M6, GN8003",,,,,,,,,,,,,,,,,,,
gionee,Gionee S6 Pro,https://fdn2.gsmarena.com/vv/bigpic/gionee-s6-pro.jpg,GSM / HSPA / EVDO / LTE,GSM 850 / 900 / 1800 / 1900 - SIM 1 & SIM 2,CDMA2000 1xEV-DO / TD-SCDMA,HSDPA 850 / 900 / 1900 / 2100,eMMC 5.1,"1, 3, 7, 38, 39, 40, 41","HSPA 42.2/5.76 Mbps, LTE-A (2CA) Cat6 300/50 Mbps","2016, June","Available. Released 2016, June",153 x 75.3 x 7.6 mm (6.02 x 2.96 x 0.30 in),170 g (6.00 oz),"Hybrid Dual SIM (Nano-SIM/ Micro-SIM, dual stand-by)",,"IPS LCD capacitive touchscreen, 16M colors","5.5 inches, 83.4 cm2 (~72.4% screen-to-body ratio)","1080 x 1920 pixels, 16:9 ratio (~401 ppi density)",,"Android 6.0.1 (Marshmallow), Amigo 3.2",Mediatek MT6755 Helio P10 (28 nm),Octa-core (4x1.8 GHz Cortex-A53 & 4x1.0 GHz Cortex-A53),Mali-T860MP2,microSDXC (uses shared SIM slot),64GB 4GB RAM,"13 MP, f/2.0, PDAF","LED flash, panorama, HDR",1080p@30fps,8 MP,,Yes,Yes,"Wi-Fi 802.11 b/g/n, Wi-Fi Direct, hotspot","4.0, A2DP","Yes, with A-GPS",,,FM radio,"2.0, Type-C 1.0 reversible connector, USB On-The-Go","Fingerprint (rear-mounted), accelerometer, gyro, proximity, compass","Li-Po 3130 mAh, non-removable","Gold, Silver, Rose Gold",About 390 EUR,Up to 558 h (3G),Up to 38 h 30 min (3G),,,,,,,,,,,S6 Pro,,,,,,,,,,,,,,,,,,,
gionee,Gionee P5 Mini,https://fdn2.gsmarena.com/vv/bigpic/gionee-p5-mini-.jpg,GSM / HSPA,GSM 850 / 900 / 1800 / 1900 - SIM 1 & SIM 2,,HSDPA 900 / 2100,,,HSPA,"2016, March","Available. Released 2016, April",132 x 66 x 9.1 mm (5.20 x 2.60 x 0.36 in),153 g (5.40 oz),Dual SIM,,"IPS LCD capacitive touchscreen, 16M colors","4.5 inches, 55.8 cm2 (~64.1% screen-to-body ratio)","480 x 854 pixels, 16:9 ratio (~218 ppi density)",,Android 5.0 (Lollipop),Mediatek MT6580M (28 nm),Quad-core 1.3 GHz Cortex-A7,Mali-400MP2,microSDHC (dedicated slot),8GB 1GB RAM,"5 MP, AF",LED flash,Yes,2 MP,,Yes,Yes,"Wi-Fi 802.11 b/g/n, hotspot","4.0, A2DP","Yes, with A-GPS",,,FM radio,microUSB 2.0,Accelerometer,"Li-Ion 1800 mAh, removable","White, Black, Blue",About 90 EUR,,,,,,,,,,,,,P5 mini,,,,,,,,,,,,,,,,,,,
gionee,Gionee W909,https://fdn2.gsmarena.com/vv/bigpic/gionee-w909-.jpg,GSM / HSPA / LTE,GSM 900 / 1800 / 1900,"External IPS LCD capacitive touchscreen, 16M colors 720 x 1280 pixels, 4.2 inches",HSDPA,eMMC 5.1,LTE (unspecified),"HSPA 42.2/5.76 Mbps, LTE","2016, March","Available. Released 2016, June",124.1 x 62.8 x 16.5 mm (4.89 x 2.47 x 0.65 in),207.7 g (7.41 oz),Micro-SIM,,"IPS LCD capacitive touchscreen, 16M colors","4.2 inches, 48.6 cm2 (~62.4% screen-to-body ratio)","720 x 1280 pixels, 16:9 ratio (~350 ppi density)",,Android 5.1 (Lollipop),Mediatek MT6755 Helio P10 (28 nm),Octa-core (4x2.0 GHz Cortex-A53 & 4x1.0 GHz Cortex-A53),Mali-T860MP2,microSDXC (dedicated slot),64GB 4GB RAM,"16 MP, AF","LED flash, panorama, HDR",1080p@30fps,5 MP,,Yes,Yes,"Wi-Fi 802.11 b/g/n, Wi-Fi Direct, hotspot","4.0, A2DP, LE","Yes, with A-GPS",,,FM radio,Type-C 1.0 reversible connector,"Fingerprint (rear-mounted), accelerometer, proximity","Li-Ion 2530 mAh, non-removable",Rose gold/Black,About 550 EUR,,,,,,,,,,,,,,Yes,Yes,,,,,,,,,,,,,,,,,
gionee,Gionee S8,https://fdn2.gsmarena.com/vv/bigpic/gionee-elife-s8.jpg,GSM / HSPA / LTE,GSM 850 / 900 / 1800 / 1900 - SIM 1 & SIM 2,3D Touch display,HSDPA 850 / 900 / 2100,eMMC 5.1,"3, 7, 38, 39, 40","HSPA 42.2/5.76 Mbps, LTE-A (2CA) Cat6 300/50 Mbps","2016, February","Available. Released 2016, June",154.3 x 74.9 x 7 mm (6.07 x 2.95 x 0.28 in),147.2 g (5.19 oz),"Hybrid Dual SIM (Micro-SIM/Nano-SIM, dual stand-by)",24-bit/192kHz audio,"AMOLED capacitive touchscreen, 16M colors","5.5 inches, 83.4 cm2 (~72.2% screen-to-body ratio)","1080 x 1920 pixels, 16:9 ratio (~401 ppi density)",Corning Gorilla Glass 4,"Android 6.0.1 (Marshmallow), Amigo 3.2",Mediatek MT6755 Helio P10 (28 nm),Octa-core (4x1.9 GHz Cortex-A53 & 4x1.0 GHz Cortex-A53),Mali-T860MP2,microSDXC (uses shared SIM slot),64GB 4GB RAM,"16 MP, f/1.8, PDAF, Laser AF","LED flash, panorama, HDR",1080p@30fps,"8 MP, 1/4""",,Yes,Yes,"Wi-Fi 802.11 b/g/n, Wi-Fi Direct, hotspot","4.0, A2DP","Yes, with A-GPS",,,FM radio,"microUSB 2.0, USB On-The-Go","Fingerprint (rear-mounted), accelerometer, proximity, compass","Li-Ion 3000 mAh, non-removable","Gray, Gold, Rose Gold",About 450 EUR,,,,,,,,,,,,,,,,,,,,,,,,,,,,,,,,
gionee,Gionee Marathon M5 mini,https://fdn2.gsmarena.com/vv/bigpic/Gionee-M5-Mini-.jpg,GSM / HSPA,GSM 850 / 900 / 1800 / 1900 - SIM 1 & SIM 2,,HSDPA 900 / 1900 / 2100,,,HSPA,"2016, January","Available. Released 2016, February",143.5 x 71 x 9.6 mm (5.65 x 2.80 x 0.38 in),-,"Dual SIM (Micro-SIM, dual stand-by)",,"IPS LCD capacitive touchscreen, 16M colors","5.0 inches, 68.9 cm2 (~67.6% screen-to-body ratio)","720 x 1280 pixels, 16:9 ratio (~294 ppi density)",,"Android 5.1 (Lollipop), Amigo 3.1",Mediatek MT6580 (28 nm),Quad-core 1.3 GHz Cortex-A7,Mali-400MP2,microSDXC (dedicated slot),16GB 2GB RAM,"8 MP, AF","LED flash, panorama, HDR",Yes,5 MP,,Yes,Yes,"Wi-Fi 802.11 b/g/n, Wi-Fi Direct, hotspot","4.0, A2DP","Yes, with A-GPS",,Yes,FM radio,"microUSB 2.0, USB On-The-Go",Yes,"Li-Po 4000 mAh, non-removable","White, Gold, Black",About 120 EUR,,Up to 18 h (3G),,,,,,,,,,Reverse charging,M5 mini,,,,,,,,,,,,,,,,,,,
gionee,Gionee Marathon M5 enjoy,https://fdn2.gsmarena.com/vv/bigpic/gionee-marathon-m5-e.jpg,GSM / CDMA / HSPA / LTE,GSM 850 / 900 / 1800 / 1900 - SIM 1 & SIM 2,CDMA 800,HSDPA 850 / 900 / 1900 / 2100,TD-SCDMA,"1, 3, 7, 38, 39, 40, 41","HSPA, LTE","2015, December. Released 2015, December",Discontinued,155 x 76 x 9 mm (6.10 x 2.99 x 0.35 in),200 g (7.05 oz),"Dual SIM (Micro-SIM, dual stand-by)",,"TFT capacitive touchscreen, 16M colors","5.5 inches, 83.4 cm2 (~70.8% screen-to-body ratio)","720 x 1280 pixels, 16:9 ratio (~267 ppi density)",,"Android 5.1 (Lollipop), Amigo 3.1",Mediatek MT6735 (28 nm),Quad-core 1.0 GHz Cortex-A53,Mali-T720MP2,microSDXC (dedicated slot),16GB 3GB RAM,"8 MP, AF","LED flash, panorama, HDR",1080p@30fps,5 MP,,Yes,Yes,"Wi-Fi 802.11 b/g/n, Wi-Fi Direct, hotspot","4.0, A2DP","Yes, with A-GPS",,,FM radio,microUSB 2.0,"Fingerprint (front-mounted), accelerometer, proximity, compass","Li-Po 5000 mAh, non-removable","White, Gold",About 340 EUR,Up to 775 h,Up to 52 h,,,,,,,,,,,,,,,,,,,,,,,,,,,,,,
gionee,Gionee Marathon M5 Plus,https://fdn2.gsmarena.com/vv/bigpic/gionee-m5-plus.jpg,GSM / CDMA / HSPA / LTE,GSM 850 / 900 / 1800 / 1900 - SIM 1 & SIM 2,CDMA 800,HSDPA 850 / 900 / 1900 / 2100,TD-SCDMA,"1, 3, 7, 38, 39, 40, 41","HSPA, LTE","2015, December. Released 2015, December",Discontinued,160.9 x 81.2 x 8.4 mm (6.33 x 3.20 x 0.33 in),208 g (7.34 oz),"Dual SIM (Micro-SIM, dual stand-by)",,"AMOLED capacitive touchscreen, 16M colors","6.0 inches, 98.7 cm2 (~75.5% screen-to-body ratio)","1080 x 1920 pixels, 16:9 ratio (~368 ppi density)",,"Android 5.1 (Lollipop), Amigo 3.1",Mediatek MT6753 (28 nm),Octa-core 1.3 GHz Cortex-A53,Mali-T720MP3,microSDXC (dedicated slot),64GB 3GB RAM,"13 MP, f/2.2, PDAF","LED flash, panorama, HDR",1080p@30fps,5 MP,,Yes,Yes,"Wi-Fi 802.11 b/g/n, Wi-Fi Direct, hotspot","4.0, A2DP","Yes, with A-GPS",,,FM radio,Type-C 1.0 reversible connector,"Fingerprint (front-mounted), accelerometer, proximity, compass","Li-Po 5020 mAh, non-removable","White, Gold",About 420 EUR,Up to 829 h,Up to 53 h,,,,,,,,,,,"M5 Plus, GN8001",,,,,,,,,,,,,,,,,,,
gionee,Gionee Marathon M5 lite,https://fdn2.gsmarena.com/vv/bigpic/gionee-marathon-m5-lite.jpg,GSM / HSPA / LTE,GSM 850 / 900 / 1800 / 1900 - SIM 1 & SIM 2,,HSDPA 900 / 1900 / 2100,,"1, 3, 7, 40","HSPA 42.2/11.5 Mbps, LTE Cat4 150/50 Mbps","2015, December","Available. Released 2016, January",143 x 69.9 x 8.5 mm (5.63 x 2.75 x 0.33 in),183 g (6.46 oz),Dual SIM,,"IPS LCD capacitive touchscreen, 16M colors","5.0 inches, 68.9 cm2 (~68.9% screen-to-body ratio)","720 x 1280 pixels, 16:9 ratio (~294 ppi density)",Asahi Dragontrail Glass,"Android 5.1 (Lollipop), Amigo 3.1",Mediatek MT6735 (28 nm),Quad-core 1.3 GHz Cortex-A53,Mali-T720MP2,microSDXC (dedicated slot),32GB 3GB RAM,"8 MP, AF","LED flash, panorama, HDR",1080p@30fps,5 MP,,"Yes, with stereo speakers",Yes,"Wi-Fi 802.11 b/g/n, Wi-Fi Direct, hotspot","4.0, A2DP","Yes, with A-GPS",,,FM radio,microUSB 2.0,"Accelerometer, proximity, compass","Li-Po 4000 mAh, non-removable","Gold, Gray",About 170 EUR,Up to 450 h (2G) / Up to 400 h (3G),Up to 33 h (2G) / Up to 19 h (3G),,,,,,,,,,,M5_lite,,,0.38 W/kg (head)     0.54 W/kg (body),,,,,,,,,,,,,,,,
gionee,Gionee Pioneer P5W,https://fdn2.gsmarena.com/vv/bigpic/gionee-p5w-.jpg,GSM / HSPA,GSM 850 / 900 / 1800 / 1900 - SIM 1 & SIM 2,,HSDPA 900 / 1900 / 2100,,,HSPA,"2015, December","Available. Released 2016, January",143.3 x 72 x 8.9 mm (5.64 x 2.83 x 0.35 in),153 g (5.40 oz),Dual SIM,,"IPS LCD capacitive touchscreen, 16M colors","5.0 inches, 68.9 cm2 (~66.8% screen-to-body ratio)","720 x 1280 pixels, 16:9 ratio (~294 ppi density)",,Android 5.1 (Lollipop),Mediatek MT6735 (28 nm),Quad-core 1.3 GHz Cortex-A53,Mali-T720MP2,microSDHC (dedicated slot),16GB 1GB RAM,"5 MP, AF",LED flash,1080p@30fps,2 MP,,Yes,Yes,"Wi-Fi 802.11 b/g/n, Wi-Fi Direct, hotspot","4.0, A2DP","Yes, with A-GPS",,,FM radio,microUSB 2.0,"Accelerometer, proximity","Li-Ion 2000 mAh, removable","White, Blue, Red, Yellow, Black",About 90 EUR,,,,,,,,,,,,,P5W,,,,,,,,,,,,,,,,,,,
gionee,Gionee S6,https://fdn2.gsmarena.com/vv/bigpic/gionee-elife-s6.jpg,GSM / HSPA / LTE,GSM 850 / 900 / 1800 / 1900 - SIM 1 & SIM 2,,HSDPA,,LTE (unspecified),"HSPA, LTE Cat4 150/50 Mbps","2015, November. Released 2015, November",Discontinued,151.9 x 74.6 x 6.9 mm (5.98 x 2.94 x 0.27 in),147 g (5.19 oz),"Hybrid Dual SIM (Nano-SIM/ Micro-SIM, dual stand-by)",,"AMOLED capacitive touchscreen, 16M colors","5.5 inches, 83.4 cm2 (~73.6% screen-to-body ratio)","720 x 1280 pixels, 16:9 ratio (~267 ppi density)",,"Android 5.1.1 (Lollipop), Amigo 3.1",Mediatek MT6753 (28 nm),Octa-core 1.3 GHz Cortex-A53,Mali-T720MP3,microSDXC (uses shared SIM slot),32GB 3GB RAM,"13 MP, f/2.0, AF","LED flash, panorama, HDR",1080p@30fps,5 MP,,Yes,Yes,"Wi-Fi 802.11 b/g/n, Wi-Fi Direct, hotspot","4.0, A2DP","Yes, with A-GPS",,,FM radio,"2.0, Type-C 1.0 reversible connector",Yes,"Li-Ion 3150 mAh, non-removable",Gold,About 290 EUR,,,,,,,,,,,,,S6,Yes,Yes,,,,,,,,,,,,,,,,,
gionee,Gionee Elife S Plus,https://fdn2.gsmarena.com/vv/bigpic/gionee-elife-s-plus-.jpg,GSM / HSPA / LTE,GSM 850 / 900 / 1800 / 1900 - SIM 1 & SIM 2,,HSDPA 900 / 1900 / 2100,,"3, 40","HSPA, LTE Cat4 150/50 Mbps","2015, November. Released 2015, December",Discontinued,155 x 76.4 x 7.5 mm (6.10 x 3.01 x 0.30 in),158 g (5.57 oz),Dual SIM,,"AMOLED capacitive touchscreen, 16M colors","5.5 inches, 83.4 cm2 (~70.4% screen-to-body ratio)","720 x 1280 pixels, 16:9 ratio (~267 ppi density)",Corning Gorilla Glass 3,"Android 5.1.1 (Lollipop), Amigo OS 3.1",Mediatek MT6753 (28 nm),Octa-core 1.3 GHz Cortex-A53,Mali-T720MP3,microSDXC (dedicated slot),16GB 3GB RAM,"13 MP, f/2.0, AF","LED flash, panorama, HDR",1080p@30fps,5 MP,,Yes,Yes,"Wi-Fi 802.11 b/g/n, Wi-Fi Direct, hotspot","4.0, A2DP","Yes, with A-GPS",,,FM radio,"2.0, Type-C 1.0 reversible connector","Accelerometer, proximity, compass","Li-Ion 3150 mAh, removable","White, Gold, Dark Blue",,Up to 315 h (2G) / Up to 252 h (3G),Up to 21 h (2G) / Up to 9 h (3G),0.80 W/kg (head)     0.42 W/kg (body),,,,,,,,,,,,,,,,,,,,,,,,,,,,,
gionee,Gionee F103,https://fdn2.gsmarena.com/vv/bigpic/gionee-f103.jpg,GSM / HSPA / LTE,GSM 850 / 900 / 1800 / 1900 - SIM 1 & SIM 2,,HSDPA 900 / 1900 / 2100,,"3, 40","HSPA, LTE","2015, September. Released 2015, October",Discontinued,143 x 70.3 x 8 mm (5.63 x 2.77 x 0.31 in),136.6 g (4.83 oz),Dual SIM (dual stand-by),,"IPS LCD capacitive touchscreen, 16M colors","5.0 inches, 68.9 cm2 (~68.6% screen-to-body ratio)","720 x 1280 pixels, 16:9 ratio (~294 ppi density)",,"Android 5 (Lollipop), Amigo 3",Mediatek MT6735 (28 nm),Quad-core 1.3 GHz Cortex-A53,Mali-T720MP2,microSDHC (dedicated slot),16GB 2GB RAM,"8 MP, AF","LED flash, panorama, HDR",720p@30fps,5 MP,,Yes,Yes,"Wi-Fi 802.11 b/g/n, Wi-Fi Direct, hotspot","2.0, A2DP","Yes, with A-GPS",,,FM radio,"microUSB 2.0, USB On-The-Go","Accelerometer, proximity, compass","Li-Ion 2400 mAh, removable","Pearl White, Dawn White & black",About 130 EUR,Up to 240 h (2G) / Up to 267 h (3G),Up to 28 h (2G) / Up to 11 h (3G),0.77 W/kg (head)     0.85 W/kg (body),,,,,,,,,,F103,,,,,,,,,,,,,,,,,,,
gionee,Gionee Elife E8,https://fdn2.gsmarena.com/vv/bigpic/gionee-elife-e8-new1.jpg,GSM / HSPA / LTE,GSM 850 / 900 / 1800 / 1900 - SIM 1 & SIM 2,eMMC 5.0,HSDPA 900 / 1900 / 2100,24-bit/192kHz audio,"1, 3, 7, 20, 38, 39, 40, 41","HSPA, LTE Cat4 150/50 Mbps","2015, June. Released 2015, October",Discontinued,164 x 82.3 x 9.6 mm (6.46 x 3.24 x 0.38 in),210 g (7.41 oz),"Dual SIM (Micro-SIM, dual stand-by)",,"AMOLED capacitive touchscreen, 16M colors","6.0 inches, 99.2 cm2 (~73.5% screen-to-body ratio)","1440 x 2560 pixels, 16:9 ratio (~490 ppi density)",,"Android 5.1 (Lollipop), Amigo 3.1",Mediatek MT6795 Helio X10 (28 nm),Octa-core 2.0 GHz Cortex-A53,PowerVR G6200,microSDXC (dedicated slot),64GB 3GB RAM,"24 MP, f/2.0, PDAF, OIS","Dual-LED dual-tone flash, panorama, HDR",4K@30fps,"8 MP, AF",,"Yes, with stereo speakers",Yes,"Wi-Fi 802.11 a/b/g/n/ac, dual-band, Wi-Fi Direct, hotspot","4.0, A2DP, EDR","Yes, with A-GPS",Yes,,"FM radio, recording","microUSB 2.0, USB On-The-Go","Fingerprint (rear-mounted), accelerometer, gyro, proximity, compass","Li-Po 3500 mAh, non-removable",Gold,About 480 EUR,Up to 437 h (2G) / Up to 500 h (3G),Up to 39 h (2G) / Up to 20 h (3G),,,,,,,,,,,,,,,,,,,,,,,,,,,,,,
gionee,Gionee S5.1 Pro,https://fdn2.gsmarena.com/vv/bigpic/gionee-s51-pro.jpg,GSM / HSPA / LTE,GSM 850 / 900 / 1800 / 1900 - SIM 1 & SIM 2,TD-SCDMA,HSDPA 850 / 900 / 1900 / 2100,,LTE (unspecified),"HSPA, LTE Cat4 150/50 Mbps","2015, September. Released 2015, November",Discontinued,145.1 x 70 x 6.4 mm (5.71 x 2.76 x 0.25 in),129 g (4.55 oz),"Hybrid Dual SIM (Micro-SIM, nano-SIM, dual stand-by)",,"AMOLED capacitive touchscreen, 16M colors","5.0 inches, 68.9 cm2 (~67.9% screen-to-body ratio)","720 x 1280 pixels, 16:9 ratio (~294 ppi density)",Corning Gorilla Glass 4,"Android 5.1.1 (Lollipop), Amigo 3",Mediatek MT6753 (28 nm),Octa-core 1.3 GHz Cortex-A53,Mali-T720MP3,microSDXC (uses shared SIM slot),16GB 2GB RAM,"13 MP, f/2.0, AF","LED flash, panorama, HDR",1080p@30fps,8 MP,,Yes,Yes,"Wi-Fi 802.11 a/b/g/n/ac, hotspot, Wi-Fi Direct","4.0, A2DP, LE","Yes, with A-GPS",,,FM radio,"microUSB 2.0, USB On-The-Go","Accelerometer, gyro, proximity, compass","Li-Ion 2400 mAh, non-removable",White,,,,,,,,,,,,,,,,,,,,,,,,,,,,,,,,,
gionee,Gionee Marathon M4,https://fdn2.gsmarena.com/vv/bigpic/gionee-marathon-m4.jpg,GSM / HSPA / LTE,GSM 850 / 900 / 1800 / 1900 - SIM 1 & SIM 2,,HSDPA 900 / 1900 / 2100,,"3, 40","HSPA, LTE","2015, August. Released 2015, August",Discontinued,144.7 x 71.2 x 10.2 mm (5.70 x 2.80 x 0.40 in),176 g (6.21 oz),Dual SIM,,"Super AMOLED capacitive touchscreen, 16M colors","5.0 inches, 68.9 cm2 (~66.9% screen-to-body ratio)","720 x 1280 pixels, 16:9 ratio (~294 ppi density)",,"Android 5 (Lollipop), Amigo 3",,Quad-core 1.3 GHz Cortex-A7,Mali-400,microSDHC (dedicated slot),16GB 2GB RAM,"8 MP, AF","LED flash, panorama",1080p@30fps,5 MP,,Yes,Yes,"Wi-Fi 802.11 b/g/n, Wi-Fi Direct, hotspot","2.0, A2DP","Yes, with A-GPS",,,FM radio,"microUSB 2.0, USB On-The-Go","Accelerometer, proximity, compass","Li-Ion 5000 mAh, non-removable","Black, White",About 220 EUR,Up to 225 h (2G) / Up to 400 h (3G),Up to 50 h (2G) / Up to 18 h (3G),0.85 W/kg (head)     0.73 W/kg (body),,,,,,,,,,,,,,,,,,,,,,,,,,,,,
gionee,Gionee Marathon M5,https://fdn2.gsmarena.com/vv/bigpic/gionee-marathon-m5-new.jpg,GSM / CDMA / HSPA / LTE,GSM 850 / 900 / 1800 / 1900 - SIM 1 & SIM 2,CDMA 800,HSDPA 900 / 1900 / 2100,,"1, 3, 7, 20, 38, 39, 40, 41","HSPA, LTE","2015, June. Released 2015, November",Discontinued,152 x 76 x 8.6 mm (5.98 x 2.99 x 0.34 in),211 g (7.44 oz),"Dual SIM (Micro-SIM, dual stand-by)",,"AMOLED capacitive touchscreen, 16M colors","5.5 inches, 83.4 cm2 (~72.2% screen-to-body ratio)","720 x 1280 pixels, 16:9 ratio (~267 ppi density)",Corning Gorilla Glass 3,"Android 5.1 (Lollipop), Amigo 3.1",Mediatek MT6735 (28 nm),Quad-core 1.3 GHz Cortex-A53,Mali-T720MP2,microSDXC (dedicated slot),32GB 3GB RAM,"13 MP, f/2.0, PDAF","LED flash, panorama, HDR",1080p@30fps,"5 MP, f/2.2",720p,Yes,Yes,"Wi-Fi 802.11 b/g/n, Wi-Fi Direct, hotspot","4.0, A2DP","Yes, with A-GPS",,Yes,"FM radio, RDS, recording","microUSB 2.0, USB On-The-Go","Accelerometer, proximity, compass","Li-Po 6020 mAh, non-removable","White, Gold, Black",About 330 EUR,Up to 684 h (2G) / Up to 557 h (3G),Up to 62 h (2G) / Up to 28 h (3G),,,,,,,,,,Reverse charging,,,,0.32 W/kg (head)     0.48 W/kg (body),,,,,,,,,,,,,,Endurance rating 148h,,
gionee,Gionee Pioneer P4S,https://fdn2.gsmarena.com/vv/bigpic/gionee-pioneer-p4.jpg,GSM / HSPA,GSM 850 / 900 / 1800 / 1900 - SIM 1 & SIM 2,,HSDPA 900 / 2100,,,HSPA,"2015, April. Released 2015, May",Discontinued,134.5 x 67.7 x 8.7 mm (5.30 x 2.67 x 0.34 in),-,Dual SIM (Dual stand-by),,"TFT capacitive touchscreen, 256K colors","4.5 inches, 55.8 cm2 (~61.3% screen-to-body ratio)","480 x 854 pixels, 16:9 ratio (~218 ppi density)",,Android 4.4 (KitKat),Mediatek MT6582 (28 nm),Quad-core 1.3 GHz Cortex-A7,Mali-400MP2,microSDHC (dedicated slot),8GB 1GB RAM,"5 MP, AF",LED flash,720p@30fps,2 MP,,Yes,Yes,"Wi-Fi 802.11 b/g/n, hotspot",2.0,"Yes, with A-GPS",,,"FM radio, recording",microUSB,"Accelerometer, proximity, compass","Li-Po 1800 mAh, removable","Black, White",About 120 EUR,,,,,,,,,,,,,,,,,,,,,,,,,,,,,,,,
gionee,Gionee Elife S7,https://fdn2.gsmarena.com/vv/bigpic/Gionee-Elife-S7.jpg,GSM / HSPA / LTE,GSM 850 / 900 / 1800 / 1900 - SIM 1 & SIM 2,,HSDPA 850 / 900 / 2100,,"3, 7, 38, 39, 40","HSPA, LTE","2015, March. Released 2015, April",Discontinued,148.8 x 72.4 x 5.5 mm (5.86 x 2.85 x 0.22 in),125.3 g (4.41 oz),"Dual SIM (Micro-SIM, dual stand-by)",,"Super AMOLED capacitive touchscreen, 16M colors","5.2 inches, 74.5 cm2 (~69.2% screen-to-body ratio)","1080 x 1920 pixels, 16:9 ratio (~424 ppi density)",Corning Gorilla Glass 3,"Android 5 (Lollipop), Amigo OS 3",Mediatek MT6752 (28 nm),Octa-core 1.7 GHz Cortex-A53,Mali-T760MP2,No,16GB 2GB RAM,"13 MP, f/2.0 AF","LED flash, panorama, HDR",1080p@30fps,"8 MP, 1/4""",,Yes,Yes,"Wi-Fi 802.11 b/g/n, Wi-Fi Direct, hotspot","4.0, A2DP","Yes, with A-GPS",,,FM radio,"microUSB 2.0, USB On-The-Go","Accelerometer, proximity, compass","Li-Ion 2700 mAh, non-removable","White, Black, Maldives Blue",About 400 EUR,Up to 270 h,Up to 24 h (2G) / Up to 15 h 30 min (3G),0.52 W/kg (head)     0.64 W/kg (body),,,,,,,,,,S7,,,,,,,,,,,,,,,,,,,
gionee,Gionee Pioneer P3S,https://fdn2.gsmarena.com/vv/bigpic/gionee-pioneer-p3s.jpg,GSM / HSPA,GSM 850 / 900 / 1800 / 1900,,HSDPA 900 / 1900 / 2100,,,HSPA,"2015, September. Released 2015, September",Discontinued,133 x 67.4 x 11.2 mm (5.24 x 2.65 x 0.44 in),161 g (5.68 oz),Dual SIM,,"IPS LCD capacitive touchscreen, 16M colors","4.5 inches, 57.6 cm2 (~64.3% screen-to-body ratio)","480 x 800 pixels, 5:3 ratio (~207 ppi density)",,"Android 5.1 (Lollipop), Amigo 3.1",Mediatek MT6580 (28 nm),Quad-core 1.3 GHz Cortex-A7,Mali-400MP2,microSDHC (dedicated slot),16GB 1GB RAM,"5 MP, AF","LED flash, panorama, HDR",720p@30fps,VGA,,Yes,Yes,"Wi-Fi 802.11 b/g/n, Wi-Fi Direct, hotspot","4.0, A2DP","Yes, with A-GPS",,,FM radio,microUSB 2.0,"Accelerometer, proximity, compass","Li-Ion 2000 mAh, removable","White, Gray, Red, Gold",,Up to 240 h (2G) / Up to 200 h (3G),Up to 22 h 30 min (2G) / Up to 9 h (3G),0.51 W/kg (head)     1.01 W/kg (body),,,,,,,,,,,,,,,,,,,,,,,,,,,,,
gionee,Gionee Pioneer P2M,https://fdn2.gsmarena.com/vv/bigpic/gionee-pioneer-p2m.jpg,GSM / HSPA,GSM 850 / 900 / 1800 / 1900,,HSDPA 900 / 2100,,,HSPA,"2015, June. Released 2015, June",Discontinued,124 x 62.5 x 10.9 mm (4.88 x 2.46 x 0.43 in),140 g (4.94 oz),Dual SIM,,"IPS LCD capacitive touchscreen, 16M colors","4.0 inches, 45.5 cm2 (~58.8% screen-to-body ratio)","480 x 800 pixels, 5:3 ratio (~233 ppi density)",,"Android 5.1 (Lollipop), Amigo 3",Mediatek MT6580 (28 nm),Quad-core 1.3 GHz Cortex-A7,Mali-400MP2,microSDHC (dedicated slot),16GB 1GB RAM,5 MP,"LED flash, HDR, panorama",720p,VGA,,Yes,Yes,"Wi-Fi 802.11 b/g/n, Wi-Fi Direct, hotspot","4.0, A2DP","Yes, with A-GPS",,,FM radio,microUSB 2.0,"Accelerometer, proximity, compass","Li-Ion 3000 mAh, removable","White, Gray, Gold",,Up to 340 h (2G) / Up to 300 h (3G),Up to 30 h (2G) / Up to 15 h (3G),1.06 W/kg (head)     1.36 W/kg (body),,,,,,,,,,,,,,,,,,,,,,,,,,,,,
gionee,Gionee Pioneer P2S,https://fdn2.gsmarena.com/vv/bigpic/gionee-pioneer-p2s.jpg,GSM / HSPA,GSM 850 / 900 / 1800 / 1900,,HSDPA 900 / 2100,,,HSPA,"2014, May. Released 2014, May",Discontinued,126 x 64 x 9.3 mm (4.96 x 2.52 x 0.37 in),124.8 g (4.41 oz),Dual SIM,,"TFT capacitive touchscreen, 16M colors","4.0 inches, 45.5 cm2 (~56.5% screen-to-body ratio)","480 x 800 pixels, 5:3 ratio (~233 ppi density)",,Android 4.2 (Jelly Bean),Mediatek MT6572W,Dual-core 1.3 GHz Cortex-A7,Mali-400,microSDHC (dedicated slot),4GB 512MB RAM,"5 MP, AF","LED flash, panorama",720p,VGA,,Yes,Yes,"Wi-Fi 802.11 b/g/n, Wi-Fi Direct, hotspot","4.0, A2DP","Yes, with A-GPS, GLONASS",,,FM radio,microUSB 2.0,"Accelerometer, proximity","Li-Ion 1600 mAh, removable","Black, White, Blue, Pink",,Up to 346 h (3G),Up to 12 h 30 min (2G) / Up to 9 h (3G),0.68 W/kg (head)     0.70 W/kg (body),,,,,,,,,,,,,,,,,,,,,,,,,,,,,
gionee,Gionee S96,https://fdn2.gsmarena.com/vv/bigpic/gionee-s96.jpg,GSM,GSM 900 / 1800 - SIM 1 & SIM 2,No,,Audio/video player,,,"2014, March. Released 2014, March",Discontinued,128 x 52.8 x 7.4 mm (5.04 x 2.08 x 0.29 in),81.3 g (2.86 oz),Dual SIM,,"TFT, 256K colors","2.6 inches, 20.9 cm2 (~31.0% screen-to-body ratio)","240 x 320 pixels, 4:3 ratio (~154 ppi density)",,,Mediatek MT6260,360 MHz,No,microSDHC (dedicated slot),"64MB RAM, 128MB",2 MP,LED flash,Yes,,,Yes,Yes,No,2.0,No,,,FM radio,microUSB,,"Li-Ion 700 mAh, removable","White, Gold, Grey",,Up to 206 h,Up to 8 h 20 min,0.56 W/kg (head)     0.52 W/kg (body),Yes,Yes,"SMS, MMS, IM",Downloadable,No,,,,,,Yes,No,,,,,,,,,,,,,,,,,
gionee,Gionee L800,https://fdn2.gsmarena.com/vv/bigpic/gionee-l800.jpg,GSM,GSM 900 / 1800 - SIM 1 & SIM 2,No,,Audio/video player,,,"2015, May. Released 2015, May",Discontinued,121 x 51 x 15.6 mm (4.76 x 2.01 x 0.61 in),123.4 g (4.34 oz),Dual SIM,,"TFT, 256K colors","2.6 inches, 20.9 cm2 (~33.9% screen-to-body ratio)","240 x 320 pixels, 4:3 ratio (~154 ppi density)",,,Mediatek MT6250,260 MHz,No,microSDHC (dedicated slot),"8MB RAM, 16MB",1.3 MP,,Yes,,,Yes,Yes,No,2.0,No,,,FM radio,microUSB,,"Li-Ion 3000 mAh, removable","Black, Gold",,Up to 675 h,Up to 45 h,0.88 W/kg (head),Yes,Yes,"SMS, MMS, IM",Downloadable,No,,,,,,Yes,No,,,,,,,,,,,,,,,,,
gionee,Gionee L700,https://fdn2.gsmarena.com/vv/bigpic/gionee-l700.jpg,GSM,GSM 900 / 1800 - SIM 1 & SIM 2,No,,Audio/video player,,,"2015, May. Released 2015, May",Discontinued,119.8 x 51.4 x 13.2 mm (4.72 x 2.02 x 0.52 in),102.3 g (3.60 oz),Dual SIM,,"TFT, 256K colors","2.6 inches, 20.9 cm2 (~34.0% screen-to-body ratio)","240 x 320 pixels, 4:3 ratio (~154 ppi density)",,,Mediatek MT6250,260 MHz,No,microSDHC (dedicated slot),"8MB RAM, 16MB",1.3 MP,,Yes,,,Yes,Yes,No,2.0,No,,,FM radio,microUSB,,"Li-Ion 1700 mAh, removable","Black, White",,Up to 480 h,Up to 16 h,,Yes,Yes,"SMS, IM",Downloadable,No,,,,,,Yes,No,,,,,,,,,,,,,,,,,
gionee,Gionee Marathon M3,https://fdn2.gsmarena.com/vv/bigpic/gionee-marathon-m3.jpg,GSM / HSPA,GSM 850 / 900 / 1800 / 1900 - SIM 1 & SIM 2,,HSDPA 900 / 2100,,,HSPA,"2014, November. Released 2014, November",Discontinued,144.5 x 71.5 x 10.4 mm (5.69 x 2.81 x 0.41 in),180.3 g (6.35 oz),Dual SIM (dual stand-by),,"IPS LCD capacitive touchscreen, 16M colors","5.0 inches, 68.9 cm2 (~66.7% screen-to-body ratio)","720 x 1280 pixels, 16:9 ratio (~294 ppi density)",,Android 4.4.2 (KitKat),,Quad-core 1.3 GHz,Mali-450,microSDXC (dedicated slot),8GB 1GB RAM,"8 MP, f/2.2, AF","LED flash, panorama",720p@30fps,2 MP,,Yes,Yes,"Wi-Fi 802.11 b/g/n, Wi-Fi Direct, hotspot","4.0, A2DP","Yes, with A-GPS",,,FM radio,"microUSB 2.0, USB On-The-Go","Accelerometer, proximity, compass","Li-Ion 5000 mAh, non-removable","Black, White",About 170 EUR,Up to 792 h,Up to 51 h (2G) / Up to 32 h 30 min (3G),0.29 W/kg (head)     0.73 W/kg (body),,,,,,,,,,,,,,,,,,,,,,,,,,,,,
gionee,Gionee Elife S5.1,https://fdn2.gsmarena.com/vv/bigpic/gionee-elife-s5.1.jpg,GSM / HSPA,GSM 850 / 900 / 1800 / 1900,,HSDPA 900 / 2100,,,HSPA,"2014, September. Released 2014, November",Discontinued,139.8 x 67.4 x 5.2 mm (5.50 x 2.65 x 0.20 in),97.7 g (3.42 oz),Micro-SIM,,"AMOLED capacitive touchscreen, 16M colors","4.8 inches, 63.5 cm2 (~67.4% screen-to-body ratio)","720 x 1280 pixels, 16:9 ratio (~306 ppi density)",,"Android 4.4.2 (KitKat), Amigo OS 2",Mediatek MT6592 (28 nm),Octa-core 1.7 GHz Cortex-A7,Mali-450MP4,No,16GB 1GB RAM,"8 MP, f/2.2, AF","LED flash, panorama, HDR",1080p@30fps,"5 MP, f/2.4",,Yes,Yes,"Wi-Fi 802.11 b/g/n, hotspot","4.0, A2DP","Yes, with A-GPS",,,FM radio,"microUSB 2.0, USB On-The-Go","Accelerometer, gyro, proximity, compass","Li-Ion 2050 mAh, non-removable","Black, White, Pink, Mint Green",About 240 EUR,,,,,,,,,,,,,,,,,,,,,,,,,Photo / Video,Voice 64dB / Noise 64dB / Ring 66dB,Noise -91.2dB / Crosstalk -82.7dB,,,Endurance rating 55h,Basemark OS II 2.0: 546Basemark X: 4150,"Contrast ratio: Infinite (nominal), 2.812 (sunlight)"
gionee,Gionee Pioneer P6,https://fdn2.gsmarena.com/vv/bigpic/gionee-pioneer-p6.jpg,GSM / HSPA,GSM 850 / 900 / 1800 / 1900 - SIM 1 & SIM 2,,HSDPA 900 / 2100,,,HSPA,"2015, January. Released 2015, January",Discontinued,142.8 x 74.3 x 8.6 mm (5.62 x 2.93 x 0.34 in),150 g (5.29 oz),Dual SIM (Dual stand-by),,"TFT capacitive touchscreen, 16M colors","5.0 inches, 68.9 cm2 (~64.9% screen-to-body ratio)","480 x 854 pixels, 16:9 ratio (~196 ppi density)",,Android 4.4.2 (KitKat),,Quad-core 1.3 GHz Cortex-A7,,microSDHC (dedicated slot),8GB 1GB RAM,"5 MP, AF","LED flash, panorama",1080p@30fps,2 MP,,Yes,Yes,"Wi-Fi 802.11 b/g/n, Wi-Fi Direct, hotspot","4.0, A2DP","Yes, with A-GPS",,,FM radio,microUSB 2.0,"Accelerometer, proximity, compass","Li-Ion 1950 mAh, removable","Black, White",About 120 EUR,Up to 162 h (2G) / Up to 108 h (3G),Up to 13 h 30 min (2G) / Up to 9 h 30 min (3G),0.19 W/kg (head)     0.73 W/kg (body),,,,,,,,,,,,,,LED flash,,,,,,,,,,,,,,,
gionee,Gionee Pioneer P5L,https://fdn2.gsmarena.com/vv/bigpic/gionee-pioneer-p5l.jpg,GSM / HSPA / LTE,GSM 850 / 900 / 1800 / 1900 - SIM 1 & SIM 2,,HSDPA 900 / 2100,,"3, 40","HSPA, LTE","2014, November. Released 2014, November",Discontinued,143.5 x 72 x 8.3 mm (5.65 x 2.83 x 0.33 in),146.9 g (5.19 oz),Dual SIM,,"IPS LCD capacitive touchscreen, 16M colors","4.7 inches, 60.9 cm2 (~58.9% screen-to-body ratio)","720 x 1280 pixels, 16:9 ratio (~312 ppi density)",,"Android 5.1 (Lollipop), Amigo 3.1",Mediatek MT6582 (28 nm),Quad-core 1.3 GHz Cortex-A7,Mali-400MP2,microSDXC (dedicated slot),16GB 1GB RAM,"8 MP, AF","LED flash, HDR, panorama",1080p@30fps,5 MP,,Yes,Yes,"Wi-Fi 802.11 b/g/n, Wi-Fi Direct, hotspot","4.0, A2DP","Yes, with A-GPS",,,FM radio,microUSB 2.0,"Accelerometer, proximity, compass","Li-Po 2300 mAh, removable","Red, White, Black, Blue, Yellow & golden",,Up to 500 h (2G) / Up to 300 h (3G),Up to 24 h (2G) / Up to 9 h (3G),0.46 W/kg (head)     0.32 W/kg (body),,,,,,,,,,P5L,,,,,,,,,,,,,,,,,,,
gionee,Gionee Pioneer P4,https://fdn2.gsmarena.com/vv/bigpic/gionee-pioneer-p4.jpg,GSM / HSPA,GSM 850 / 900 / 1800 / 1900 - SIM 1 & SIM 2,,HSDPA 900 / 2100,,,HSPA,"2014, June. Released 2014, June",Discontinued,135 x 66.5 x 9.1 mm (5.31 x 2.62 x 0.36 in),88.2 g (3.10 oz),Dual SIM (Dual stand-by),,"TFT capacitive touchscreen, 16M colors","4.5 inches, 55.8 cm2 (~62.2% screen-to-body ratio)","480 x 854 pixels, 16:9 ratio (~218 ppi density)",,Android 4.2 (Jelly Bean),Mediatek MT6582V/X,Quad-core 1.3 GHz Cortex-A7,Mali-400MP2,microSDHC (dedicated slot),8GB 1GB RAM,"5 MP, AF",LED flash,Yes,2 MP,,Yes,Yes,"Wi-Fi 802.11 b/g/n, hotspot",2.1,"Yes, with A-GPS",,,"FM radio, recording",microUSB,"Accelerometer, proximity, compass","Li-Po 1800 mAh, removable","Black, White",About 100 EUR,Up to 386 h (2G) / Up to 386 h (3G),Up to 16 h 30 min (2G) / Up to 11 h (3G),0.84 W/kg (head)     0.75 W/kg (body),,,,,,,,,,,,,,,,,,,,,,,,,,,,,
gionee,Gionee Ctrl V6L,https://fdn2.gsmarena.com/vv/bigpic/gionee-ctrl-v6l.jpg,GSM / HSPA / LTE,GSM 850 / 900 / 1800 / 1900 - SIM 1 & SIM 2,eMMC 4.5,HSDPA 900 / 2100,,"3, 7, 38, 39, 40, 41","HSPA, LTE","2014, November. Released 2014, November",Discontinued,143 x 70.7 x 6.9 mm (5.63 x 2.78 x 0.27 in),124.5 g (4.41 oz),"Dual SIM (Micro-SIM, dual stand-by)",,"LTPS IPS LCD capacitive touchscreen, 16M colors","5.0 inches, 68.9 cm2 (~68.2% screen-to-body ratio)","720 x 1280 pixels, 16:9 ratio (~294 ppi density)",,Android 4.4.2 (KitKat),Qualcomm Snapdragon 400 (28 nm),Quad-core 1.2 GHz Cortex-A7,Adreno 305,microSDHC (dedicated slot),8GB 1GB RAM,"8 MP, AF","LED flash, panorama",720p@30fps,5 MP,,Yes,Yes,"Wi-Fi 802.11 b/g/n, Wi-Fi Direct, hotspot","4.0, A2DP","Yes, with A-GPS",,,FM radio,microUSB 2.0,"Accelerometer, proximity, compass","Li-Ion 1950 mAh, removable","White, Blue",,Up to 208 h (2G) / Up to 149 h (3G),Up to 16 h 40 min (2G) / Up to 14 h (3G),,,,,,,,,,,,,,1.32 W/kg (head)     1.29 W/kg (body),,,,,,,,,,,,,,,,
gionee,Gionee Ctrl V5,https://fdn2.gsmarena.com/vv/bigpic/gionee-ctrl-v5.jpg,GSM / HSPA,GSM 850 / 900 / 1800 / 1900,,HSDPA 900 / 2100,,,HSPA,"2014, Q1. Released 2014, Q1",Discontinued,134.5 x 67.7 x 8.1 mm (5.30 x 2.67 x 0.32 in),103.5 g (3.63 oz),Dual SIM (Dual stand-by),,"IPS LCD capacitive touchscreen, 16M colors","4.7 inches, 60.9 cm2 (~66.9% screen-to-body ratio)","540 x 960 pixels, 16:9 ratio (~234 ppi density)",,Android 4.2 (Jelly Bean),Mediatek MT6582V/X,Quad-core 1.3 GHz Cortex-A7,Mali-400MP2,microSDHC (dedicated slot),8GB 1GB RAM,"8 MP, AF",LED flash,Yes,2 MP,,Yes,Yes,"Wi-Fi 802.11 b/g/n, hotspot",2.0,"Yes, with A-GPS",,,"FM radio, recording",microUSB,"Accelerometer, proximity, compass","Li-Po 1800 mAh, removable","Black, White",About 160 EUR,Up to 324 h (2G) / Up to 324 h (3G),Up to 14 h 30 min (2G) / Up to 10 h (3G),0.45 W/kg (head)     0.57 W/kg (body),,,,,,,,,,,,,,,,,,,,,,,,,,,,,
gionee,Gionee Elife S5.5,https://fdn2.gsmarena.com/vv/bigpic/gionee-elife-s5.5.jpg,GSM / HSPA,GSM 850 / 900 / 1800 / 1900,HSDPA 900 / 1900 / 2100,HSDPA 850 / 1900 / 2100,,,HSPA 21.1/5.76 Mbps,"2014, February. Released 2014, March",Discontinued,145.1 x 70.2 x 5.6 mm (5.71 x 2.76 x 0.22 in),133 g (4.69 oz),Micro-SIM,,"Super AMOLED capacitive touchscreen, 16M colors","5.0 inches, 68.9 cm2 (~67.7% screen-to-body ratio)","1080 x 1920 pixels, 16:9 ratio (~441 ppi density)",Corning Gorilla Glass 3 (front and back),"Android 4.2 (Jelly Bean), upgradаble to 4.4.2 (KitKat), Amigo 2",Mediatek MT6592 (28 nm),Octa-core 1.7 GHz Cortex-A7,Mali-450MP4,No,16GB 2GB RAM,"13 MP, f/2.4, AF","LED flash, panorama, HDR",1080p@30fps,"5 MP, f/2.4",,Yes,Yes,"Wi-Fi 802.11 b/g/n, Wi-Fi Direct, hotspot","4.0, A2DP, EDR","Yes, with A-GPS",,,"FM radio, RDS","microUSB 2.0, USB On-The-Go","Accelerometer, gyro, proximity, compass","Li-Ion 2300 mAh, non-removable","Black, white, blue, pink, purple",About 270 EUR,Up to 490 h,Up to 27 h (2G) / Up to 11 h (3G),,,,,,,,,,,,,,0.38 W/kg (head)     0.33 W/kg (body),,,,,,,,,Photo / Video,Voice 66dB / Noise 66dB / Ring 75dB,,,,Endurance rating 48h,Basemark OS II 2.0: 567,"Contrast ratio: Infinite (nominal),  3.386 (sunlight)"
gionee,Gionee Elife E7 Mini,https://fdn2.gsmarena.com/vv/bigpic/gionee-e7-mini.jpg,GSM / HSPA,GSM 850 / 900 / 1800 / 1900,No,HSDPA,,,HSPA,"2013, December. Released 2014, April",Discontinued,139.8 x 66.2 x 8.6 mm (5.50 x 2.61 x 0.34 in),142.9 g (5.01 oz),Dual SIM,,"IGZO IPS LCD capacitive touchscreen, 16M colors","4.7 inches, 60.9 cm2 (~65.8% screen-to-body ratio)","720 x 1280 pixels, 16:9 ratio (~312 ppi density)",,"Android 4.2.2 (Jelly Bean), Amigo 2",Mediatek MT6592 (28 nm),Octa-core 1.7 GHz Cortex-A7,Mali-450MP4,No,16GB,"13 MP, AF","LED flash, panorama",1080p@30fps,,,Yes,Yes,Wi-Fi 802.11 b/g/n,"4.0, A2DP","Yes, with A-GPS",Yes,,"FM radio, recording",microUSB 2.0,"Accelerometer, gyro, proximity, compass","Li-Ion 2200 mAh, non-removable","Black, White",About 230 EUR,Up to 200 h,Up to 18 h (2G) / Up to 14 h (3G),,,,,,,,,,,,Yes,Yes,,,,,,,,,,,,,,,,,
gionee,Gionee Elife E7,https://fdn2.gsmarena.com/vv/bigpic/gionee-e7-.jpg,GSM / HSPA / LTE,GSM 850 / 900 / 1800 / 1900,"38, 39, 41",HSDPA 900 / 2100,eMMC 4.5,"3, 7","HSPA, LTE",2013. Released 2013,Discontinued,150.6 x 75 x 9.5 mm (5.93 x 2.95 x 0.37 in),150 g (5.29 oz),Micro-SIM,,"IPS LCD capacitive touchscreen, 16M colors","5.5 inches, 83.4 cm2 (~73.8% screen-to-body ratio)","1080 x 1920 pixels, 16:9 ratio (~401 ppi density)",Corning Gorilla Glass 3,Android 4.2 (Jelly Bean),Qualcomm MSM8274 Snapdragon 800 (28 nm),Quad-core 2.2 GHz Krait 400/ Quad-core 2.5 GHz Krait 400,Adreno 330,No,"16GB 2GB RAM, 32GB 3GB RAM","16 MP, f/2.2, AF",LED flash,Yes,8 MP,,Yes,Yes,"Wi-Fi 802.11 b/g/n, hotspot, Wi-Fi Direct","4.0, A2DP","Yes, with A-GPS",Yes,,"FM radio, recording","microUSB 2.0, USB On-The-Go","Accelerometer, gyro, proximity, compass","Li-Po 2500 mAh, non-removable","Black, White",About 340 EUR,,,,,,,,,,,,,,,,,,,,,,,,,,,,,,,,
gionee,Gionee Elife E6,https://fdn2.gsmarena.com/vv/bigpic/gionee-e6-.jpg,GSM / HSPA,GSM 850 / 900 / 1800 / 1900,,HSDPA 900 / 2100,,,HSPA,2013. Released 2013,Discontinued,142.5 x 69.4 x 7.9 mm (5.61 x 2.73 x 0.31 in),-,Micro-SIM,,"IPS LCD capacitive touchscreen, 16M colors","5.0 inches, 68.9 cm2 (~69.7% screen-to-body ratio)","1080 x 1920 pixels, 16:9 ratio (~441 ppi density)",Corning Gorilla Glass 3,Android 4.2 (Jelly Bean),,Quad-core 1.5 GHz Cortex-A7,PowerVR Series 5XT,No,32GB 2GB RAM,"13 MP, f/2.2, AF","LED flash, panorama",1080p@30fps,"5 MP, f/2.2",,Yes,Yes,"Wi-Fi 802.11 b/g/n, hotspot, Wi-Fi Direct","4.0, A2DP","Yes, with A-GPS",,,FM radio,microUSB 2.0,"Accelerometer, gyro, proximity, compass","Li-Ion 2000 mAh, non-removable","Black, White",About 250 EUR,,,,,,,,,,,,,,,,,,,,,,,,,,,,,,,,
gionee,Gionee Elife E5,https://fdn2.gsmarena.com/vv/bigpic/gionee-e5.jpg,GSM / HSPA,GSM 850 / 900 / 1800 / 1900,,HSDPA 900 / 2100,,,HSPA,2013. Released 2013,Discontinued,137 x 69 x 6.9 mm (5.39 x 2.72 x 0.27 in),135 g (4.76 oz),Micro-SIM,,"Super AMOLED capacitive touchscreen, 16M colors","4.8 inches, 63.5 cm2 (~67.2% screen-to-body ratio)","720 x 1280 pixels, 16:9 ratio (~306 ppi density)",Corning Gorilla Glass 2,Android 4.2 (Jelly Bean),,Quad-core 1.5 GHz Cortex-A7,PowerVR Series 5XT,No,16GB 1GB RAM,"8 MP, AF",LED flash,1080p@30fps,5 MP,,Yes,Yes,"Wi-Fi 802.11 b/g/n, hotspot, Wi-Fi Direct","4.0, A2DP","Yes, with A-GPS",,,FM radio,microUSB 2.0,"Accelerometer, proximity, compass","Li-Ion 2000 mAh, non-removable","Black, White, Yellow",About 200 EUR,,,0.73 W/kg (head)     0.94 W/kg (body),,,,,,,,,,,,,,,,,,,,,,,,,,,,,
gionee,Gionee Elife E3,https://fdn2.gsmarena.com/vv/bigpic/gionee-e3.jpg,GSM / HSPA,GSM 850 / 900 / 1800 / 1900,,HSDPA 900 / 2100,,,HSPA,2013. Released 2013,Discontinued,137 x 68 x 7.9 mm (5.39 x 2.68 x 0.31 in),-,Dual SIM (Dual stand-by),,"IPS LCD capacitive touchscreen, 16M colors","4.7 inches, 60.9 cm2 (~65.4% screen-to-body ratio)","720 x 1280 pixels, 16:9 ratio (~312 ppi density)",,"Android 4.2 (Jelly Bean), upgradable to 4.4.2 (KitKat)",,Quad-core 1.2 GHz Cortex-A7,PowerVR Series 5XT,microSDHC (dedicated slot),16GB 1GB RAM,"8 MP, AF","LED flash, panorama",1080p@30fps,2 MP,,Yes,Yes,"Wi-Fi 802.11 b/g/n, hotspot","4.0, A2DP","Yes, with A-GPS",,,FM radio,microUSB 2.0,"Accelerometer, proximity, compass","Li-Ion 1800 mAh, removable","Black, White, Blue, Pink",About 180 EUR,,,1.06 W/kg (head)     0.88 W/kg (body),,,,,,,,,,,,,,,,,,,,,,,,,,,,,
gionee,Gionee M2,https://fdn2.gsmarena.com/vv/bigpic/gionee-m2.jpg,GSM / HSPA,GSM 850 / 900 / 1800 / 1900,,HSDPA 900 / 2100,,,HSPA,2014. Released 2014,Discontinued,144 x 72 x 10.5 mm (5.67 x 2.83 x 0.41 in),-,Dual SIM (Dual stand-by),,"TFT capacitive touchscreen, 16M colors","5.0 inches, 68.9 cm2 (~66.4% screen-to-body ratio)","480 x 854 pixels, 16:9 ratio (~196 ppi density)",,Android 4.2 (Jelly Bean),,Quad-core 1.3 GHz Cortex-A7,Mali-400,microSDHC (dedicated slot),4GB 1GB RAM,8 MP,"LED flash, panorama",720p,2 MP,,Yes,Yes,"Wi-Fi 802.11 b/g/n, Wi-Fi Direct, hotspot","4.0, A2DP","Yes, with A-GPS",,,FM radio,"microUSB 2.0, USB On-The-Go","Accelerometer, proximity, compass","Li-Ion 4200 mAh, removable","Black, White",About 130 EUR,Up to 555 h,Up to 31 h 30 min (2G) / Up to 24 h (3G),,,,,,,,,,,,,,,,,,,,,,,,,,,,,,
gionee,Gionee Gpad G5,https://fdn2.gsmarena.com/vv/bigpic/gionee-gpad-g5.jpg,GSM / HSPA,GSM 850 / 900 / 1800 / 1900 - SIM 1 & SIM 2,,HSDPA 900 / 2100,,,HSPA,2014. Released 2014,Discontinued,157.3 x 77.6 x 7.9 mm (6.19 x 3.06 x 0.31 in),104.6 g (w/o battery) (3.70 oz),Dual SIM (Dual stand-by),,"IPS LCD capacitive touchscreen, 16M colors","5.5 inches, 83.4 cm2 (~68.3% screen-to-body ratio)","720 x 1280 pixels, 16:9 ratio (~267 ppi density)",Asahi Dragontrail Glass,Android 4.4.2 (KitKat),Mediatek MT6591,Hexa-core 1.5 GHz Cortex-A7,Mali-450MP4,microSDHC (dedicated slot),8GB 1GB RAM,"8 MP, AF","LED flash, panorama",720p@30fps,2 MP,,"Yes, dual speakers",Yes,"Wi-Fi 802.11 b/g/n, hotspot, Wi-Fi Direct","4.0, A2DP","Yes, with A-GPS",,,FM radio,microUSB 2.0,"Accelerometer, proximity, compass","Li-Ion 2400 mAh, removable","Black, White",,Up to 288 h,Up to 15 h (2G) / Up to 12 h (3G),1.10 W/kg (head)     1.04 W/kg (body),,,,,,,,,,,,,,,,,,,,,,,,,,,,,
gionee,Gionee Gpad G4,https://fdn2.gsmarena.com/vv/bigpic/gionee-gpad-g4.jpg,GSM / HSPA,GSM 850 / 900 / 1800 / 1900,,HSDPA 900 / 2100,,,HSPA,2014. Released 2014,Discontinued,163.5 x 81.3 x 8 mm (6.44 x 3.20 x 0.31 in),-,Dual SIM (Dual stand-by),,"IPS LCD capacitive touchscreen, 16M colors","5.7 inches, 89.6 cm2 (~67.4% screen-to-body ratio)","720 x 1280 pixels, 16:9 ratio (~258 ppi density)",,Android 4.2 (Jelly Bean),,Quad-core 1.5 GHz Cortex-A7,PowerVR Series 5XT,No,16GB 1GB RAM,"13 MP, AF","LED flash, panorama",1080p@30fps,5 MP,,Yes,Yes,"Wi-Fi 802.11 b/g/n, hotspot, Wi-Fi Direct","4.0, A2DP","Yes, with A-GPS",,,FM radio,microUSB 2.0,"Accelerometer, gyro, proximity, compass","Li-Ion 3200 mAh, non-removable","Black, White",About 220 EUR,Up to 375 h,Up to 26 h (2G) / Up to 14 h (3G),0.83 W/kg (head)     0.70 W/kg (body),,,,,,,,,,,,,,,,,,,,,,,,,,,,,
gionee,Gionee Gpad G3,https://fdn2.gsmarena.com/vv/bigpic/gionee-gpad-g3.jpg,GSM / HSPA,GSM 850 / 900 / 1800 / 1900,,HSDPA 900 / 2100,,,HSPA,2013. Released 2013,Discontinued,157.7 x 79.5 x 9.8 mm (6.21 x 3.13 x 0.39 in),-,Dual SIM (Dual stand-by),,"Capacitive touchscreen, 16M colors","5.5 inches, 83.4 cm2 (~66.5% screen-to-body ratio)","480 x 854 pixels, 16:9 ratio (~178 ppi density)",,Android 4.2 (Jelly Bean),Mediatek MT6589 (28 nm),Quad-core 1.2 GHz Cortex-A7,PowerVR SGX544,microSDHC (dedicated slot),4GB 512MB RAM,"5 MP, AF","LED flash, panorama",720p,VGA,,Yes,Yes,"Wi-Fi 802.11 b/g/n, hotspot","4.0, A2DP","Yes, with A-GPS",,,FM radio,microUSB 2.0,"Accelerometer, proximity, compass","Li-Ion 2250 mAh, removable","Black, White",About 110 EUR,,,0.84 W/kg (head)     0.79 W/kg (body),,,,,,,,,,,,,,,,,,,,,,,,,,,,,
gionee,Gionee Gpad G2,https://fdn2.gsmarena.com/vv/bigpic/gionee-gpad-g2.jpg,GSM / HSPA,GSM 850 / 900 / 1800 / 1900,,HSDPA 2100,,,HSPA,"2013, May. Released 2013, May",Discontinued,145 x 73 x 9.9 mm (5.71 x 2.87 x 0.39 in),-,Dual SIM (Dual stand-by),,"IPS LCD capacitive touchscreen, 16M colors","5.3 inches, 77.4 cm2 (~73.2% screen-to-body ratio)","540 x 960 pixels, 16:9 ratio (~208 ppi density)",,Android 4.1 (Jelly Bean),,Quad-core 1.2 GHz Cortex-A7,PowerVR SGX544,microSDHC (dedicated slot),4GB 1GB RAM,"8 MP, AF",LED flash,1080p@30fps,2 MP,,Yes,Yes,"Wi-Fi 802.11 b/g/n, hotspot","4.0, A2DP","Yes, with A-GPS",,,FM radio,microUSB 2.0,"Accelerometer, proximity, compass","Li-Ion 3000 mAh, removable","Black, White",About 160 EUR,,,,,,,,,,,,,,,,,,,,,,,,,,,,,,,,
gionee,Gionee Gpad G1,https://fdn2.gsmarena.com/vv/bigpic/gionee-gpad-g1.jpg,GSM / HSPA,GSM 850 / 900 / 1800 / 1900,,HSDPA 900 / 2100,,,HSPA,2013. Released 2013,Discontinued,142 x 78.5 x 10 mm (5.59 x 3.09 x 0.39 in),-,Dual SIM (Dual stand-by),,TFT capacitive touchscreen,"5.0 inches, 71.2 cm2 (~63.8% screen-to-body ratio)","480 x 800 pixels, 5:3 ratio (~187 ppi density)",,Android 4.0 (Ice Cream Sandwich),,Dual-core 1.0 GHz Cortex-A9,,microSDHC (dedicated slot),4GB 512MB RAM,"8 MP, AF",LED flash,720p,VGA,,Yes,Yes,"Wi-Fi 802.11 b/g/n, hotspot","4.0, A2DP","Yes, with A-GPS",,,FM radio,microUSB 2.0,"Accelerometer, proximity, compass","Li-Ion 2100 mAh, removable","Black, White",About 100 EUR,,,0.47 W/kg (head)     0.64 W/kg (body),,,,,,,,,,,,,,,,,,,,,,,,,,,,,
gionee,Gionee Pioneer P3,https://fdn2.gsmarena.com/vv/bigpic/gionee-pioneer-p3.jpg,GSM / HSPA,GSM 850 / 900 / 1800 / 1900,,HSDPA 900 / 2100,,,HSPA,2013. Released 2013,Discontinued,129.3 x 68 x 11.1 mm (5.09 x 2.68 x 0.44 in),-,Dual SIM (Dual stand-by),,"TFT capacitive touchscreen, 16M colors","4.3 inches, 52.6 cm2 (~59.9% screen-to-body ratio)","480 x 800 pixels, 5:3 ratio (~217 ppi density)",,Android 4.2 (Jelly Bean),,Quad-core 1.3 GHz Cortex-A7,Mali-400,microSDHC (dedicated slot),4GB 512MB RAM,"5 MP, AF","LED flash, panorama",720p,VGA,,Yes,Yes,"Wi-Fi 802.11 b/g/n, Wi-Fi Direct, hotspot","4.0, A2DP","Yes, with A-GPS",,,FM radio,microUSB 2.0,"Accelerometer, proximity, compass","Li-Ion 1700 mAh, removable","Black, White",About 90 EUR,,,0.68 W/kg (head)     0.67 W/kg (body),,,,,,,,,,,,,,,,,,,,,,,,,,,,,
gionee,Gionee Pioneer P2,https://fdn2.gsmarena.com/vv/bigpic/gionee-pioneer-p2.jpg,GSM / HSPA,GSM 850 / 900 / 1800 / 1900,,HSDPA 900 / 2100,,,HSPA,2013. Released 2013,Discontinued,126 x 64.4 x 11.2 mm (4.96 x 2.54 x 0.44 in),-,Dual SIM,,"TFT capacitive touchscreen, 16M colors","4.0 inches, 45.5 cm2 (~56.1% screen-to-body ratio)","480 x 800 pixels, 5:3 ratio (~233 ppi density)",,Android 4.2 (Jelly Bean),,Dual-core 1.3 GHz Cortex-A7,Mali-400,microSDHC (dedicated slot),4GB 512MB RAM,5 MP,"LED flash, panorama",720p,VGA,,Yes,Yes,"Wi-Fi 802.11 b/g/n, Wi-Fi Direct, hotspot","4.0, A2DP","Yes, with A-GPS",,,"FM radio, recording",microUSB 2.0,"Accelerometer, proximity, compass","Li-Ion 1700 mAh, removable","Black, White",About 70 EUR,,,1.36 W/kg (head)     0.73 W/kg (body),,,,,,,,,,,,,,,,,,,,,,,,,,,,,
gionee,Gionee Pioneer P1,https://fdn2.gsmarena.com/vv/bigpic/gionee-pioneer-p1.jpg,GSM,GSM 900 / 1800,,,,,,2013. Released 2013,Discontinued,113 x 61.5 x 12 mm (4.45 x 2.42 x 0.47 in),-,Dual SIM (Dual stand-by),,TFT capacitive touchscreen,"3.5 inches, 36.5 cm2 (~52.5% screen-to-body ratio)","320 x 480 pixels, 3:2 ratio (~165 ppi density)",,Android 2.3 (Gingerbread),,1.0 GHz Cotex-A9,,microSDHC (dedicated slot),512MB 256MB RAM,"2 MP, AF",,Yes,VGA,,Yes,Yes,"Wi-Fi 802.11 b/g/n, hotspot",Yes,No,,,"FM radio, recording",Proprietary,"Accelerometer, proximity, compass","Li-Ion 1500 mAh, removable",Black,About 60 EUR,,,1.44 W/kg (head)     1.35 W/kg (body),,,,,,,,,,,Class 12,No,,,,,,,,,,,,,,,,,
gionee,Gionee Ctrl V1,https://fdn2.gsmarena.com/vv/bigpic/gionee-ctrl-v1.jpg,GSM / HSPA,GSM 850 / 900 / 1800 / 1900,,HSDPA 900 / 2100,,,HSPA,2013. Released 2013,Discontinued,123 x 63.5 x 11.2 mm (4.84 x 2.5 x 0.44 in),-,Dual SIM (Dual stand-by),,TFT capacitive touchscreen,"3.95 inches, 46.5 cm2 (~59.5% screen-to-body ratio)","320 x 480 pixels, 3:2 ratio (~146 ppi density)",,Android 4.0 (Ice Cream Sandwich),,1.0 GHz Cotex-A9,,microSDHC (dedicated slot),4GB 512MB RAM,2 MP,,Yes,VGA,,Yes,Yes,"Wi-Fi 802.11 b/g/n, hotspot","4.0, A2DP","Yes, with A-GPS",,,FM radio,microUSB,"Accelerometer, proximity, compass","Li-Ion 1700 mAh, removable",Cofee/Black,About 90 EUR,,,1.29 W/kg (head)     0.83 W/kg (body),,,,,,,,,,,,,,,,,,,,,,,,,,,,,
gionee,Gionee Ctrl V2,https://fdn2.gsmarena.com/vv/bigpic/gionee-ctrl-v2.jpg,GSM,GSM 850 / 900 / 1800 / 1900,,,,,,2013. Released 2013,Discontinued,115 x 61 x 10.8 mm (4.53 x 2.40 x 0.43 in),-,Dual SIM (Dual stand-by),,IPS LCD capacitive touchscreen,"3.5 inches, 36.5 cm2 (~52.0% screen-to-body ratio)","320 x 480 pixels, 3:2 ratio (~165 ppi density)",,Android 4.0 (Ice Cream Sandwich),,1.0 GHz Cotex-A9,,microSDHC (dedicated slot),4GB 512MB RAM,3.15 MP,,Yes,VGA,,Yes,Yes,"Wi-Fi 802.11 b/g/n, hotspot",Yes,"Yes, with A-GPS",,,FM radio,microUSB,"Accelerometer, proximity, compass","Li-Ion 1500 mAh, removable",White,About 60 EUR,,,1.25 W/kg (head)     1.04 W/kg (body),,,,,,,,,,,Yes,Yes,,,,,,,,,,,,,,,,,
gionee,Gionee Ctrl V3,https://fdn2.gsmarena.com/vv/bigpic/gionee-ctrl-v3.jpg,GSM / HSPA,GSM 850 / 900 / 1800 / 1900,,HSDPA 900 / 2100,,,HSPA,2013. Released 2013,Discontinued,130 x 67 x 9.8 mm (5.12 x 2.64 x 0.39 in),-,Dual SIM (Dual stand-by),,"IPS LCD capacitive touchscreen, 16M colors","4.3 inches, 52.6 cm2 (~60.4% screen-to-body ratio)","480 x 800 pixels, 5:3 ratio (~217 ppi density)",Corning Gorilla Glass,Android 4.0 (Ice Cream Sandwich),,Dual-core 1.0 GHz Cortex-A9,,microSDHC (dedicated slot),4GB 512MB RAM,"5 MP, AF",LED flash,Yes,VGA,,Yes,Yes,"Wi-Fi 802.11 b/g/n, hotspot","4.0, A2DP","Yes, with A-GPS",,,FM radio,microUSB,"Accelerometer, proximity, compass","Li-Ion 1800 mAh, removable",Black,About 100 EUR,,,0.70 W/kg (head)     0.96 W/kg (body),,,,,,,,,,,,,,,,,,,,,,,,,,,,,
gionee,Gionee Ctrl V4s,https://fdn2.gsmarena.com/vv/bigpic/gionee-ctrl-v4s.jpg,GSM / HSPA,GSM 850 / 900 / 1800 / 1900 - SIM 1 & SIM 2,,HSDPA 900 / 2100,,,HSPA,2014. Released 2014,Discontinued,131 x 65 x 7.8 mm (5.16 x 2.56 x 0.31 in),-,Dual SIM,,"IPS LCD capacitive touchscreen, 16M colors","4.5 inches, 55.8 cm2 (~65.5% screen-to-body ratio)","480 x 854 pixels, 16:9 ratio (~218 ppi density)",,Android 4.4.2 (KitKat),,Quad-core 1.3 GHz Cortex-A7,Mali-400,microSDHC (dedicated slot),8GB 1GB RAM,"8 MP, AF","LED flash, panorama",720p,2 MP,,Yes,Yes,"Wi-Fi 802.11 b/g/n, hotspot","4.0, A2DP","Yes, with A-GPS",,,FM radio,microUSB 2.0,"Accelerometer, proximity, compass","Li-Ion 1800 mAh, removable","Black, White",,Up to 230 h (2G) / Up to 230 h (3G),Up to 16 h (2G) / Up to 10 h (3G),0.46 W/kg (head)     0.74 W/kg (body),,,,,,,,,,,,,,,,,,,,,,,,,,,,,
gionee,Gionee Ctrl V4,https://fdn2.gsmarena.com/vv/bigpic/gionee-ctrl-v4.jpg,GSM / HSPA,GSM 850 / 900 / 1800 / 1900,,HSDPA 900 / 2100,,,HSPA,2013. Released 2013,Discontinued,136 x 67 x 9.7 mm (5.35 x 2.64 x 0.38 in),-,Dual SIM (Dual stand-by),,"Capacitive touchscreen, 16M colors","4.5 inches, 55.8 cm2 (~61.2% screen-to-body ratio)","480 x 854 pixels, 16:9 ratio (~218 ppi density)",,Android 4.2 (Jelly Bean),,Quad-core 1.2 GHz Cortex-A7,PowerVR Series 5XT,microSDHC (dedicated slot),4GB 512MB RAM,"5 MP, AF",LED flash,Yes,VGA,,Yes,Yes,"Wi-Fi 802.11 b/g/n, hotspot","4.0, A2DP","Yes, with A-GPS",,,FM radio,microUSB,"Accelerometer, proximity, compass","Li-Ion 1800 mAh, removable","Black, White",About 110 EUR,,,0.63 W/kg (head)     0.48 W/kg (body),,,,,,,,,,,,,,,,,,,,,,,,,,,,,
gionee,Gionee Dream D1,https://fdn2.gsmarena.com/vv/bigpic/gionee-dream-d1.jpg,GSM / HSPA,GSM 850 / 900 / 1800 / 1900,,HSDPA 900 / 2100,,,HSPA,2013. Released 2013,Discontinued,130 x 67 x 8.6 mm (5.12 x 2.64 x 0.34 in),-,Dual SIM (Dual stand-by),,"Super AMOLED+ capacitive touchscreen, 16M colors","4.65 inches, 59.6 cm2 (~68.4% screen-to-body ratio)","720 x 1280 pixels, 16:9 ratio (~316 ppi density)",Corning Gorilla Glass 2,Android 4.1 (Jelly Bean),,Quad-core 1.2 GHz Cortex-A7,PowerVR Series 5XT,microSDHC (dedicated slot),4GB 1GB RAM,"8 MP, AF",LED flash,1080p@30fps,1 MP,,Yes,Yes,"Wi-Fi 802.11 b/g/n, hotspot","4.0, A2DP","Yes, with A-GPS",,,FM radio,microUSB 2.0,"Accelerometer, proximity, compass","Li-Ion 2100 mAh, removable",Black,About 170 EUR,,,0.64 W/kg (head)     1.01 W/kg (body),,,,,,,,,,,,,,,,,,,,,,,,,,,,,
