Brand,Model Name,Model Image,Technology,2G bands,3G bands,Speed,Announced,Status,Dimensions,Weight,Keyboard,SIM,Type,Size,Resolution,,OS,CPU,Card slot,Internal,Single,Video,Single_1,Video_1,Loudspeaker,3.5mm jack,WLAN,Bluetooth,GPS,Radio,USB,Sensors,Browser,_1,Type_1,Stand-by,Talk time,Colors,Price,Chipset,GPU,Features,Alert types,_1_1,GPRS,EDGE,Infrared port,Languages,Phonebook,Call records,Messaging,Games,Java
i_mobile,i-mobile i858,https://fdn2.gsmarena.com/vv/bigpic/i858.jpg,GSM / HSPA,GSM 850 / 900 / 1800 / 1900,HSDPA 2100,HSPA,2010. Released 2010,Discontinued,120 x 67 x 12.8 mm (4.72 x 2.64 x 0.50 in),-,,Mini-SIM,"TFT capacitive touchscreen, 256K colors","4.3 inches, 52.6 cm2 (~65.5% screen-to-body ratio)","480 x 800 pixels, 5:3 ratio (~217 ppi density)",3D Widget UI,Android 2.0 (Donut),,microSDHC (dedicated slot),,"5 MP, AF",Yes,,,Yes,No,Wi-Fi 802.11 b/g,"2.0, A2DP","Yes, with A-GPS",Stereo FM radio,Proprietary,Accelerometer,WAP 2.0/xHTML,No,Removable Li-Ion 1500 mAh battery,Up to 250 h,Up to 4 h 30 min,"Black, White",,,,,,TV tuner MP3/WAV/AAC player MP4/H.263 player Organizer Voice memo Predictive text input,,,,,,,,,
i_mobile,i-mobile 8500,https://fdn2.gsmarena.com/vv/bigpic/8500.jpg,GSM / HSPA,GSM 850 / 900 / 1800 / 1900,HSDPA 2100,HSPA,2010. Released 2010,Discontinued,112 x 56.5 x 14.9 mm (4.41 x 2.22 x 0.59 in),-,,Mini-SIM,"TFT capacitive touchscreen, 256K colors","3.2 inches, 30.5 cm2 (~48.2% screen-to-body ratio)","320 x 480 pixels, 3:2 ratio (~180 ppi density)",Trackball,Android OS,,microSDHC (dedicated slot),256MB 128MB RAM,5 MP,Yes,,,Yes,Yes,Wi-Fi 802.11 b/g,"2.0, A2DP","Yes, with A-GPS",Stereo FM radio,Proprietary,Accelerometer,WAP 2.0/xHTML,No,Removable Li-Ion 1500 mAh battery,Up to 250 h,Up to 8 h,Silver,,,,,,MP3/WAV/AAC player MP4/H.263 player Organizer Voice memo Predictive text input,,,,,,,,,
i_mobile,i-mobile 5230,https://fdn2.gsmarena.com/vv/bigpic/5230.jpg,GSM,GSM 900 / 1800 / 1900 - SIM 1,,,2010. Released 2010,Discontinued,116 x 58 x 14.4 mm (4.57 x 2.28 x 0.57 in),-,QWERTY,Dual SIM (Mini-SIM),"TFT resistive touchscreen, 256K colors","2.8 inches, 24.3 cm2 (~36.1% screen-to-body ratio)","240 x 320 pixels, 4:3 ratio (~143 ppi density)",GSM 900 / 1800 / 1900 - SIM 2,,,microSD (dedicated slot),48MB,"5 MP, AF",176x144@15fps,,,Yes,Yes,No,"2.0, A2DP",No,Stereo FM radio,miniUSB 2.0,Accelerometer,"WAP 2.0/xHTML, HTML",No,Removable Li-Ion 1200 mAh battery,Up to 400 h,Up to 7 h 30 min,Silver,,,,LED flash,,Analog TV MP3/AAC+ player H.263 player Organizer Voice memo Predictive text input,Class 12,Class 12,,,"1000 entries, Photocall",Yes,"SMS, MMS",Yes,"Yes, MIDP 2.0"
i_mobile,i-mobile Hitz 2206,https://fdn2.gsmarena.com/vv/bigpic/imobile-hitz-2206.jpg,GSM,GSM 900 / 1800 - SIM 1,,,2010. Released 2010,Discontinued,110 x 59.4 x 13.4 mm (4.33 x 2.34 x 0.53 in),-,QWERTY,Dual SIM (Mini-SIM),"TFT, 65K colors",,220 x 176 pixels,GSM 900 / 1800 - SIM 2,,,microSD (dedicated slot),,Yes,No,,,Yes,No,No,No,No,Stereo FM radio,No,,No,Flashlight,Removable Li-Ion 1000 mAh battery,Up to 667 h,Up to 4 h,Silver,,,,,,Organizer Voice memo Predictive text input,Class 10,No,,,"Yes, Photocall",Yes,"SMS, MMS",Yes,No
i_mobile,i-mobile 5220,https://fdn2.gsmarena.com/vv/bigpic/5220.jpg,GSM,GSM 900 / 1800 / 1900,,,2010. Released 2010,Discontinued,116.5 x 52.5 x 13 mm (4.59 x 2.07 x 0.51 in),-,,Mini-SIM,"TFT, 256K colors","2.4 inches, 17.8 cm2 (~29.2% screen-to-body ratio)","240 x 320 pixels, 4:3 ratio (~167 ppi density)",No,,,microSD (dedicated slot),,"5 MP, AF",Yes,,,Yes,No,No,"2.0, A2DP",No,Stereo FM radio,miniUSB,,WAP 2.0/xHTML,TV tuner/recorder MP3/AAC player H.263 player Organizer Voice memo Predictive text input,Removable Li-Ion 1100 mAh battery,Up to 420 h,Up to 8 h,"Black, White, Red",,,,LED flash,,,Class 10,Class 10,,,"1000 entries, Photocall",Yes,"SMS, MMS, EMS",Yes,"Yes, MIDP 2.1"
i_mobile,i-mobile TV658 Touch&Move,https://fdn2.gsmarena.com/vv/bigpic/imobile-hitz658.jpg,GSM,GSM 900 / 1800 / 1900,,,"2009, October. Released 2009, October",Discontinued,111 x 56 x 13 mm (4.37 x 2.20 x 0.51 in),,,Dual SIM (Mini-SIM),"TFT touchscreen, 256K colors","3.0 inches, 25.6 cm2 (~41.2% screen-to-body ratio)","240 x 400 pixels, 5:3 ratio (~155 ppi density)",No,,,microSD (dedicated slot),,"8 MP, AF",Yes,,,Yes,No,No,"1.2, A2DP",No,"FM radio, built-in antenna",miniUSB,Accelerometer,WAP 2.0/xHTML,TV tuner MP3 player MP4/3GP player Organizer Voice memo Predictive text input,Removable Li-Ion 1050 mAh battery,Up to 300 h,Up to 4 h,Black,,,,flash,,,Class 10,Class 10,,,"1000 entries, Photocall",Yes,"SMS, MMS, Email, Push Email",Yes,Yes
i_mobile,i-mobile Hitz 212,https://fdn2.gsmarena.com/vv/bigpic/imobile-hitz212.jpg,GSM,GSM 900 / 1800,,,"2009, October. Released 2009, October",Discontinued,105 x 46 x 13.3 mm (4.13 x 1.81 x 0.52 in),80 g (2.82 oz),,Dual SIM (Mini-SIM),"TFT, 65K colors","1.77 inches, 9.9 cm2 (~20.4% screen-to-body ratio)",128 x 160 pixels (~116 ppi density),No,,,microSD (dedicated slot),,CIF,No,,,Yes,No,No,Yes,No,FM radio,Proprietary,,WAP 2.0/xHTML,MP3 player Organizer Voice memo Predictive text input,Removable Li-Ion 750 mAh battery,Up to 240 h,Up to 3 h,"Black-Green, Silver-Blue, Silver-Orange, Pink",,,,,,,No,No,,,"300 entries, Photocall",Yes,"SMS, EMS",Yes,
i_mobile,i-mobile Hitz 210,https://fdn2.gsmarena.com/vv/bigpic/imobile-hitz210.jpg,GSM,GSM 900 / 1800 / 1900,,,"2009, October. Released 2009, October",Discontinued,112 x 49 x 12.8 mm (4.41 x 1.93 x 0.50 in),,,Dual SIM (Mini-SIM),"TFT, 65K colors","1.8 inches, 10.2 cm2 (~18.6% screen-to-body ratio)",128 x 160 pixels (~114 ppi density),No,,,microSD (dedicated slot),,CIF,No,,,Yes,No,No,No,No,FM radio,Proprietary,,WAP 2.0/xHTML,MP3 player Organizer Predictive text input,Removable Li-Ion 700 mAh battery,Up to 150 h,Up to 2 h 30 min,Black,,,,,,,No,No,,,"300 entries, Photocall",Yes,"SMS, EMS, MMS",Yes,
i_mobile,i-mobile TV650 Touch,https://fdn2.gsmarena.com/vv/bigpic/i-mobile-tv650-touch.jpg,GSM,GSM 900 / 1800 / 1900,,,"2009, July. Released 2009, Q4",Discontinued,110 x 55 x 13.4 mm (4.33 x 2.17 x 0.53 in),,,Dual SIM (Mini-SIM),"TFT touchscreen, 256K colors","3.0 inches, 27.9 cm2 (~46.1% screen-to-body ratio)","240 x 320 pixels, 4:3 ratio (~133 ppi density)",No,,,microSDHC (dedicated slot),,3.15 MP,Yes,,,Yes,No,No,"1.2, A2DP",No,FM radio,miniUSB,Accelerometer,WAP 2.0/xHTML,TV tuner MP3 player MP4/3GP player Organizer Predictive text input,Removable Li-Ion 1000 mAh battery,Up to 200 h,Up to 2 h 30 min,Black,,,,,,,Class 10,Class 10,,,"1000 entries, Photocall",Yes,"SMS(threaded view), EMS, MMS",Yes,Yes
i_mobile,i-mobile TV550 Touch,https://fdn2.gsmarena.com/vv/bigpic/i-mobile-tv550-touch.jpg,GSM,GSM 900 / 1800 / 1900,,,"2009, July. Released 2009, Q4",Discontinued,108 x 52 x 14 mm (4.25 x 2.05 x 0.55 in),,,Dual SIM (Mini-SIM),"TFT touchscreen, 256K colors","2.8 inches, 24.3 cm2 (~43.2% screen-to-body ratio)","240 x 320 pixels, 4:3 ratio (~143 ppi density)",No,,,microSDHC (dedicated slot),,VGA,Yes,,,Yes,No,No,"1.2, A2DP",No,FM radio,miniUSB,Accelerometer,WAP 2.0/xHTML,TV tuner MP3 player MP4/3GP player Organizer Predictive text input,Removable Li-Ion 1000 mAh battery,Up to 200 h,Up to 2 h 30 min,Black,,,,,,,Class 10,Class 10,,,"1000 entries, Photocall",Yes,"SMS(threaded view), EMS, MMS",Yes,Yes
i_mobile,i-mobile TV 630,https://fdn2.gsmarena.com/vv/bigpic/i-mobile-630.jpg,GSM,GSM 900 / 1800 / 1900,,,"2009, July. Released 2009, Q4",Discontinued,115 x 52.5 x 13 mm (4.53 x 2.07 x 0.51 in),102 g (3.60 oz),,Dual SIM (Mini-SIM),"TFT, 256K colors","2.4 inches, 17.8 cm2 (~29.5% screen-to-body ratio)","240 x 320 pixels, 4:3 ratio (~167 ppi density)",No,,,microSDHC (dedicated slot),,"8 MP, AF",480p,,,Yes,No,No,Yes,No,FM radio,miniUSB,,WAP 2.0/xHTML,TV tuner/recorder MP3 player MP4/3GP player Organizer Predictive text input,Removable Li-Ion 1100 mAh battery,Up to 420 h,Up to 8 h,Black,,,,,,,Class 10,Class 10,,,"1000 entries, Photocall",Yes,"SMS(threaded view), EMS, MMS",Yes,Yes
i_mobile,i-mobile TV 628,https://fdn2.gsmarena.com/vv/bigpic/i-mobile-628.jpg,GSM,GSM 900 / 1800 / 1900,,,"2009, July. Released 2009, Q4",Discontinued,113 x 51 x 17 mm (4.45 x 2.01 x 0.67 in),109.5 g (3.84 oz),,Dual SIM (Mini-SIM),"TFT, 256K colors","2.4 inches, 17.8 cm2 (~31.0% screen-to-body ratio)","240 x 320 pixels, 4:3 ratio (~167 ppi density)",No,,,microSDHC (dedicated slot),10MB,3.15 MP,Yes,,,Yes,No,No,Yes,No,FM radio,miniUSB,,WAP 2.0/xHTML,TV tuner MP3 player MP4/3GP player Organizer Predictive text input,Removable Li-Ion 950 mAh battery,Up to 380 h,Up to 7 h,Black,,,,,,,Class 12,No,,,"1000 entries, Photocall",Yes,"SMS(threaded view), EMS, MMS",Yes,Yes
i_mobile,i-mobile TV 620,https://fdn2.gsmarena.com/vv/bigpic/i-mobile-620.jpg,GSM,GSM 900 / 1800 / 1900,,,"2009, July",Discontinued,114 x 51.5 x 14.6 mm (4.49 x 2.03 x 0.57 in),98 g (3.46 oz),,Dual SIM (Mini-SIM),"TFT, 256K colors","2.4 inches, 17.8 cm2 (~30.4% screen-to-body ratio)","240 x 320 pixels, 4:3 ratio (~167 ppi density)",No,,,microSDHC (dedicated slot),14MB,3.15 MP,Yes,,,Yes,No,No,"1.2, A2DP",No,FM radio,miniUSB,,WAP 2.0/xHTML,TV tuner MP3 player MP4/3GP player Organizer Predictive text input,Removable Li-Ion 1050 mAh battery,Up to 420 h,Up to 8 h,Black,,,,,,,Class 10,,,,"1000 entries, Photocall",Yes,"SMS(threaded view), EMS, MMS",Yes,Yes
i_mobile,i-mobile TV 536,https://fdn2.gsmarena.com/vv/bigpic/i-mobile-536.jpg,GSM,GSM 900 / 1800 / 1900,,,"2009, July. Released 2009, Q4",Discontinued,112 x 51 x 13.7 mm (4.41 x 2.01 x 0.54 in),,,Dual SIM (Mini-SIM),"TFT, 256K colors","2.4 inches, 17.8 cm2 (~31.2% screen-to-body ratio)","240 x 320 pixels, 4:3 ratio (~167 ppi density)",No,,,microSDHC (dedicated slot),,VGA,Yes,,,Yes,No,No,"1.2, A2DP",No,FM radio,miniUSB,,WAP 2.0/xHTML,TV tuner MP3 player MP4/3GP player Organizer Predictive text input,Removable Li-Ion 1000 mAh battery,Up to 250 h,Up to 3 h,"Black, Silver",,,,,,,Class 10,No,,,"1000 entries, Photocall",Yes,"SMS(threaded view), EMS, MMS",Yes,No
i_mobile,i-mobile 638CG,https://fdn2.gsmarena.com/vv/bigpic/i-mobile-638cg.jpg,GSM,GSM 900 / 1800 / 1900,,,"2009, July. Released 2009, Q4",Discontinued,113 x 51 x 14.5 mm (4.45 x 2.01 x 0.57 in),,,Dual SIM (Mini-SIM),"TFT, 256K colors","2.4 inches, 17.8 cm2 (~31.0% screen-to-body ratio)","240 x 320 pixels, 4:3 ratio (~167 ppi density)",CDMA 800,,,microSDHC (dedicated slot),25MB,3.15 MP,Yes,,,Yes,No,No,Yes,No,FM radio,microUSB,,WAP 2.0/xHTML,No,Removable Li-Ion 1050 mAh battery,Up to 400 h,Up to 8 h 30 min,Black,,,,,,TV tuner MP3 player MP4/3GP player Organizer Predictive text input,Class 12,No,,,"1000 entries, Photocall",Yes,"SMS(threaded view), EMS, MMS",Yes,No
i_mobile,i-mobile Hitz 232CG,https://fdn2.gsmarena.com/vv/bigpic/i-mobile-232cg.jpg,GSM,GSM 900 / 1800 / 1900,,,"2009, July. Released 2009, Q4",Discontinued,109.5 x 47.8 x 11.1 mm (4.31 x 1.88 x 0.44 in),-,,Mini-SIM,"TFT, 65K colors","2.0 inches, 12.6 cm2 (~24.1% screen-to-body ratio)",176 x 220 pixels (~141 ppi density),CDMA 800,,,microSDHC (dedicated slot),,CIF,No,,,Yes,No,No,Yes,No,FM radio,microUSB (charging and headset only),,WAP 2.0/xHTML,No,Removable Li-Ion 1050 mAh battery,Up to 850 h,Up to 9 h,"Black, Silver",,,,,,MP3 player Organizer Predictive text input,Class 10,No,,,"1000 entries, Photocall",Yes,"SMS(threaded view), EMS, MMS",Yes,No
i_mobile,i-mobile TV 535,https://fdn2.gsmarena.com/vv/bigpic/i-mobile-535.jpg,GSM,GSM 900 / 1800 / 1900,,,"2009, January. Released 2009, January",Discontinued,108 x 48 x 13.8 mm (4.25 x 1.89 x 0.54 in),90 g (3.17 oz),,Dual SIM (Mini-SIM),"TFT, 256K colors","2.2 inches, 15.0 cm2 (~28.9% screen-to-body ratio)","240 x 320 pixels, 4:3 ratio (~182 ppi density)",No,,,microSD (dedicated slot),,1.3 MP,Yes,,,No,No,No,"1.2, A2DP",No,FM radio; built-in antenna,miniUSB,,WAP 2.0/xHTML,TV tuner Yamaha audio amplifier MP3 player MP4/3GP player Organizer Stop watch Private menu Predictive text input,Removable Li-Ion 1000 mAh battery,Up to 250 h,Up to 3 h,"Black, Silver",,,,,,,Class 10,No,,,1000 entries,Yes,"SMS, MMS",Yes,No
i_mobile,i-mobile 627,https://fdn2.gsmarena.com/vv/bigpic/i-mobile-627.jpg,GSM,GSM 900 / 1800 / 1900,,,"2008, October. Released 2008, October",Discontinued,109 x 46 x 15.2 mm (4.29 x 1.81 x 0.60 in),90 g (3.17 oz),,Mini-SIM,"TFT, 256K colors","2.0 inches, 12.4 cm2 (~24.7% screen-to-body ratio)","240 x 320 pixels, 4:3 ratio (~200 ppi density)",No,,,microSD (dedicated slot),63MB,"3.15 MP, Casio-Hitachi module, AF",Yes,,,"Yes, with stereo speakers",No,No,"1.2, A2DP",No,FM radio; built-in antenna,miniUSB,Accelerometer,WAP 2.0/xHTML,Yamaha audio amplifier MP3 player MP4/3GP player Organizer Stop watch Talking disctionary Private menu Predictive text input,Removable Li-Ion 830 mAh battery,Up to 250 h,Up to 3 h,"Black, Silver",,,,LED flash,,,Class 10,Class 10,,,1000 entries,Yes,"SMS, MMS",Yes,"Yes, MIDP 2.0"
i_mobile,i-mobile TV 533,https://fdn2.gsmarena.com/vv/bigpic/i-mobile-533.jpg,GSM,GSM 900 / 1800,,,"2009, January. Released 2009, January",Discontinued,112.7 x 50 x 14.5 mm (4.44 x 1.97 x 0.57 in),105 g (3.70 oz),,"Dual SIM (Mini-SIM, dual stand-by)","TFT, 256K colors","2.4 inches, 17.8 cm2 (~31.7% screen-to-body ratio)","240 x 320 pixels, 4:3 ratio (~167 ppi density)",No,,,microSD (dedicated slot),,VGA,Yes,,,No,No,No,"1.2, A2DP",No,FM radio,miniUSB,,WAP 2.0/xHTML,TV tuner Yamaha Audio Amplifier MP3 player MP4/3GP player Organizer Stop watch Predictive text input,Removable Li-Ion 1100 mAh battery,Up to 250 h,Up to 3 h,"Black, Silver",,,,,,,Class 10,No,,,500 entries,Yes,"SMS, MMS",Yes,No
i_mobile,i-mobile TV 530,https://fdn2.gsmarena.com/vv/bigpic/i-mobile-530.jpg,GSM,GSM 900 / 1800,,,"2008, September. Released 2008, October",Discontinued,112 x 50 x 16.4 mm (4.41 x 1.97 x 0.65 in),105 g (3.70 oz),,Mini-SIM,"TFT, 256K colors","2.4 inches, 17.8 cm2 (~31.9% screen-to-body ratio)","240 x 320 pixels, 4:3 ratio (~167 ppi density)",No,,,microSD (dedicated slot),,VGA,Yes,,,No,No,No,"1.2, A2DP",No,No,miniUSB,,WAP 2.0/xHTML,TV tuner Yamaha Audio Amplifier MP3 player MP4/3GP player Organizer Stop watch Predictive text input,Removable Li-Ion 1100 mAh battery,Up to 300 h,Up to 3 h 30 min,Black,,,,,,,Class 10,No,,,500 entries,Yes,"SMS, MMS",Yes,No
i_mobile,i-mobile TV 523,https://fdn2.gsmarena.com/vv/bigpic/i-mobile-523.jpg,GSM,GSM 900 / 1800 / 1900,,,"2008, October. Released 2008, October",Discontinued,110 x 49 x 14.5 mm (4.33 x 1.93 x 0.57 in),98 g (3.46 oz),,Mini-SIM,"TFT, 256K colors","2.2 inches, 15.0 cm2 (~27.8% screen-to-body ratio)","240 x 320 pixels, 4:3 ratio (~182 ppi density)",No,,,microSD (dedicated slot),,VGA,Yes,,,"Yes, with stereo speakers",No,No,"1.2, A2DP",No,FM radio,Proprietary,,WAP 2.0/xHTML,TV tuner Motion sensor MP3 player MP4 player Organizer World clock Stop watch Talking dictionary,Removable Li-Ion 1000 mAh battery,Up to 300 h,Up to 3 h,"Black, Silver",,,,,,,Class 12,No,,,1000 entries,Yes,"SMS, MMS",Yes,"Yes, MIDP 2.0"
i_mobile,i-mobile 522,https://fdn2.gsmarena.com/vv/bigpic/i-mobile-522.jpg,GSM,GSM 900 / 1800 / 1900,,,"2008, October. Released 2008, October",Discontinued,111 x 49 x 14.5 mm (4.37 x 1.93 x 0.57 in),93.6 g (3.28 oz),,Dual SIM (Mini-SIM),"TFT, 256K colors","2.2 inches, 15.0 cm2 (~27.6% screen-to-body ratio)","240 x 320 pixels, 4:3 ratio (~182 ppi density)",No,,,microSD (dedicated slot),120MB,VGA,No,,,No,No,No,"1.2, A2DP",No,FM radio,Proprietary,,WAP 2.0/xHTML,Built-in Yamaha Audio Amplifier MP3 player MP4 player Organizer World clock Stop watch Talking dictionary,Removable Li-Ion 1000 mAh battery,Up to 200 h,Up to 3 h,"Black, Silver",,,,,,,Class 10,No,,,500 entries,Yes,"SMS, MMS",Yes,"Yes, MIDP 2.0"
i_mobile,i-mobile 320,https://fdn2.gsmarena.com/vv/bigpic/i-mobile-320.jpg,GSM,GSM 900 / 1800 / 1900,,,"2008, October. Released 2008, December",Discontinued,112 x 49 x 12.8 mm (4.41 x 1.93 x 0.50 in),95 g (3.35 oz),,Mini-SIM,"TFT, 256K colors","2.2 inches, 15.0 cm2 (~27.3% screen-to-body ratio)","240 x 320 pixels, 4:3 ratio (~182 ppi density)","wallpapers, themes",,,microSD (dedicated slot),,VGA,Yes,,,No,No,No,Yes,No,FM radio,miniUSB,,WAP 2.0/xHTML,No,Removable Li-Ion 750 mAh battery,Up to 250 h,Up to 2 h 30 min,"Black, White",,,,,,Yamaha audio amplifier MP3 player MP4/3GP player  Organizer World clock Stop watch Predictive text input,Class 10,No,,,Yes,Yes,"SMS, MMS",Yes,No
i_mobile,i-mobile 319,https://fdn2.gsmarena.com/vv/bigpic/i-mobile-319.jpg,GSM,GSM 900 / 1800 / 1900,,,"2008, September. Released 2008, September",Discontinued,96 x 44 x 13.9 mm (3.78 x 1.73 x 0.55 in),80 g (2.82 oz),,Mini-SIM,"TFT, 256K colors","1.67 inches, 8.8 cm2 (~20.8% screen-to-body ratio)",128 x 160 pixels (~123 ppi density),No,,,microSD (dedicated slot),50MB,"VGA, AF",Yes,,,No,No,No,"1.2, A2DP",No,FM radio,Proprietary,,WAP 2.0/xHTML,Yamaha Audio Amplifier Motion sensor MP3 player Video player Organizer World clock Stop watch Talking dictionary,Removable Li-Ion 830 mAh battery,,,"Black, White, Gray",,,,LED flash,,,Class 10,No,,,500 entries,Yes,"SMS, MMS",Yes,No
i_mobile,i-mobile TV 626,https://fdn2.gsmarena.com/vv/bigpic/i-mobile-626.jpg,GSM,GSM 900 / 1800 / 1900,,,"2008, July. Released 2008",Discontinued,113.9 x 50 x 15.5 mm (4.48 x 1.97 x 0.61 in),90 g (3.17 oz),,Mini-SIM,"TFT, 256K colors","2.4 inches, 17.8 cm2 (~31.3% screen-to-body ratio)","240 x 320 pixels, 4:3 ratio (~167 ppi density)","Wallpapers, themes",,,microSD (dedicated slot),87MB,"3.15 MP, Casio-Hitachi module, AF",Yes,,,Yes,No,No,"1.2, A2DP",No,FM radio,Proprietary,,WAP 2.0/xHTML,No,Removable Li-Ion 1000 mAh battery,Up to 210 h,Up to 2 h 30 min,"Black, Silver, White",,,,LED flash,"Vibration; Downloadable polyphonic, MP3 ringtones",TV tuner TV-out MP3 player MP4 player Organizer World clock Stop watch Voice memo,Class 10,No,,,"1000 entries, Photocall",Yes,"SMS, EMS, MMS",Yes,Yes
i_mobile,i-mobile 902,https://fdn2.gsmarena.com/vv/bigpic/imobile-902.jpg,GSM,GSM 900 / 1800 / 1900,,,"2007, October",Discontinued,102 x 48 x 17.5 mm (4.02 x 1.89 x 0.69 in),94 g (3.32 oz),,Mini-SIM,"TFT, 16M","2.0 inches, 12.4 cm2 (~25.3% screen-to-body ratio)","240 x 320 pixels, 4:3 ratio (~200 ppi density)","Wallpapers, themes",,,"microSD (dedicated slot), 1 GB included",128MB,5 MP,480p,,,No,No,No,"2.0, A2DP",No,"Stereo FM radio, RDS",miniUSB,,WAP 2.0/xHTML,No,Removable Li-Ion 1100 mAh battery,Up to 300 h,Up to 3 h 30 min,Silver,,,,LED flash,"Vibration; Downloadable polyphonic, MP3 ringtones",TV-out MP3 player MP4 player Predictive text input Organizer World clock Stop watch,Class 10,No,,,500 entries,Yes,"SMS, EMS, MMS",Yes,Yes
i_mobile,i-mobile 625,https://fdn2.gsmarena.com/vv/bigpic/i-mobile-625.jpg,GSM,GSM 900 / 1800 / 1900,,,"2008, May. Released 2008, May",Discontinued,105 x 47 x 13 mm (4.13 x 1.85 x 0.51 in),90 g (3.17 oz),,Mini-SIM,"TFT, 256K colors","2.0 inches, 12.4 cm2 (~25.1% screen-to-body ratio)","240 x 320 pixels, 4:3 ratio (~200 ppi density)","wallpapers, themes",,,"microSD (dedicated slot), 1 GB included",60MB,"3.15 MP, Casio-Hitachi module, AF",Yes,,,No,No,No,"2.0, A2DP",No,FM radio,Proprietary,,WAP 2.0/xHTML,No,Removable Li-Ion 830 mAh battery,Up to 210 h,Up to 2 h 30 min,"Black, Silver",,,,LED flash,"Vibration; Downloadable polyphonic, MP3 ringtones",Yamaha audio amplifier  MP3 player MP4 player Organizer World clock Stop watch,Class 10,No,,,1000 entries,Yes,"SMS, EMS, MMS",Yes,Yes
i_mobile,i-mobile 903,https://fdn2.gsmarena.com/vv/bigpic/i-mobile-903.jpg,GSM,GSM 900 / 1800 / 1900,,,"2007, May. Released 2007, May",Discontinued,106 x 47 x 17 mm (4.17 x 1.85 x 0.67 in),88 g (3.10 oz),,Mini-SIM,"TFT, 256K colors","2.0 inches, 12.4 cm2 (~24.9% screen-to-body ratio)","240 x 320 pixels, 4:3 ratio (~200 ppi density)",wallpapers,,,"microSD (dedicated slot), 1 GB included",64MB,2 MP,Yes,,,No,No,No,"2.0, A2DP",No,FM radio,Proprietary,,WAP 2.0/xHTML,No,Removable Li-Ion 850 mAh battery,Up to 200 h,Up to 2 h,"Black, White",,,,,"Vibration; Downloadable polyphonic, MP3 ringtones",MP3 player MP4 player Talkie Gang (short-distance radio transceiver function) Organizer World clock Stop watch,Class 10,No,,,1000 entries,Yes,"SMS, EMS, MMS",Yes,Yes
i_mobile,i-mobile 613,https://fdn2.gsmarena.com/vv/bigpic/i-mobile-613.jpg,GSM,GSM 900 / 1800 / 1900,,,"2007, December. Released 2007, December",Discontinued,113 x 50 x 18 mm (4.45 x 1.97 x 0.71 in),74.5 g (2.61 oz),,Mini-SIM,"TFT, 256K colors","2.2 inches, 15.0 cm2 (~26.5% screen-to-body ratio)","240 x 320 pixels, 4:3 ratio (~182 ppi density)",,,,"microSD (dedicated slot), 1 GB included",87MB,"3.15 MP, AF",Yes,,,"Yes, with stereo speakers",No,No,"1.2, A2DP",No,FM radio,Proprietary,Accelerometer,WAP 2.0/xHTML,No,Removable Li-Ion 1000 mAh battery,Up to 300 h,Up to 3 h,Black,,,,,"Vibration; Downloadable polyphonic, MP3 ringtones",TV-out MP3 player MP4 player Organizer World clock Stop watch,Class 12,No,,,1000 entries,Yes,SMS,Yes,Yes
i_mobile,i-mobile 520,https://fdn2.gsmarena.com/vv/bigpic/i-mobile-520.jpg,GSM,GSM 900 / 1800 / 1900,,,"2007, December. Released 2007, December",Discontinued,104 x 46 x 12.4 mm (4.09 x 1.81 x 0.49 in),80 g (2.82 oz),,Mini-SIM,"TFT, 256K colors","1.76 inches, 9.7 cm2 (~20.4% screen-to-body ratio)",176 x 220 pixels (~160 ppi density),"wallpapers, themes",,,"microSD (dedicated slot), 1 GB included",56MB,1.3 MP,Yes,,,No,No,No,"2.0, A2DP",No,FM radio,Proprietary,,WAP 2.0/xHTML,No,Removable Li-Ion 750 mAh battery,Up to 200 h,Up to 3 h,"Black, Silver",,,,,"Vibration; Downloadable polyphonic, MP3 ringtones",Yamaha audio amplifier MP3 player MP4 player Organizer World clock Stop watch,Class 10,No,,,1000 entries,Yes,"SMS, MMS",Yes,"Yes, MIDP 2.0"
i_mobile,i-mobile 518,https://fdn2.gsmarena.com/vv/bigpic/i-mobile-518.jpg,GSM,GSM 900 / 1800 / 1900,,,"2007, December. Released 2007, December",Discontinued,105.5 x 49 x 16.5 mm (4.15 x 1.93 x 0.65 in),101 g (3.56 oz),,Mini-SIM,"TFT, 256K colors","2.0 inches, 12.4 cm2 (~24.0% screen-to-body ratio)","240 x 320 pixels, 4:3 ratio (~200 ppi density)",wallpapers,,,microSD (dedicated slot),88MB,2 MP,Yes,,,"Yes, with stereo speakers",No,No,"2.0, A2DP",No,"FM radio, recording; built-in antenna",miniUSB,,WAP 2.0/xHTML,No,Removable Li-Ion 1000 mAh battery,Up to 250 h,Up to 3 h,Black,,,,,"Vibration; Downloadable polyphonic, MP3 ringtones",TV-out MP3 player MP4 player Voice memo Organizer World clock Stop watch Solar-Lunar calendar,Class 10,No,,,Yes,Yes,"SMS, EMS, MMS",Yes,Yes
i_mobile,i-mobile 510,https://fdn2.gsmarena.com/vv/bigpic/i-mobile-510.jpg,GSM,GSM 900 / 1800 / 1900,,,"2006, April. Released 2006, April",Discontinued,99 x 44 x 15 mm (3.90 x 1.73 x 0.59 in),75 g (2.65 oz),,Mini-SIM,"TFT, 256K colors",,128 x 160 pixels,wallpapers,,,microSD (dedicated slot),64MB,VGA,Yes,,,No,No,No,No,No,FM radio,Proprietary,,WAP 2.0/xHTML,No,Removable Li-Ion 720 mAh battery,Up to 200 h,Up to 3 h,,,,,,"Vibration; Downloadable polyphonic, MP3 ringtones",MP3 player Video player Organizer World clock Stop watch,Class 10,No,,,Yes,Yes,"SMS, EMS, MMS",Yes,No
i_mobile,i-mobile 318,https://fdn2.gsmarena.com/vv/bigpic/i-mobile-318.jpg,GSM,GSM 900 / 1800,,,"2008, March. Released 2008, March",Discontinued,107 x 45 x 14.8 mm (4.21 x 1.77 x 0.58 in),85.9 g (3.03 oz),,Mini-SIM,"TFT, 256K colors","1.8 inches, 10.2 cm2 (~21.2% screen-to-body ratio)",176 x 220 pixels (~157 ppi density),"wallpapers, themes",,,microSD (dedicated slot),120MB,VGA,Yes,,,No,No,No,"1.2, A2DP",No,FM radio,Proprietary,,WAP,No,Removable Li-Ion 700 mAh battery,Up to 180 h,Up to 2 h,,,,,,"Vibration; Downloadable polyphonic, MP3 ringtones",Yamaha audio amplifier MP3 player Video player Organizer World clock Stop watch,Class 10,No,,,Yes,Yes,"SMS, MMS",Yes,No
i_mobile,i-mobile 315,https://fdn2.gsmarena.com/vv/bigpic/i-mobile-315.jpg,GSM,GSM 900 / 1800 / 1900,,,"2007, November. Released 2007, November",Discontinued,98 x 46.3 x 15.1 mm (3.86 x 1.82 x 0.59 in),80 g (2.82 oz),,Mini-SIM,"TFT, 256K colors","1.5 inches, 7.3 cm2 (~16.0% screen-to-body ratio)","128 x 128 pixels, 1:1 ratio (~121 ppi density)","wallpapers, themes",,,microSD (dedicated slot),,VGA,No,,,No,No,No,No,No,FM radio,Proprietary,,WAP,No,Removable Li-Ion 720 mAh battery,Up to 200 h,Up to 3 h,,,,,,"Vibration; Downloadable polyphonic, MP3, AAC+ ringtones",MP3 player Clock Calculator,Class 8,No,,,Yes,Yes,"SMS, EMS, MMS",Yes,No
i_mobile,i-mobile 202,https://fdn2.gsmarena.com/vv/bigpic/i-mobile-202.jpg,GSM,GSM 900 / 1800,,,"2008, November. Released 2008, December",Discontinued,105 x 44 x 14.5 mm (4.13 x 1.73 x 0.57 in),95 g (3.35 oz),,Mini-SIM,"CSTN, 65K colors","1.8 inches, 10.2 cm2 (~22.1% screen-to-body ratio)",128 x 160 pixels (~114 ppi density),"wallpapers, themes",,,microSD (dedicated slot),,VGA,No,,,No,No,No,No,No,FM radio,miniUSB,,WAP 2.0/HTML,No,Removable Li-Ion 750 mAh battery,Up to 220 h,Up to 2 h 30 min,"Black, White",,,,,,MP3 player Voice memo Predictive text input Organizer Stop watch,Yes,No,,,Yes,Yes,"SMS, MMS",Yes,No
i_mobile,i-mobile 201,https://fdn2.gsmarena.com/vv/bigpic/i-mobile-201.jpg,GSM,GSM 900 / 1800,,,"2008, May. Released 2008, May",Discontinued,106 x 45 x 15.5 mm (4.17 x 1.77 x 0.61 in),73 g (2.57 oz),,Mini-SIM,"CSTN, 65K colors","1.5 inches, 7.3 cm2 (~15.2% screen-to-body ratio)","128 x 128 pixels, 1:1 ratio (~121 ppi density)","wallpapers, themes",,,microSD (dedicated slot),,VGA,Yes,,,No,No,No,No,No,FM radio,Proprietary,,WAP,No,Removable Li-Ion 750 mAh battery,Up to 150 h,Up to 2 h,"Gray-Blue, Black-Orange",,,,,"Vibration; Downloadable polyphonic, MP3, VDO ringtones",Yamaha Audio Amplifier MP3 player MP4/AVI player Voice memo Predictive text input Organizer World clock Stop watch,No,No,,,500 entries,Yes,SMS,Yes,No
i_mobile,i-mobile 101,https://fdn2.gsmarena.com/vv/bigpic/i-mobile.jpg,GSM,GSM 900 / 1800,,,"2008, May. Released 2008, May",Discontinued,103 x 45 x 14.4 mm (4.06 x 1.77 x 0.57 in),69.6 g (2.36 oz),,Mini-SIM,"CSTN, 65K colors","1.5 inches, 7.3 cm2 (~15.7% screen-to-body ratio)","128 x 128 pixels, 1:1 ratio (~121 ppi density)",wallpapers,,,No,,,,,,No,No,No,No,No,No,No,,No,No,Removable Li-Ion 680 mAh battery,Up to 150 h,Up to 2 h 30 min,"Black, White, Gray",,,,,Vibration; Downloadable polyphonic ringtones,Organizer World clock Stop watch,No,No,,,255 entries,Yes,SMS(100),Yes,No
