Brand,Model Name,Model Image,Technology,2G bands,3G bands,Speed,Announced,Status,Dimensions,Weight,Keyboard,SIM,Type,Size,Resolution,,OS,CPU,Card slot,Internal,Single,Video,Single_1,Video_1,Loudspeaker,3.5mm jack,WLAN,Bluetooth,GPS,Radio,USB,Sensors,Browser,_1,Type_1,Stand-by,Talk time,Colors,Price,Chipset,GPU,Features,Alert types,_1_1,GPRS,EDGE,Infrared port,Languages,Phonebook,Call records,Messaging,Games,Java,4G bands,Music play,NFC
icemobile,Icemobile G8 LTE,https://fdn2.gsmarena.com/vv/bigpic/icemobile-g8-.jpg,GSM / HSPA / LTE,GSM 850 / 900 / 1800 / 1900,HSDPA 850 / 1700(AWS) / 1900 / 900,"HSPA 42.2/5.76 Mbps, LTE","2017, July","Available. Released 2017, July",188 x 108 x 10 mm (7.40 x 4.25 x 0.39 in),320 g (11.29 oz),,Micro-SIM,"IPS LCD capacitive touchscreen, 16M colors","7.0 inches, 137.9 cm2 (~67.9% screen-to-body ratio)","600 x 1024 pixels, 16:9 ratio (~170 ppi density)",,Android 5.1 (Lollipop),Quad-core 1.3 GHz Cortex-A53,microSD,,"5 MP, AF",Yes,VGA,,Yes,Yes,"Wi-Fi 802.11 a/b/g/n, hotspot","4.0, A2DP, EDR","Yes, with A-GPS",FM radio,microUSB 2.0,Accelerometer,,,"Li-Ion 2800 mAh, non-removable",,,"Black, Silver, Gold",,Mediatek MT8735,Mali-T720MP2,LED flash,,,,,Yes,,,,,,,"2, 4, 5, 7, 17",,
icemobile,Icemobile Mash,https://fdn2.gsmarena.com/vv/bigpic/icemobile-mash.jpg,GSM,GSM 850 / 900 / 1800 / 1900 - SIM 1 & SIM 2,,,"2016, March","Available. Released 2016, March",110 x 64 x 13.5 mm (4.33 x 2.52 x 0.53 in),-,QWERTY,Dual SIM,TFT,"2.2 inches, 15.0 cm2 (~21.3% screen-to-body ratio)","320 x 240 pixels, 4:3 ratio (~182 ppi density)",No,,,microSDHC (dedicated slot),32MB 32MB RAM,VGA,No,,,Yes,Yes,No,2.0,No,FM radio,microUSB,,,MP4/H.263 player MP3 player,"Li-Ion 800 mAh, removable",Up to 150 h,Up to 3 h,"White, Black, Red, Gold",,Spreadtrum 6531DA,,,,,Yes,No,,,300 entries,20 entries,SMS,No,No,,,
icemobile,Icemobile G8,https://fdn2.gsmarena.com/vv/bigpic/icemobile-g8.jpg,GSM / HSPA,GSM 850 / 900 / 1800 / 1900,HSDPA 850 / 1900 / 2100,HSPA,"2015, September. Released 2015, September",Discontinued,190 x 110 x 13 mm (7.48 x 4.33 x 0.51 in),320 g (11.29 oz),,Micro-SIM,"IPS LCD capacitive touchscreen, 16M colors","7.0 inches, 137.9 cm2 (~66.0% screen-to-body ratio)","600 x 1024 pixels, 16:9 ratio (~170 ppi density)",,Android 4.4.2 (KitKat),Dual-core 1.0 GHz Cortex-A7,microSD (dedicated slot),,"5 MP, AF",Yes,VGA,,Yes,Yes,Wi-Fi 802.11 b/g/n,"2.1, EDR","Yes, with A-GPS",FM radio,2.0,Accelerometer,,,"Li-Ion 2600 mAh, non-removable",Up to 280 h,Up to 10 h,"White, Black, Blue",,Mediatek MT6572 (28 nm),Mali-400,LED flash,,,,,Yes,,,,,,,,,
icemobile,Icemobile Prime 5.0 Plus,https://fdn2.gsmarena.com/vv/bigpic/icemobile-prime-5-plus.jpg,GSM / HSPA,GSM 850 / 900 / 1800 / 1900 - SIM 1 & SIM 2,HSDPA 850 / 1700 / 1900,HSPA,"2015, February. Released 2015, February",Discontinued,-,-,,Dual SIM,IPS LCD capacitive touchscreen,"5.0 inches, 68.9 cm2","720 x 1280 pixels, 16:9 ratio (~294 ppi density)",Flashlight,Android 4.4.2 (KitKat),Quad-core 1.3 GHz Cortex-A7,microSDHC,8GB 1GB RAM,"8 MP, AF",Yes,2 MP,,Yes,Yes,Wi-Fi 802.11 b/g/n,"4.0, A2DP",Yes,FM radio,microUSB 2.0,"Accelerometer, proximity",,,"Li-Ion 2000 mAh, removable",,,"Black, Blue",,Mediatek MT6582 (28 nm),Mali-400MP2,LED flash,,,,,,,,,,,,,,
icemobile,Icemobile Prime 5.0,https://fdn2.gsmarena.com/vv/bigpic/icemobile-prime-5.jpg,GSM / HSPA,GSM 850 / 900 / 1800 / 1900 - SIM 1 & SIM 2,HSDPA 850 / 1900,HSPA,"2015, February. Released 2015, February",Discontinued,142 x 72.3 x 8.7 mm (5.59 x 2.85 x 0.34 in),-,,Dual SIM,IPS LCD capacitive touchscreen,"5.0 inches, 68.9 cm2 (~67.1% screen-to-body ratio)","480 x 854 pixels, 16:9 ratio (~196 ppi density)",Flashlight,Android 4.4.2 (KitKat),Dual-core 1.3 GHz Cortex-A7,microSDHC,4GB 512MB RAM,5 MP,Yes,1.3 MP,,Yes,Yes,Wi-Fi 802.11 b/g/n,2.0,Yes,FM radio,microUSB 2.0,"Accelerometer, proximity",,,"Li-Ion 1600 mAh, removable",,Up to 3 h,"Black, White",,Mediatek MT6572A,Mali-400,LED flash,,,,,,,,,,,,,,
icemobile,Icemobile Prime 4.0 Plus,https://fdn2.gsmarena.com/vv/bigpic/icemobile-prime-4-plus.jpg,GSM / HSPA,GSM 850 / 900 / 1800 / 1900 - SIM 1 & SIM 2,HSDPA 850 / 1700 / 1900,HSPA,"2015, February. Released 2015, February",Discontinued,125 x 64 x 10 mm (4.92 x 2.52 x 0.39 in),-,,Dual SIM,IPS LCD capacitive touchscreen,", -","480 x 800 pixels, 5:3 ratio",Flashlight,Android 4.4.2 (KitKat),Dual-core 1.3 GHz Cortex-A7,microSDHC,4GB 512MB RAM,2 MP,Yes,VGA,,Yes,Yes,Wi-Fi 802.11 b/g/n,2.0,Yes,FM radio,microUSB 2.0,Accelerometer,,,"Li-Ion 1400 mAh, removable",,,"Black, Blue",,Mediatek MT6572 (28 nm),Mali-400,LED flash,,,,,,,,,,,,,,
icemobile,Icemobile Gravity 4.0,https://fdn2.gsmarena.com/vv/bigpic/icemobile-gravity-40.jpg,GSM / HSPA,GSM 850 / 900 / 1800 / 1900 - SIM 1 & SIM 2,HSDPA 850 / 1900 / 2100,HSPA 21.1/5.76 Mbps,"2014. Released 2014, November",Discontinued,140.4 x 75.8 x 16.3 mm (5.53 x 2.98 x 0.64 in),316 g (11.15 oz),,Micro-SIM,IPS LCD capacitive touchscreen,"4.02 inches, 44.5 cm2 (~41.8% screen-to-body ratio)","480 x 854 pixels, 16:9 ratio (~244 ppi density)",IP68 dust/water resistant (up to 1.5m for 30 mins),Android 4.4.2 (KitKat),Quad-core 1.2 GHz Cortex-A7,microSDHC (dedicated slot),8GB 1GB RAM,"8 MP, AF",Yes,1.3 MP,,Yes,Yes,"Wi-Fi 802.11 b/g/n, hotspot","4.0, A2DP",Yes,FM radio,microUSB 2.0,,,,"Li-Ion 2800 mAh, removable",Up to 300 h (2G) / Up to 300 h (3G),Up to 12 h (2G) / Up to 7 h 30 min (3G),"Black, White, Orange, Yellow, Green",,Mediatek MT6582 (28 nm),Mali-400MP2,LED flash,,,,,,,,,,,,,,
icemobile,Icemobile Rock 2.4,https://fdn2.gsmarena.com/vv/bigpic/icemobile-rock-24.jpg,GSM,GSM 850 / 900 / 1800 / 1900 - SIM 1 & SIM 2,,,2014. Released 2014,Discontinued,120 x 50 x 13.8 mm (4.72 x 1.97 x 0.54 in),60 g (2.12 oz),,Dual SIM (Mini-SIM),TFT,"2.4 inches, 18.1 cm2 (~30.2% screen-to-body ratio)",176 x 220 pixels (~117 ppi density),No,,,microSDHC,32MB 32MB,VGA,Yes,,,Yes,No,No,2.0,No,FM radio,microUSB,,,MP3/MP4/WAV player Calendar Predictive text input,"Li-Ion 1000 mAh, removable",Up to 100 h,Up to 9 h,"Black, White, Red, Pink, Green, White&blue",,,,,,,Yes,No,,,500 contacts,"20 dialed, 20 received, 20 missed calls","SMS, MMS",Yes,No,,,
icemobile,Icemobile Prime 5.5,https://fdn2.gsmarena.com/vv/bigpic/icemobile-prime-55.jpg,GSM / HSPA,GSM 850 / 900 / 1800 / 1900 - SIM 1 & SIM 2,HSDPA 850 / 1900,HSPA,"2014, August. Released 2014, August",Discontinued,152.5 x 77 x 8.6 mm (6.00 x 3.03 x 0.34 in),-,,Dual SIM,IPS LCD capacitive touchscreen,"5.46 inches, 82.2 cm2 (~70.0% screen-to-body ratio)","720 x 1280 pixels, 16:9 ratio (~269 ppi density)",,Android 4.4.2 (KitKat),Quad-core 1.3 GHz Cortex-A7,microSDXC,16GB 1GB RAM,8 MP,Yes,2 MP,,Yes,Yes,Wi-Fi 802.11 b/g/n,Yes,,FM radio,Proprietary,,,,"Li-Ion 2250 mAh, removable",,,White,,Mediatek MT6582A/W,Mali-400MP2,LED flash,,,,,,,,,,,,,,
icemobile,Icemobile Prime 3.5,https://fdn2.gsmarena.com/vv/bigpic/icemobile-prime-35.jpg,GSM / HSPA,GSM 850 / 900 / 1800 / 1900 - SIM 1 & SIM 2,HSDPA 850 / 1900,HSPA 7.2/5.76 Mbps,"2014, July. Released 2014, July",Discontinued,119.5 x 63.5 x 10.9 mm (4.70 x 2.5 x 0.43 in),-,,Dual SIM,TFT capacitive touchscreen,"3.5 inches, 36.5 cm2 (~48.1% screen-to-body ratio)","320 x 480 pixels, 3:2 ratio (~165 ppi density)",,Android 4.2.2 (Jelly Bean),Dual-core 1.2 GHz Cortex-A7,microSDHC,4GB 512MB RAM,2 MP,480p@30fps,VGA,,Yes,Yes,Wi-Fi 802.11 b/g,2.1,Yes,No,microUSB 2.0,Accelerometer,,,"Li-Ion 1200 mAh, removable",,,"White, Black",,Mediatek MT6572M (28 nm),Mali-400,LED flash,,,,,,,,,,,,,,
icemobile,Icemobile Prime 4.0,https://fdn2.gsmarena.com/vv/bigpic/icemobile-prime-4.jpg,GSM / HSPA,GSM 850 / 900 / 1800 / 1900 - SIM 1 & SIM 2,HSDPA 850 / 2100,HSPA,"2014, May. Released 2014, May",Discontinued,124 x 66 x 9.3 mm (4.88 x 2.60 x 0.37 in),-,,Dual SIM (Mini-SIM),IPS LCD capacitive touchscreen,"3.97 inches, 44.9 cm2 (~54.8% screen-to-body ratio)","480 x 800 pixels, 5:3 ratio (~235 ppi density)",Flashlight,Android 4.2.2 (Jelly Bean),Dual-core Cortex-A7,microSDHC,4GB 512MB RAM,2 MP,Yes,VGA,,Yes,Yes,Wi-Fi 802.11 b/g/n,2.0,Yes,FM radio,microUSB,Accelerometer,,,"Li-Ion 1550 mAh, removable",Up to 120 h,Up to 3 h 20 min,"White, Black, Blue",,Mediatek MT6572M/W,Mali-400,LED flash,,,,,,,,,,,,,,
icemobile,Icemobile Apollo Touch 3G,https://fdn2.gsmarena.com/vv/bigpic/icemobile-apollo-touch-3g.jpg,GSM / HSPA,GSM 850 / 900 / 1800 / 1900 - SIM 1 & SIM 2,HSDPA 850 / 2100,HSPA,"2014, February. Released 2014, February",Discontinued,110.5 x 64.5 x 12.4 mm (4.35 x 2.54 x 0.49 in),100 g (3.53 oz),,Dual SIM (Mini-SIM),TFT capacitive touchscreen,"3.5 inches, 36.5 cm2 (~51.2% screen-to-body ratio)","320 x 480 pixels, 3:2 ratio (~165 ppi density)",,Android 4.0 (Ice Cream Sandwich),1.0 GHz Cortex-A9,microSDHC (dedicated slot),512MB 512MB RAM,2 MP,Yes,VGA,,Yes,Yes,"Wi-Fi 802.11 b/g/n, hotspot","2.1, EDR",A-GPS only,FM radio,microUSB 2.0,Accelerometer,,,"Li-Ion 1200 mAh, removable",Up to 240 h,Up to 6 h,"White, Black, Blue",,,,LED flash,,,,,,,,,,,,,,
icemobile,Icemobile Apollo 3G,https://fdn2.gsmarena.com/vv/bigpic/apollo-3g.jpg,GSM / HSPA,GSM 850 / 900 / 1800 / 1900 - SIM 1 & SIM 2,HSDPA 850 / 2100,HSPA,"2014, February. Released 2014, February",Discontinued,110.5 x 64.5 x 12.4 mm (4.35 x 2.54 x 0.49 in),100 g (3.53 oz),QWERTY,Dual SIM (Mini-SIM),TFT capacitive touchscreen,"2.6 inches, 20.1 cm2 (~28.2% screen-to-body ratio)","480 x 320 pixels, 3:2 ratio (~222 ppi density)",,Android 4.2.2 (Jelly Bean),1.0 GHz Cortex-A9,microSDHC (dedicated slot),512MB 512MB RAM,2 MP,Yes,VGA,,Yes,Yes,Wi-Fi 802.11 b/g/n,2.0,A-GPS only,FM radio,microUSB 2.0,Accelerometer,,,"Li-Ion 1200 mAh, removable",Up to 240 h,Up to 6 h,"White, Black, Pink, Blue, Green, Red",,,,LED flash,,,,,,,,,,,,,,
icemobile,Icemobile G7 Pro,https://fdn2.gsmarena.com/vv/bigpic/icemobile-g7-pro.jpg,GSM / HSPA,GSM 850 / 900 / 1800 / 1900,HSDPA 850 / 2100,HSPA,2014. Released 2014,Discontinued,197.6 x 122.3 x 10.7 mm (7.78 x 4.81 x 0.42 in),307 g (10.83 oz),,Micro-SIM,"IPS LCD capacitive touchscreen, 16M colors","7.0 inches, 137.9 cm2 (~57.1% screen-to-body ratio)","600 x 1024 pixels, 16:9 ratio (~170 ppi density)",,Android 4.2.2 (Jelly Bean),Dual-core 1.2 GHz Cortex-A7,microSDHC (dedicated slot),4GB 512MB RAM,2 MP,Yes,VGA,,Yes,Yes,Wi-Fi 802.11 b/g/n,"4.0, A2DP",No,No,2.0,Accelerometer,,,"Li-Po 2800 mAh, non-removable",,,"Black, Red, White, Gray",,Mediatek MT6572W,Mali-400,,,,,,,,,,,,,,,
icemobile,Icemobile G3,https://fdn2.gsmarena.com/vv/bigpic/icemobile-g3.jpg,No cellular connectivity,N/A,,,2014. Released 2014,Discontinued,194 x 117 x 10 mm (7.64 x 4.61 x 0.39 in),300 g (10.58 oz),,No,"TFT capacitive touchscreen, 16M colors","7.0 inches, 137.9 cm2 (~60.8% screen-to-body ratio)","600 x 1024 pixels, 16:9 ratio (~170 ppi density)",HDMI port,Android 4.2.2 (Jelly Bean),Dual-core 1.0 GHz Cotex-A7,microSDHC (dedicated slot),4GB 512MB RAM,1.3 MP,Yes,VGA,,Yes,Yes,Wi-Fi 802.11 b/g/n,3.0,No,No,"2.0, USB On-The-Go",Accelerometer,,,"Li-Ion 2800 mAh, non-removable",,Up to 3 h 30 min (multimedia),"Black, Red, White",,,,LED flash,,,No,No,,,,,,,,,Up to 8 h,
icemobile,Icemobile Prime 4.5,https://fdn2.gsmarena.com/vv/bigpic/icemobile-prime-45.jpg,GSM / HSPA,GSM 850 / 900 / 1800 / 1900 - SIM 1 & SIM 2,HSDPA 850 / 2100,HSPA,"2014, January. Released 2014, January",Discontinued,133.5 x 67 x 9.5 mm (5.26 x 2.64 x 0.37 in),-,,Dual SIM,IPS LCD capacitive touchscreen,"4.46 inches, 54.8 cm2 (~61.3% screen-to-body ratio)","540 x 960 pixels, 16:9 ratio (~247 ppi density)",Flashlight,Android 4.2.2 (Jelly Bean),Dual-core Cortex-A7,microSDHC (dedicated slot),4GB 512MB RAM,2 MP,Yes,VGA,,Yes,Yes,Wi-Fi 802.11 b/g/n,2.1,,FM radio,microUSB,,,,"Li-Ion 1550 mAh, removable",,,"Black, White/Blue",,Mediatek MT6572AW,Mali-400,LED flash,,,,,,,,,,,,,,
icemobile,Icemobile Charm II,https://fdn2.gsmarena.com/vv/bigpic/icemobile-charm2.jpg,GSM,GSM 850 / 900 / 1800 / 1900 - SIM 1 & SIM 2,,,"2014, January. Released 2014, January",Discontinued,100 x 48.9 x 17.4 mm (3.94 x 1.93 x 0.69 in),-,,Dual SIM,TFT,"2.0 inches, 12.6 cm2 (~25.7% screen-to-body ratio)",220 x 176 pixels (~141 ppi density),No,,,microSDHC (dedicated slot),,VGA,Yes,,,Yes,Yes,No,2.0,No,Stereo FM radio,miniUSB,,,MP3/MP4 player Predictive text input,"Li-Ion 1000 mAh, removable",Up to 150 h,Up to 7 h,"Black, Red, Sliver, Blue, Pink",,,,,,,Class 10,No,,,500 contacts,20 entries,"SMS, MMS",Yes,No,,,
icemobile,Icemobile G10,https://fdn2.gsmarena.com/vv/bigpic/icemobile-g10.jpg,GSM / HSPA,GSM 850 / 900 / 1800 / 1900,HSDPA 850 / 1900 / 2100,HSPA,"2014, January. Released 2014, January",Discontinued,246 x 175 x 10.2 mm (9.69 x 6.89 x 0.40 in),-,,Micro-SIM,TFT capacitive touchscreen,"10.1 inches, 295.8 cm2 (~68.7% screen-to-body ratio)","800 x 1280 pixels, 16:10 ratio (~149 ppi density)",,Android 4.2 (Jelly Bean),Quad-core 1.2 GHz Cortex-A7,microSD (dedicated slot),,2 MP,Yes,VGA,,Yes,Yes,Wi-Fi 802.11 b/g/n,"2.1, EDR",Yes,FM radio,2.0,Accelerometer,,,"Li-Ion 6000 mAh, non-removable",Up to 120 h,Up to 8 h,"White, Black",,Mediatek MT8389,PowerVR SGX544,LED flash,,,,,Yes,,,,,,,,,
icemobile,Icemobile Gravity Pro,https://fdn2.gsmarena.com/vv/bigpic/icemobile-gravity-pro.jpg,GSM / HSPA,GSM 850 / 900 / 1800 / 1900 - SIM 1 & SIM 2,HSDPA 850 / 2100,HSPA 7.2/5.76 Mbps,2013. Released 2013,Discontinued,139.7 x 76.4 x 17.6 mm (5.5 x 3.01 x 0.69 in),240 g (8.47 oz),,Yes,IPS LCD capacitive touchscreen,"4.02 inches, 44.5 cm2 (~41.7% screen-to-body ratio)","480 x 854 pixels, 16:9 ratio (~244 ppi density)",IP67 dust/water resistant (up to 1m for 30 mins),Android 4.0 (Ice Cream Sandwich),Quad-core 1.2 GHz Cortex-A7,microSDHC (dedicated slot),4GB 1GB RAM,"8 MP, AF",Yes,1.3 MP,,Yes,Yes,"Wi-Fi 802.11 b/g/n, hotspot","4.1, A2DP","Yes, with A-GPS",FM radio,microUSB 2.0,,,,"Li-Ion 2800 mAh, removable",Up to 700 h,Up to 11 h,"Black, White, Orange",,Mediatek MT6589 (28 nm),PowerVR SGX544,LED flash,,,,,,,,,,,,,,
icemobile,Icemobile Sol III,https://fdn2.gsmarena.com/vv/bigpic/icemobile-sol-3.jpg,GSM,GSM 850 / 1900 - SIM 1 & SIM 2,,,"2013, November. Released 2013, November",Discontinued,128 x 68.7 x 10.2 mm (5.04 x 2.70 x 0.40 in),-,,"Dual SIM (Mini-SIM, dual stand-by)",TFT touchscreen,"4.0 inches, 47.6 cm2 (~54.2% screen-to-body ratio)","320 x 480 pixels, 3:2 ratio (~144 ppi density)",GSM 900 / 1800 - SIM 1 & SIM 2,,,microSDHC (dedicated slot),,VGA,,,,Yes,Yes,Wi-Fi 802.11 b/g/n,Yes,No,Stereo FM radio,Proprietary,,,Flashlight,"Li-Ion 1000 mAh, removable",,,"Black, Red, White, Blue",,,,LED flash,,TV app Organizer MP4 player MP3 player Predictive text input,Yes,No,,,Yes,Yes,"SMS, MMS",Yes,No,,,
icemobile,Icemobile Hydro,https://fdn2.gsmarena.com/vv/bigpic/icemobile-hydro.jpg,GSM,GSM 850 / 900 / 1800 / 1900,,,2013. Released 2013,Discontinued,114 x 54 x 11.8 mm (4.49 x 2.13 x 0.46 in),85 g (3.00 oz),,Yes,TFT,"2.0 inches, 12.6 cm2 (~20.5% screen-to-body ratio)",144 x 176 pixels (~114 ppi density),IP54 splash proof Flashlight,,,microSDHC (dedicated slot),,1.3 MP,Yes,,,Yes,No,No,2.0,No,FM radio,microUSB 2.0,,,No,"Li-Ion 500 mAh, removable",Up to 80 h,Up to 5 h,"Black, White, Blue",,,,,,MP3/MP4 player,Yes,No,,,500 contacts,100 entries,"SMS, MMS",Yes,No,,,
icemobile,Icemobile Rock Bold,https://fdn2.gsmarena.com/vv/bigpic/icemobile-rock-bold.jpg,GSM,GSM 850 / 900 / 1800 / 1900 - SIM 1 & SIM 2,,,2013. Released 2013,Discontinued,103.2 x 45.2 x 14.5 mm (4.06 x 1.78 x 0.57 in),46 g (w/out battery) (1.62 oz),,Dual SIM (Mini-SIM),TFT,"1.8 inches, 10.2 cm2 (~21.9% screen-to-body ratio)",128 x 160 pixels (~114 ppi density),Flashlight,,,microSD (dedicated slot),,1.3 MP,Yes,,,Yes,No,No,No,No,Stereo FM radio,miniUSB (charging only),,,No,"Li-Ion 700 mAh, removable",Up to 180 h,Up to 6 h,"Black, White, Red, Blue",,,,,,MP3/MP4 player Predictive text input,Class 10,No,,,500 contacts,"20 dialed, 20 received, 20 missed calls","SMS, MMS",No,No,,,
icemobile,Icemobile G2,https://fdn2.gsmarena.com/vv/bigpic/icemobile-g2.jpg,GSM,GSM 850 / 900 / 1800 / 1900,,,"2013, July. Released 2013, July",Discontinued,195 x 124 x 9.8 mm (7.68 x 4.88 x 0.39 in),450 g (0.99 lb),,Yes,TFT capacitive touchscreen,"7.0 inches, 137.9 cm2 (~57.0% screen-to-body ratio)","600 x 1024 pixels, 16:9 ratio (~170 ppi density)",Flashlight,Android OS,,microSDHC (dedicated slot),,3.15 MP,Yes,VGA,,Yes,Yes,Wi-Fi 802.11 b/g,"2.1, EDR",Yes,No,2.0,Accelerometer,,Analog TV,"Li-Po 2800 mAh, non-removable",Up to 120 h,Up to 4 h,"White, Black",,,,,,,Class 12,Yes,Yes,,,,,,,,,
icemobile,Icemobile Gprime Extreme,https://fdn2.gsmarena.com/vv/bigpic/icemobile-gprime-extreme.jpg,GSM / HSPA,GSM 850 / 900 / 1800 / 1900 - SIM 1 & SIM 2,HSDPA 850 / 2100,HSPA,2013. Released 2013,Discontinued,143 x 72.8 x 10 mm (5.63 x 2.87 x 0.39 in),125 g (4.41 oz),,Dual SIM (Mini-SIM),TFT capacitive touchscreen,"5.0 inches, 68.9 cm2 (~66.2% screen-to-body ratio)","720 x 1280 pixels, 16:9 ratio (~294 ppi density)",,Android 4.2.1 (Jelly Bean),Quad-core 1.2 GHz Cortex-A7,microSDHC (dedicated slot),,"8 MP, AF",Yes,2 MP,,No,Yes,"Wi-Fi 802.11 b/g/n, hotspot","2.1, EDR","Yes, with A-GPS",FM radio,microUSB 2.0,"Accelerometer, proximity",,,"Li-Ion 1600 mAh, removable",Up to 240 h,Up to 6 h,"Black, White",,Mediatek MT6589 (28 nm),PowerVR SGX544,LED flash,,,,,,,,,,,,,,
icemobile,Icemobile G7,https://fdn2.gsmarena.com/vv/bigpic/icemobile-g7.jpg,GSM / HSPA,GSM 850 / 900 / 1800 / 1900,HSDPA 850 / 1900 / 2100,HSPA,"2013, April. Released 2013, April",Discontinued,195 x 124 x 9.8 mm (7.68 x 4.88 x 0.39 in),450 g (0.99 lb),,Yes,TFT capacitive touchscreen,"7.0 inches, 137.9 cm2 (~57.0% screen-to-body ratio)","600 x 1024 pixels, 16:9 ratio (~170 ppi density)",Flashlight,Android OS,,microSDHC (dedicated slot),,3.15 MP,Yes,VGA,,Yes,Yes,Wi-Fi 802.11 b/g,"2.1, EDR",Yes,No,2.0,Accelerometer,,Analog TV,"Li-Po 2800 mAh, non-removable",Up to 120 h,Up to 4 h,"White, Black",,,,,,,,,Yes,,,,,,,,,
icemobile,Icemobile G5,https://fdn2.gsmarena.com/vv/bigpic/icemobile-g51.jpg,GSM / HSPA,GSM 850 / 900 / 1800 / 1900,HSDPA 850 / 1900 / 2100,HSPA,"2013, January. Released 2013, January",Discontinued,196.6 x 123.3 x 11.1 mm (7.74 x 4.85 x 0.44 in),345 g (12.17 oz),,Mini-SIM,"TFT capacitive touchscreen, 16M colors","7.0 inches, 137.9 cm2 (~56.9% screen-to-body ratio)","600 x 1024 pixels, 16:9 ratio",Analog TV,Android 4.0 (Ice Cream Sandwich),1.0 GHz Cortex-A9,microSDHC (dedicated slot),,2 MP,Yes,VGA,,Yes,Yes,Wi-Fi 802.11 b/g/n,Yes,Yes,FM radio,2.0,Accelerometer,,,"Li-Po 3000 mAh, non-removable",,,White/Black,,Mediatek MT6575 (40 nm),PowerVR SGX531,,,,,,Yes,,,,,,,,,
icemobile,Icemobile Tropical 3,https://fdn2.gsmarena.com/vv/bigpic/icemobile-tropical3.jpg,GSM,GSM 850 / 900 / 1800 / 1900 - SIM 1,,,"2011, November. Released 2012, November",Discontinued,103 x 55 x 13.3 mm (4.06 x 2.17 x 0.52 in),-,QWERTY,Dual SIM (Mini-SIM),TFT,"1.8 inches, 10.2 cm2 (~18.0% screen-to-body ratio)",128 x 160 pixels (~114 ppi density),GSM 850 / 900 / 1800 / 1900 - SIM 2,,,microSDHC (dedicated slot),,VGA,,,,Yes,Yes,No,Yes,No,Stereo FM radio,miniUSB,,,Flashlight,"Li-Ion 800 mAh, removable",Up to 180 h,Up to 7 h,"Black, Red, Blue, Silver, White",,,,,,MP3/MP4 player Predictive text input,Class 10,No,,,500 entries,20 entries,"SMS, MMS",Yes,No,,,
icemobile,Icemobile Quattro,https://fdn2.gsmarena.com/vv/bigpic/icemobile-quattro.jpg,GSM,GSM 850 / 900 / 1800 / 1900 - SIM 1,,,"2012, November. Released 2012, November",Discontinued,104 x 54 x 10.3 mm (4.09 x 2.13 x 0.41 in),-,QWERTY,Dual SIM (Mini-SIM),TFT,"2.3 inches, 16.4 cm2 (~29.2% screen-to-body ratio)","320 x 240 pixels, 4:3 ratio (~174 ppi density)",GSM 850 / 900 / 1800 / 1900 - SIM 2,,,microSDHC (dedicated slot),,Yes,,,,Yes,Yes,No,Yes,No,Stereo FM radio,miniUSB,,,Flashlight,"Li-Ion 1500 mAh, removable (BP-4L)",Up to 220 h,Up to 8 h,"White, Black, Silver, Blue, Red",,,,,,MP4/H.263 player MP3 player Predictive text input,Class 10,No,,,300 entries,20 entries,"SMS, MMS",Yes,No,,,
icemobile,Icemobile Prime Plus,https://fdn2.gsmarena.com/vv/bigpic/icemobile-galaxy-prime-plus.jpg,GSM / HSPA,GSM 850 / 900 / 1800 / 1900 - SIM 1 & SIM 2,HSDPA 850 / 1900 / 2100,HSPA,"2012, October. Released 2012, October",Discontinued,141.6 x 76.1 x 10.5 mm (5.57 x 3.00 x 0.41 in),135 g (4.76 oz),,Dual SIM (Mini-SIM),TFT capacitive touchscreen,"5.0 inches, 71.2 cm2 (~66.0% screen-to-body ratio)","480 x 800 pixels, 5:3 ratio (~187 ppi density)",HSDPA 2100,Android 4.0 (Ice Cream Sandwich),Dual-core 1.0 GHz Cortex-A5,microSDHC (dedicated slot),4GB 512MB RAM,"5 MP, AF",Yes,VGA,,No,Yes,"Wi-Fi 802.11 b/g/n, hotspot","4.0, EDR","Yes, with A-GPS",No,"microUSB 2.0, USB On-The-Go","Accelerometer, proximity",,,"Li-Ion 2150 mAh, removable",Up to 120 h,Up to 8 h,"Black, White",,Qualcomm MSM8225 Snapdragon S4 Play,Adreno 203,LED flash,,,,,,,,,,,,,,
icemobile,Icemobile Submarine,https://fdn2.gsmarena.com/vv/bigpic/icemobile-submarine.jpg,GSM,GSM 850 / 900 / 1800 / 1900 - SIM 1 & SIM 2,,,"2012, October. Released 2012, October",Discontinued,119 x 53 x 20 mm (4.69 x 2.09 x 0.79 in),135 g (4.76 oz),,Dual SIM (Mini-SIM),TFT,"2.0 inches, 12.6 cm2 (~20.1% screen-to-body ratio)",176 x 144 pixels (~114 ppi density),Flashlight,,,microSDHC (dedicated slot),,1.3 MP,Yes,,,Yes,Yes,Wi-Fi 802.11 b/g/n,Yes,No,FM radio,1.1,,,No,"Li-Ion 1800 mAh, removable",Up to 550 h,Up to 12 h,"Black, Orange, Gray",,,,,,,Yes,No,,,300 entries,Yes,"SMS, MMS",Yes,No,,,
icemobile,Icemobile Charm,https://fdn2.gsmarena.com/vv/bigpic/icemobile-charm.jpg,GSM,GSM 850 / 900 / 1800 / 1900 - SIM 1,,,"2012, October. Released 2012, October",Discontinued,92 x 43.5 x 20.8 mm (3.62 x 1.71 x 0.82 in),-,,Dual SIM (Mini-SIM),TFT,"1.8 inches, 10.2 cm2 (~25.5% screen-to-body ratio)",128 x 160 pixels (~114 ppi density),GSM 850 / 900 / 1800 / 1900 - SIM 2,,,microSDHC (dedicated slot),,VGA,No,,,Yes,No,No,Yes,No,Stereo FM radio,miniUSB (charging only),,,Flashlight,"Li-Ion 800 mAh, removable",Up to 150 h,Up to 7 h,"Black, Red, Silver, Blue, Pink",,,,,,MP3/MP4 player Predictive text input,Class 10,No,,,200 contacts,Yes,"SMS, MMS",Yes,No,,,
icemobile,Icemobile Apollo Touch,https://fdn2.gsmarena.com/vv/bigpic/icemobile-apollo-touch.jpg,GSM,GSM 850 / 900 / 1800 / 1900 - SIM 1,,,"2012, October. Released 2012, October",Discontinued,-,-,,Dual SIM (Mini-SIM),TFT capacitive touchscreen,"3.5 inches, 36.5 cm2","320 x 480 pixels, 3:2 ratio (~165 ppi density)",GSM 850 / 900 / 1800 / 1900 - SIM 2,Android 2.3.6 (Gingerbread),1.0 GHz Cortex-A9,microSDHC (dedicated slot),,2 MP,Yes,VGA,,Yes,Yes,Wi-Fi 802.11 b/g/n,Yes,No,FM radio,microUSB 2.0,Accelerometer,,MP4/H.264 player MP3/WAV/eAAC+ player Document viewer Photo viewer/editor,"Li-Ion 1200 mAh, removable",,,"White, Black, Pink, Blue, Green, Red, Yellow",,Mediatek MT6515,PowerVR SGX531,,,,Class 12,Yes,,,,,,,,,,
icemobile,Icemobile Apollo,https://fdn2.gsmarena.com/vv/bigpic/icemobile-apollo.jpg,GSM,GSM 850 / 900 / 1800 / 1900 - SIM 1,,,"2012, October. Released 2012, October",Discontinued,-,-,QWERTY,Dual SIM (Mini-SIM),TFT capacitive touchscreen,"2.6 inches, 20.1 cm2","480 x 320 pixels, 3:2 ratio (~222 ppi density)",GSM 850 / 900 / 1800 / 1900 - SIM 2,Android 2.3.6 (Gingerbread),1.0 GHz Cortex-A9,microSDHC (dedicated slot),,2 MP,Yes,VGA,,Yes,Yes,Wi-Fi 802.11 b/g/n,Yes,No,FM radio,microUSB 2.0,Accelerometer,,MP4/H.264 player MP3/WAV/eAAC+ player Document viewer Photo viewer/editor,"Li-Ion 1200 mAh, removable",,,"White, Black, Pink, Blue, Green, Red",,Mediatek MT6515,PowerVR SGX531,,,,Class 12,Yes,,,,,,,,,,
icemobile,Icemobile Sol II,https://fdn2.gsmarena.com/vv/bigpic/icemobile-sol2.jpg,GSM,GSM 850 / 900 / 1800 / 1900 - SIM 1,,,"2012, August. Released 2012, August",Discontinued,101 x 55.6 x 12.6 mm (3.98 x 2.19 x 0.50 in),65 g (2.29 oz),,Dual SIM (Mini-SIM),"TFT resistive touchscreen, 65K colors","2.8 inches, 24.3 cm2 (~43.2% screen-to-body ratio)","240 x 320 pixels, 4:3 ratio (~143 ppi density)",GSM 850 / 900 / 1800 / 1900 - SIM 2,,,microSDHC (dedicated slot),,1.3 MP,Yes,,,Yes,Yes,No,Yes,No,Stereo FM radio,miniUSB (charging only),,,Flashlight,Removable Li-Ion 1000 mAh battery,Up to 200 h,Up to 8 h,"Black, Red, Pink, White, Blue",,,,,,TV app Organizer MP4 player MP3 player Predictive text input,Class 10,No,,,500 entries,"20 dialed, 20 received, 20 missed calls","SMS, MMS",Yes,No,,,
icemobile,Icemobile Diamond Dust,https://fdn2.gsmarena.com/vv/bigpic/icemobile-diamond-dust.jpg,GSM,GSM 850 / 900 / 1800 / 1900 - SIM 1,,,"2012, August. Released 2012, August",Discontinued,115 x 61 x 12.8 mm (4.53 x 2.40 x 0.50 in),-,QWERTY,Dual SIM (Mini-SIM),TFT,"2.2 inches, 15.3 cm2 (~21.8% screen-to-body ratio)",176 x 144 pixels (~103 ppi density),GSM 850 / 900 / 1800 / 1900 - SIM 2,,,microSDHC (dedicated slot),16MB ROM,VGA,Yes,,,Yes,Yes,Wi-Fi 802.11 b/g/n,2.0,No,FM radio,Proprietary,,,No,Removable Li-Ion 950 mAh battery,,,"White, Black, Pink, Blue, Violet",,Mediatek MT6252C,,,,TV app MP3/3gp player Organizer E-book reader Unit converter,Class 12,No,,,300 entries,Yes,"SMS, MMS",Yes,Yes,,,
icemobile,Icemobile Blizzard,https://fdn2.gsmarena.com/vv/bigpic/icemobile-blizzard.jpg,GSM,GSM 900 / 1800 - SIM 1 & SIM 2,,,"2012, May",Discontinued,106.3 x 46 x 13.5 mm (4.19 x 1.81 x 0.53 in),-,,"Dual SIM (Mini-SIM, dual stand-by)",TFT,"2.0 inches, 12.6 cm2 (~25.7% screen-to-body ratio)",176 x 220 pixels,GSM 850 / 1900 - SIM 1 & SIM 2,,,microSD (dedicated slot),128MB 32MB,VGA,Yes,,,Yes,No,No,"2.0, A2DP",No,FM radio,microUSB,,,Flashlight,Removable Li-Ion 1000 mAh battery,Up to 100 h,Up to 2 h 10 min,"Black, Silver, Red, Blue, Pink",,,,,,Mobile TV MP3/MP4 player Organizer Predictive text input,Yes,No,,,Yes,"20 dialed, 20 received, 20 missed calls","SMS, MMS, Email, IM",No,No,,,
icemobile,Icemobile Rock Lite,https://fdn2.gsmarena.com/vv/bigpic/icemobile-rock-lite.jpg,GSM,GSM 850 / 900 / 1800 / 1900 - SIM 1,,,"2012, May",Discontinued,108 x 47 x 13.9 mm (4.25 x 1.85 x 0.55 in),51 g without battery (1.80 oz),,Dual SIM (Mini-SIM),TFT,"1.8 inches, 10.2 cm2 (~20.1% screen-to-body ratio)",128 x 160 pixels (~114 ppi density),GSM 850 / 900 / 1800 / 1900 - SIM 2,,,microSD (dedicated slot),,,,,,Yes,No,No,No,No,Stereo FM radio,miniUSB (charging only),,,Flashlight,Removable Li-Ion 700 mAh battery,Up to 180 h,Up to 6 h,"Black, Red, White, Red, Silver",,,,,,MP3/MP4 player Predictive text input,No,No,,,200 contacts,"20 dialed, 20 received, 20 missed calls",SMS,No,No,,,
icemobile,Icemobile Cenior,https://fdn2.gsmarena.com/vv/bigpic/icemobile-cenior.jpg,GSM,GSM 850 / 1900 - SIM 1 & SIM 2,,,"2012, May",Discontinued,110 x 46 x 16 mm (4.33 x 1.81 x 0.63 in),-,,Dual SIM (Mini-SIM),TFT,"1.8 inches, 10.2 cm2 (~20.2% screen-to-body ratio)",128 x 160 pixels,GSM 900 / 1800 - SIM 1 & SIM 2,,,microSDHC (dedicated slot),64MB 32MB,VGA,Yes,,,Yes,No,No,"2.0, A2DP (optional)",No,FM radio,microUSB,,,Flashlight,Removable Li-Ion 1200 mAh battery,Up to 150 h,Up to 3 h 20 min,"Black, Brown, Red",,,,,,MP3/MP4 player Organizer,Yes,No,,,Yes,"20 dialed, 20 received, 20 missed calls","SMS, MMS, Email, IM",No,No,,,
icemobile,Icemobile Acqua,https://fdn2.gsmarena.com/vv/bigpic/icemobile-acqua.jpg,GSM,GSM 850 / 900 / 1800 / 1900,,,"2012, April. Released 2012, September",Discontinued,120 x 54 x 23 mm (4.72 x 2.13 x 0.91 in),168 g (5.93 oz),,Mini-SIM,TFT,"1.77 inches, 9.9 cm2 (~15.2% screen-to-body ratio)",128 x 160 pixels (~116 ppi density),IP68 dust/water resistant (up to 1.5m for 30 mins) Flashlight,,,No,2GB,1.3 MP,Yes,,,Yes,No,No,Yes,No,FM radio (external),1.1,,,No,Removable Li-Ion 3600 mAh battery,Up to 600 h,Up to 24 h,"Black, Orange, Green",,,,,,,Class 12,No,,,500 entries,Yes,"SMS, MMS",Yes,No,,,
icemobile,Icemobile Prime,https://fdn2.gsmarena.com/vv/bigpic/icemobile-galaxy-prime.jpg,GSM / HSPA,GSM 850 / 900 / 1800 / 1900 - SIM 1 & SIM 2,HSDPA 850 / 1900 / 2100,HSPA 7.2/5.76 Mbps,2012,Discontinued,-,-,,Dual SIM (Mini-SIM),TFT capacitive touchscreen,"5.2 inches, 77.0 cm2","480 x 800 pixels, 5:3 ratio (~179 ppi density)",MP3/WAV/WMA/AAC player MP4/H.263 player Organizer Photo/video editor Document viewer Voice memo/dial Predictive text input,Android 2.3 (Gingerbread),650 MHz Cortex-A9,microSDHC (dedicated slot),512MB 512MB RAM,"5 MP, AF",Yes,VGA,,No,Yes,"Wi-Fi 802.11 b/g, hotspot",2.0,"Yes, with A-GPS",Stereo FM radio,microUSB 2.0,"Accelerometer, gyro, proximity, compass",,,Removable Li-Ion 2200 mAh battery,,,"Black, White",,Mediatek MT6573 (65 nm),PowerVR SGX531,LED flash,,,,,,,,,,,,,,
icemobile,Icemobile Rock Mini,https://fdn2.gsmarena.com/vv/bigpic/icemobile-rock-mini.jpg,GSM,GSM 850 / 900 / 1800 / 1900 - SIM 1,,,"2012, March",Discontinued,103.2 x 45.2 x 14.5 mm (4.06 x 1.78 x 0.57 in),46 g without battery (1.62 oz),,Dual SIM (Mini-SIM),TFT,"1.8 inches, 10.2 cm2 (~21.9% screen-to-body ratio)",128 x 160 pixels (~114 ppi density),GSM 850 / 900 / 1800 / 1900 - SIM 2,,,microSD (dedicated slot),,1.3 MP,Yes,,,Yes,No,No,No,No,Stereo FM radio,miniUSB (charging only),,,Flashlight,Removable Li-Ion 700 mAh battery,Up to 180 h,Up to 6 h,"Black, White, Red, Silver",,,,,,MP3/MP4 player Predictive text input,Class 10,No,,,500 contacts,"20 dialed, 20 received, 20 missed calls","SMS, MMS",Yes,No,,,
icemobile,Icemobile Twilight II,https://fdn2.gsmarena.com/vv/bigpic/icemobile-twilight2.jpg,GSM,GSM 850 / 900 / 1800 / 1900 - SIM 1,,,2012,Discontinued,100 x 51.2 x 17.6 mm (3.94 x 2.02 x 0.69 in),100 g (3.53 oz),QWERTY,Dual SIM (Mini-SIM),TFT touchscreen,"2.4 inches, 17.8 cm2 (~34.8% screen-to-body ratio)","240 x 320 pixels, 4:3 ratio (~167 ppi density)",GSM 850 / 900 / 1800 / 1900 - SIM 2,,,microSDHC (dedicated slot),,2 MP,Yes,VGA,,No,No,No,2.0,No,Stereo FM radio,miniUSB,,,Flashlight,Removable Li-Ion 700 mAh battery,Up to 180 h,Up to 6 h,"Black, Red, White",,,,,,Organizer TV app MP3/MP4 player Predictive Text Input,Yes,No,,,500 entries,Yes,"SMS, MMS",Yes,Yes,,,
icemobile,Icemobile Fuego,https://fdn2.gsmarena.com/vv/bigpic/icemobile-fuego.jpg,GSM,GSM 850 / 900 / 1800 / 1900 - SIM 1,,,"2012, January. Released 2012, January",Discontinued,88.5 x 57.6 x 17.5 mm (3.48 x 2.27 x 0.69 in),90 g (3.17 oz),QWERTY,Dual SIM (Mini-SIM),TFT,"2.0 inches, 12.6 cm2 (~24.7% screen-to-body ratio)",220 x 176 pixels (~141 ppi density),GSM 850 / 900 / 1800 / 1900 - SIM 2,,,microSDHC (dedicated slot),,1.3 MP,Yes,VGA,,Yes,,No,Yes,No,Stereo FM radio,miniUSB (charging only),,,Flashlight,Removable Li-Ion 950 mAh battery,Up to 500 h,Up to 6 h,"Black, Red, White",,,,,,TV app MP4 player MP3 player Predictive text input,No,No,,,500 entries,Yes,"SMS, MMS",Yes,Yes,,,
icemobile,Icemobile Hurricane II,https://fdn2.gsmarena.com/vv/bigpic/icemobile-hurricane-ii.jpg,GSM,GSM 850 / 900 / 1800 / 1900 - SIM 1,,,"2011, December. Released 2011, December",Discontinued,111.5 x 60 x 12.8 mm (4.39 x 2.36 x 0.50 in),90 g (3.17 oz),QWERTY,"Dual SIM (Mini-SIM, dual stand-by)",TFT,"2.2 inches, 15.0 cm2 (~22.4% screen-to-body ratio)","240 x 320 pixels, 4:3 ratio",GSM 850 / 900 / 1800 / 1900 - SIM 2,,,microSDHC (dedicated slot),64MB 128 MB,VGA,Yes,,,Yes,,Wi-Fi 802.11 b/g/n,Yes,No,FM radio,Proprietary,,,Flashlight,Removable Li-Ion 1050 mAh battery,Up to 72 h,Up to 8 h,"Black, White, Gold, Blue",,,,,,TV app MP4 player MP3 player,Yes,No,,,500 entries,Yes,SMS,Yes,No,,,
icemobile,Icemobile Sol,https://fdn2.gsmarena.com/vv/bigpic/icemobile-sol.jpg,GSM,GSM 850 / 900 / 1800 / 1900 - SIM 1,,,"2011, October. Released Exp. release 2012, Q1",Discontinued,96.2 x 52 x 13.2 mm (3.79 x 2.05 x 0.52 in),59 g (2.08 oz),,Dual SIM (Mini-SIM),"TFT resistive touchscreen, 65K colors","2.4 inches, 17.8 cm2 (~35.7% screen-to-body ratio)","240 x 320 pixels, 4:3 ratio (~167 ppi density)",GSM 850 / 900 / 1800 / 1900 - SIM 2,,,microSDHC (dedicated slot),,VGA,,,,Yes,Yes,No,Yes,No,Stereo FM radio,miniUSB (charging only),,,Flashlight,Removable Li-Ion 850 mAh battery,Up to 580 h,Up to 8 h,"Red, Pink, White, Blue",,,,,,TV app Organizer MP4 player MP3 player Predictive text input,Class 10,No,,,250 entries,Yes,"SMS, MMS",Yes,No,,,
icemobile,Icemobile Twister,https://fdn2.gsmarena.com/vv/bigpic/icemobile-twister.jpg,GSM / HSPA,GSM 850 / 900 / 1800 / 1900 - SIM 1,HSDPA 850 / 2100 - SIM 1 only,HSPA,"2011, October. Released Exp. release 2012, Q1",Discontinued,111.3 x 50 x 13 mm (4.38 x 1.97 x 0.51 in),90 g (3.17 oz),,Dual SIM (Mini-SIM),"TFT, 65K colors","2.4 inches, 17.8 cm2 (~32.1% screen-to-body ratio)","240 x 320 pixels, 4:3 ratio (~167 ppi density)",GSM 850 / 900 / 1800 / 1900 - SIM 2,,,microSDHC (dedicated slot),,2 MP,Yes,Yes,,Yes,Yes,No,Yes,No,Stereo FM radio,miniUSB (charging only),,,Flashlight,Removable Li-Ion 1000 mAh battery,Up to 600 h,Up to 9 h,"Black, Blue, White, Pink",,,,,,Organizer MP4 player MP3 player Predictive text input,,,,,500 entries,Yes,"SMS, MMS",Yes,"Yes, MIDP 2.0",,,
icemobile,Icemobile Wave,https://fdn2.gsmarena.com/vv/bigpic/icemobile-wave.jpg,GSM,GSM 850 / 900 / 1800 / 1900 - SIM 1,,,"2011, October. Released 2011, October",Discontinued,111 x 50 x 14.3 mm (4.37 x 1.97 x 0.56 in),86 g (3.03 oz),,Dual SIM (Mini-SIM),"TFT, 65K colors","2.2 inches, 15.0 cm2 (~27.0% screen-to-body ratio)","240 x 320 pixels, 4:3 ratio (~182 ppi density)",GSM 850 / 900 / 1800 / 1900 - SIM 2,,,microSDHC (dedicated slot),,VGA,Yes,Yes,,Yes,Yes,No,Yes,No,Stereo FM radio,miniUSB (charging only),,,Flashlight,Removable Li-Ion 800 mAh battery,Up to 580 h,Up to 8 h,"Black/Red, Blue/White, Black/Silver, Black",,,,,,TV app Organizer MP4 player MP3 player Predictive text input,Class 10,No,,,300 entries,Yes,"SMS, MMS",Yes,No,,,
icemobile,Icemobile Tornado II,https://fdn2.gsmarena.com/vv/bigpic/icemobile-tornado-ii.jpg,GSM,GSM 850 / 900 / 1800 / 1900 - SIM 1,,,"2011, September. Released 2011, October",Discontinued,107 x 45.4 x 13.8 mm (4.21 x 1.79 x 0.54 in),101 g (3.56 oz),QWERTY,Dual SIM (Mini-SIM),"TFT, 65K colors","2.2 inches, 15.0 cm2 (~30.9% screen-to-body ratio)","320 x 240 pixels, 4:3 ratio (~182 ppi density)",GSM 850 / 900 / 1800 / 1900 - SIM 2,,,microSD (dedicated slot),,VGA,Yes,Yes,,Yes,Yes,Wi-Fi 802.11 b/g/n,Yes,No,Stereo FM radio,miniUSB (charging only),,,Flashlight,Removable Li-Ion 1050 mAh battery,Up to 200 h,Up to 4 h 10 min,"Black, Red, Orange, Blue, Silver",,,,,,TV app Organizer MP4 player MP3 player Predictive text input,Yes,No,,,500 entries,Yes,"SMS, MMS",Yes,No,,,
icemobile,Icemobile Storm,https://fdn2.gsmarena.com/vv/bigpic/icemobile-storm.jpg,GSM,GSM 850 / 900 / 1800 / 1900 - SIM 1,,,"2011, August. Released 2011, September",Discontinued,106.5 x 59 x 14.6 mm (4.19 x 2.32 x 0.57 in),-,QWERTY,Triple SIM (Mini-SIM),"TFT, 26K colors","2.0 inches, 12.6 cm2 (~20.0% screen-to-body ratio)",220 x 176 pixels (~141 ppi density),GSM 850 / 900 / 1800 / 1900 - SIM 2 & SIM 3,,,microSDHC (dedicated slot),,VGA,Yes,Yes,,Yes,Yes,No,Yes,No,Stereo FM radio,miniUSB (charging only),,,Flashlight,Removable Li-Ion 1000 mAh battery,Up to 580 h,Up to 8 h,"Purple, Black, Red, Rose, Coffee, Blue, Yellow",,,,LED flash,,TV app Organizer MP4 player MP3 player Predictive text input,Class 10,No,,,300 entries,Yes,"SMS, MMS",Yes,No,,,
icemobile,Icemobile Clima II,https://fdn2.gsmarena.com/vv/bigpic/icemobile-clima-ii.jpg,GSM,GSM 850 / 900 / 1800 / 1900 - SIM 1,,,"2011, May. Released 2011, December",Discontinued,108.6 x 60 x 12.5 mm (4.28 x 2.36 x 0.49 in),106 g (3.74 oz),QWERTY,Dual SIM (Mini-SIM),"TFT resistive touchscreen, 65K colors","2.4 inches, 14.9 cm2 (~22.8% screen-to-body ratio)","640 x 320 pixels, 18:9 ratio (~298 ppi density)",GSM 850 / 900 / 1800 / 1900 - SIM 2,Android 2.2 (Froyo),416 MHz,microSDHC (dedicated slot),,2 MP,Yes,VGA,,Yes,Yes,Wi-Fi 802.11 b/g/n,Yes,No,Stereo FM radio,miniUSB (charging only),,,Flashlight,Removable Li-Ion 1000 mAh battery,Up to 680 h,Up to 8 h,"Black, Blue, White",About 70 EUR,Mediatek MT6516,,,,TV app Organizer Document viewer MP4 player MP3 player Predictive text input,Class 10,No,,,,,,,,,,
icemobile,Icemobile Flurry II,https://fdn2.gsmarena.com/vv/bigpic/icemobile-flurryII.jpg,GSM,GSM 850 / 900 / 1800 / 1900 - SIM 1,,,"2011, August. Released 2011, September",Discontinued,98 x 53 x 13.5 mm (3.86 x 2.09 x 0.53 in),-,QWERTY,"Dual SIM (Mini-SIM, dual stand-by)",TFT,"2.0 inches, 12.6 cm2 (~24.2% screen-to-body ratio)",220 x 176 pixels (~141 ppi density),GSM 850 / 900 / 1800 / 1900 - SIM 2,,,microSDHC (dedicated slot),,VGA,Yes,Yes,,Yes,No,No,Yes,No,Stereo FM radio,miniUSB (charging only),,,Flashlight,Removable Li-Ion 800 mAh battery,Up to 580 h,Up to 8 h,"Black, Red, Blue, Pink, White",,,,,,TV app Organizer MP4 player MP3 player Predictive text input,Class 10,No,,,300 entries,Yes,"SMS, MMS",Yes,No,,,
icemobile,Icemobile Shine,https://fdn2.gsmarena.com/vv/bigpic/icemobile-shine.jpg,GSM / HSPA,GSM 850 / 900 / 1800 / 1900,HSDPA 850 / 2100,HSPA 7.2/0.384 Mbps,"2011, June. Released 2011, July",Discontinued,112 x 58 x 13.5 mm (4.41 x 2.28 x 0.53 in),126 g (4.44 oz),,Mini-SIM,"TFT touchscreen,  65K colors","3.2 inches, 30.5 cm2 (~46.9% screen-to-body ratio)","320 x 480 pixels, 3:2 ratio (~180 ppi density)",Organizer Photo/video editor Document viewer  MP4/H.264 player MP3/AAC+ player Predictive text input,Android 2.2 (Froyo),,microSDHC (dedicated slot),512MB 256MB RAM,2 MP,Yes,Yes,,Yes,Yes,Wi-Fi 802.11 b/g,"2.1, A2DP","Yes, with A-GPS",FM radio,microUSB 2.0,"Accelerometer, compass",,,Removable Li-Ion battery,,,"White, Black, Red",,,,,,,,,,,,,,,,,,Optional
icemobile,Icemobile Crystal,https://fdn2.gsmarena.com/vv/bigpic/icemobile-crystal.jpg,GSM,GSM 850 / 900 / 1800 / 1900 - SIM 1,,,"2011, February. Released 2011, Q2",Discontinued,111.5 x 56.2 x 13.1 mm (4.39 x 2.21 x 0.52 in),-,,"Dual SIM (Mini-SIM, dual stand-by)","TFT touchscreen,  65K colors","3.5 inches, 34.9 cm2 (~55.6% screen-to-body ratio)","240 x 400 pixels, 5:3 ratio (~133 ppi density)",GSM 850 / 900 / 1800 / 1900 - SIM 2,Android 2.2 (Froyo),416 MHz,microSD (dedicated slot),512MB 256MB,1.3 MP,Yes,Yes,,Yes,Yes,Wi-Fi 802.11,Yes,"Yes, with A-GPS",Stereo FM radio,microUSB 2.0,Accelerometer,"WAP 2.0/xHTML, HTML",Trackball Flashlight,Removable Li-Ion 1050 mAh battery,Up to 180 h,Up to 5 h,"Black, White",,Mediatek MT6516,,LED flash,,TV app Organizer MP4/H.264 player MP3/AAC+ player Predictive text input,Yes,No,,,,,,,,,,
icemobile,Icemobile Comet II,https://fdn2.gsmarena.com/vv/bigpic/icemobile-cometII.jpg,GSM,GSM 850 / 900 / 1800 / 1900 - SIM 1,,,"2011, June",Discontinued,111.5 x 60 x 12.8 mm (4.39 x 2.36 x 0.50 in),90 g (3.17 oz),QWERTY,"Dual SIM (Mini-SIM, dual stand-by)","TFT, 65K colors","2.2 inches, 15.2 cm2 (~22.8% screen-to-body ratio)",220 x 176 pixels (~128 ppi density),GSM 850 / 900 / 1800 / 1900 - SIM 2,,,microSD (dedicated slot),,VGA,,,,Yes,Yes,Wi-Fi 802.11 b/g/n,Yes,No,Stereo FM radio,miniUSB (charging only),,WAP 2.0/xHTML,Flashlight,Removable Li-Ion 1050 mAh battery,Up to 200 h,Up to 4 h 10 min,"Black, Pink, Brown",,,,,,TV app Organizer MP4 player MP3 player Predictive text input,Yes,No,,,"500 contacts, Photocall",Yes,"SMS, MMS",Yes,Yes,,,
icemobile,Icemobile Viento II,https://fdn2.gsmarena.com/vv/bigpic/icemobile-viento-II.jpg,GSM,GSM 850 / 900 / 1800 / 1900 - SIM 1,,,"2011, June",Discontinued,100 x 55 x 13.5 mm (3.94 x 2.17 x 0.53 in),-,QWERTY,"Dual SIM (Mini-SIM, dual stand-by)","TFT, 65K colors","2.0 inches, 12.6 cm2 (~22.9% screen-to-body ratio)",220 x 176 pixels (~141 ppi density),GSM 850 / 900 / 1800 / 1900 - SIM 2,,,microSD (dedicated slot),,VGA,,,,Yes,Yes,No,2.0,No,Stereo FM radio,miniUSB (charging only),,WAP 2.0/xHTML,Flashlight,Removable Li-Ion 800 mAh battery,Up to 580 h,Up to 8 h,"Purple, Black, Red",,,,,,TV app Organizer MP4 player MP3 player Predictive text input,Class 10,No,,,"300 contacts, Photocall",Yes,"SMS, MMS",Yes,Yes,,,
icemobile,Icemobile Rock,https://fdn2.gsmarena.com/vv/bigpic/icemobile-rock.jpg,GSM,GSM 850 / 900 / 1800 / 1900 - SIM 1,,,"2011, June. Released 2011, July",Discontinued,109.7 x 46.6 x 15 mm (4.32 x 1.83 x 0.59 in),-,,"Dual SIM (Mini-SIM, dual stand-by)","TFT, 65K colors","1.77 inches, 9.9 cm2 (~19.3% screen-to-body ratio)",128 x 160 pixels (~116 ppi density),GSM 850 / 900 / 1800 / 1900 - SIM 2,,,microSD (dedicated slot),,Yes,,,,Yes,No,No,No,No,Stereo FM radio,miniUSB (charging only),,WAP 2.0/xHTML,Flashlight,Removable Li-Ion 800 mAh battery,Up to 580 h,Up to 8 h,"Purple, Blue, Black, Red, Yellow",,,,,,MP3/MP4 player Organizer Predictive text input,Class 10,No,,,"300 contacts, Photocall",Yes,"SMS, MMS",Yes,No,,,
icemobile,Icemobile Tropical,https://fdn2.gsmarena.com/vv/bigpic/icemobile-tropical-1.jpg,GSM,GSM 850 / 900 / 1800 / 1900 - SIM 1,,,"2011, May",Discontinued,108.5 x 57 x 13.5 mm (4.27 x 2.24 x 0.53 in),81 g (2.86 oz),QWERTY,"Dual SIM (Mini-SIM, dual stand-by)","TFT, 65K colors","1.8 inches, 10.2 cm2 (~16.5% screen-to-body ratio)",160 x 128 pixels (~114 ppi density),GSM 850 / 900 / 1800 / 1900 - SIM 2,,,microSD (dedicated slot),,VGA,Yes,,,Yes,Yes,No,Yes,No,Stereo FM radio,miniUSB (charging only),,WAP 2.0/xHTML,Flashlight,Removable Li-Ion 800 mAh battery,Up to 600 h,Up to 3 h,"Black/Red, White/Black, Pink/Black",,,,,,Organizer MP3 player Predictive text input,Class 10,No,,,"500 contacts, Photocall",Yes,"SMS, MMS",Yes,No,,,
icemobile,Icemobile Tropical II,https://fdn2.gsmarena.com/vv/bigpic/icemobile-tropical-ii-new.jpg,GSM,GSM 850 / 900 / 1800 / 1900 - SIM 1,,,"2011, May",Discontinued,99 x 55.5 x 12.9 mm (3.90 x 2.19 x 0.51 in),-,QWERTY,"Dual SIM (Mini-SIM, dual stand-by)","TFT, 65K colors","1.8 inches, 10.2 cm2 (~18.6% screen-to-body ratio)",160 x 128 pixels (~114 ppi density),GSM 850 / 900 / 1800 / 1900 - SIM 2,,,microSD (dedicated slot),,VGA,,,,Yes,Yes,No,Yes,No,Stereo FM radio,miniUSB (charging only),,WAP 2.0/xHTML,Flashlight,Removable Li-Ion 800 mAh battery,Up to 580 h,Up to 8 h,"Purple, Black, Red",,,,,,Organizer MP3 player Predictive text input,Class 10,No,,,"300 contacts, Photocall",Yes,"SMS, MMS",Yes,No,,,
icemobile,Icemobile Rainbow II,https://fdn2.gsmarena.com/vv/bigpic/icemobile-rainbow2.jpg,GSM,GSM 850 / 900 / 1800 / 1900 - SIM 1,,,"2011, April. Released 2011, April",Discontinued,109 x 47 x 14.1 mm (4.29 x 1.85 x 0.56 in),78 g (2.75 oz),,"Dual SIM (Mini-SIM, dual stand-by)","TFT, 65K colors","1.8 inches, 10.0 cm2 (~19.6% screen-to-body ratio)","120 x 160 pixels, 4:3 ratio (~111 ppi density)",GSM 850 / 900 / 1800 / 1900 - SIM 2,,,microSD (dedicated slot),,0.3 MP,Yes,,,Yes,No,No,Yes,No,Stereo FM radio,Proprietary,,WAP 2.0/xHTML,Flashlight,Removable Li-Ion battery,Up to 360 h,Up to 10 h,"Black, Blue, Red, Purple, Yellow",,,,,,MP3 player Organizer Voice memo,Yes,No,,,"300 contacts, Photocall",Yes,"SMS, MMS",Yes,No,,,
icemobile,Icemobile Rainbow,https://fdn2.gsmarena.com/vv/bigpic/icemobile-rainbow.jpg,GSM,GSM 850 / 900 / 1800 / 1900 - SIM 1,,,2011. Released 2011,Discontinued,109.7 x 57 x 15 mm (4.32 x 2.24 x 0.59 in),80 g (2.82 oz),,"Dual SIM (Mini-SIM, dual stand-by)","TFT, 65K colors","1.8 inches, 10.0 cm2 (~16.0% screen-to-body ratio)","120 x 160 pixels, 4:3 ratio (~111 ppi density)",GSM 850 / 900 / 1800 / 1900 - SIM 2,,,microSD (dedicated slot),,0.3 MP,No,,,Yes,No,No,Yes,No,FM radio,No,,WAP 2.0/xHTML,Flashlight,Removable Li-Ion 580 mAh battery,Up to 580 h,Up to 8 h,"Black, Blue, Red, Pink, White",,,,,,MP3/MP4 player Organizer Voice memo,Yes,No,,,"500 contacts, Photocall",Yes,"SMS, MMS",Yes,No,,,
icemobile,Icemobile Twilight,https://fdn2.gsmarena.com/vv/bigpic/icemobile-twilight.jpg,GSM,GSM 850 / 900 / 1800 / 1900 - SIM 1,,,"2010, December. Released 2010, October",Discontinued,88 x 59 x 14 mm (3.46 x 2.32 x 0.55 in),103 g (3.63 oz),QWERTY,Dual SIM (Mini-SIM),TFT,"1.8 inches, 10.0 cm2 (~19.3% screen-to-body ratio)","240 x 320 pixels, 4:3 ratio (~222 ppi density)",GSM 850 / 900 / 1800 / 1900 - SIM 2,,,microSDHC (dedicated slot),,0.3 MP,Yes,Yes,,No,No,Wi-Fi 802.11 b/g/n,Yes,No,FM radio,No,,,Organizer Analog TV MP3 Player Predictive Text Input,Removable Li-Ion 650 mAh battery,Up to 45 h,Up to 6 h,"Black, White, Red",,,,,,,Yes,No,,,200 entries,Yes,"SMS, MMS",Yes + downloadable,Yes,,,
