Brand,Model Name,Model Image,Technology,2G bands,3G bands,Speed,Announced,Status,Dimensions,Weight,Keyboard,SIM,Type,Size,Resolution,,OS,CPU,Card slot,Internal,Single,Video,Single_1,Video_1,Loudspeaker,3.5mm jack,WLAN,Bluetooth,GPS,Radio,USB,Sensors,Browser,_1,Type_1,Stand-by,Talk time,Colors,Price,Chipset,GPU,Features,Alert types,_1_1,GPRS,EDGE,Infrared port,Languages,Phonebook,Call records,Messaging,Games,Java,4G bands,Music play,NFC,Build,Quad,Dual,Features_1,Charging,Models,Performance,Display,Camera,Loudspeaker_1,Battery life,Triple,Protection,128GB 4GB RAM,SAR,64GB 4GB RAM,Dual_1,SAR EU
karbonn,Karbonn Titanium Mach Two S360,https://fdn2.gsmarena.com/vv/bigpic/karbonn-titanium-mach-two.jpg,GSM / HSPA,GSM 900 / 1800 / 1900 - SIM 1 & SIM 2,HSDPA 2100,HSPA,"2015, March. Released 2015, March",Discontinued,138 x 70.5 x 6.3 mm (5.43 x 2.78 x 0.25 in),112 g (3.95 oz),,Dual SIM,"IPS LCD capacitive touchscreen, 16M colors","5.0 inches, 68.9 cm2 (~70.8% screen-to-body ratio)","720 x 1280 pixels, 16:9 ratio (~294 ppi density)",,"Android 4.4.2 (KitKat), upgradable to 5.0 (Lollipop)",Octa-core 1.4 GHz Cortex-A7,microSDHC,8GB 1GB RAM,"8 MP, AF",Yes,8 MP,,Yes,Yes,"Wi-Fi 802.11 b/g/n, hotspot","4.0, A2DP","Yes, with A-GPS",FM radio,microUSB 2.0,"Accelerometer, proximity",,,"Li-Ion 1900 mAh, non-removable",,,Deep Blue,About 140 EUR,,,"LED flash, HDR",,,,,,,,,,,,,,,"Glass front (Asahi Dragontrail Glass), glass back (Gorilla Glass 3), aluminum frame",,,,,,,,,,,,Corning Gorilla Glass 3,,,,,
karbonn,Karbonn Titanium Wind W4,https://fdn2.gsmarena.com/vv/bigpic/karbonn-w4.jpg,GSM / HSPA,GSM 900 / 1800 / 1900 - SIM 1 & SIM 2,HSDPA 2100,HSPA,"2014, September. Released 2014, September",Discontinued,125.1 x 64.3 x 11 mm (4.93 x 2.53 x 0.43 in),-,,Dual SIM,"TFT capacitive touchscreen, 256K colors","4.0 inches, 45.5 cm2 (~56.6% screen-to-body ratio)","480 x 800 pixels, 5:3 ratio (~233 ppi density)",,Microsoft Windows Phone 8.1,Quad-core 1.2 GHz,microSDHC,4GB 512MB RAM,"5 MP, AF",Yes,VGA,,Yes,Yes,"Wi-Fi 802.11 b/g/n, hotspot",2.0,"Yes, with A-GPS",FM radio,microUSB 2.0,Yes,,,"Li-Ion 1950 mAh, removable",Up to 240 h,Up to 8 h,"Black,White, Red",,,,LED flash,,,,,,,,,,,,,,,,,,,,,,,,,,,,,,,,
karbonn,Karbonn Titanium S99,https://fdn2.gsmarena.com/vv/bigpic/karbonn-s99.jpg,GSM / HSPA,GSM 900 / 1800 / 1900 - SIM 1 & SIM 2,HSDPA 2100,HSPA,"2014, June. Released 2014, June",Discontinued,133 x 66 x 9.7 mm (5.24 x 2.60 x 0.38 in),-,,Dual SIM,"IPS LCD capacitive touchscreen, 16M colors","4.0 inches, 45.5 cm2 (~51.9% screen-to-body ratio)","480 x 800 pixels, 5:3 ratio (~233 ppi density)",,Android 4.4 (KitKat),Quad-core 1.3 GHz,microSDHC,4GB 512MB RAM,5 MP,Yes,VGA,,Yes,Yes,"Wi-Fi 802.11 b/g/n, hotspot",2.0,"Yes, with A-GPS",FM radio,microUSB 2.0,Yes,,,Li-Ion 1400 mAh battery,Up to 168 h,Up to 5 h,"Black,White",,,,LED flash,,,,,,,,,,,,,,,,,,,,,,,,,,,,,,,,
karbonn,Karbonn Sparkle V,https://fdn2.gsmarena.com/vv/bigpic/karbonn-sparkle-v.jpg,GSM / HSPA,GSM 850 / 900 / 1800 / 1900 - SIM 1 & SIM 2,HSDPA 850 / 2100,HSPA,"2014, September. Released 2014, September",Discontinued,132 x 67 x 9.2 mm (5.20 x 2.64 x 0.36 in),138 g (4.87 oz),,Dual SIM,"IPS LCD capacitive touchscreen, 16M colors","4.5 inches, 55.8 cm2 (~63.1% screen-to-body ratio)","480 x 854 pixels, 16:9 ratio (~218 ppi density)",,"Android 4.4.4 (KitKat), upgradable to 6.0 (Marshmallow), Android One",Quad-core 1.3 GHz Cortex-A7,microSDHC,4GB 1GB RAM,"5 MP, AF",720p,2 MP,,Yes,Yes,"Wi-Fi 802.11 b/g/n, hotspot","4.0, A2DP","Yes, with A-GPS",FM radio,microUSB 2.0,"Accelerometer, proximity",,,"Li-Ion 1700 mAh, removable",Up to 160 h,Up to 8 h,Red,About 80 EUR,Mediatek MT6582 (28 nm),Mali-400MP2,LED flash,,,,,,,,,,,,,,,,,,,,,,,,,,,,,,,,
karbonn,Karbonn Titanium S19,https://fdn2.gsmarena.com/vv/bigpic/karbonn-titanium-s19.jpg,GSM / HSPA,GSM 900 / 1800 - SIM 1 & SIM 2,HSDPA 2100,HSPA,"2014, August. Released 2014, August",Discontinued,-,-,,Dual SIM,"IPS LCD capacitive touchscreen, 16M colors","5.0 inches, 68.9 cm2","720 x 1280 pixels, 16:9 ratio (~294 ppi density)",,Android 4.4.2 (KitKat),Quad-core 1.3 GHz,microSDHC,8GB 1GB RAM,"13 MP, AF",Yes,5 MP,,Yes,Yes,"Wi-Fi 802.11 b/g/n, hotspot","4.0, A2DP","Yes, with A-GPS",FM radio,microUSB 2.0,"Accelerometer, proximity",,,Li-Ion 2000 mAh battery,,,"Black, White",About 110 EUR,,,LED flash,,,,,,,,,,,,,,,,,,,,,,,,,,,,,,,,
karbonn,Karbonn Smart A12 Star,https://fdn2.gsmarena.com/vv/bigpic/karbonn-smart-a12-star.jpg,GSM / HSPA,GSM 900 / 1800 - SIM 1 & SIM 2,HSDPA 2100,HSPA,"2014, July. Released 2014, July",Discontinued,124.2 x 64.2 x 10.1 mm (4.89 x 2.53 x 0.40 in),130 g (4.59 oz),,"Dual SIM (Micro-SIM, dual stand-by)","IPS LCD capacitive touchscreen, 16M colors","4.0 inches, 45.5 cm2 (~57.1% screen-to-body ratio)","480 x 800 pixels, 5:3 ratio (~233 ppi density)",,Android 4.4.2 (KitKat),Dual-core 1.2 GHz,microSDHC,4GB 512MB RAM,5 MP,Yes,VGA,,Yes,Yes,"Wi-Fi 802.11 b/g/n, hotspot",2.0,"Yes, with A-GPS",FM radio,microUSB 2.0,"Accelerometer, proximity",,,Li-Ion 1400 mAh battery,Up to 300 h,,Black,About 50 EUR,,,LED flash,,,,,,,,,,,,,,,,,,,,,,,,,,,,,,,,0.79 W/kg (head)
karbonn,Karbonn Titanium S1 Plus,https://fdn2.gsmarena.com/vv/bigpic/karbonn-titanium-s1-plus.jpg,GSM / HSPA,GSM 900 / 1800 - SIM 1 & SIM 2,HSDPA 2100,HSPA,"2014, May. Released 2014, May",Discontinued,124 x 64 x 10.3 mm (4.88 x 2.52 x 0.41 in),129 g (4.55 oz),,Dual SIM,Capacitive touchscreen,"4.0 inches, 45.5 cm2 (~57.4% screen-to-body ratio)","480 x 800 pixels, 5:3 ratio (~233 ppi density)",,Android 4.3 (Jelly Bean),Quad-core 1.2 GHz,microSDHC,4GB 1GB RAM,"5 MP, AF",Yes,VGA,,Yes,Yes,"Wi-Fi 802.11 b/g/n, hotspot",2.0,"Yes, with A-GPS",FM radio,microUSB 2.0,"Accelerometer, proximity",,,Li-Ion 1500 mAh battery,,,White,About 80 EUR,,Adreno 302,LED flash,,,,,,,,,,,,,,,,,,,,,,,,,,,,,,,,
karbonn,Karbonn Titanium Hexa,https://fdn2.gsmarena.com/vv/bigpic/karbonn-titanium-hexa.jpg,GSM / HSPA,GSM 850 / 900 / 1800 / 1900 - SIM 1 & SIM 2,HSDPA,HSPA 42.2/5.76 Mbps,"2014, March. Released 2014, April",Discontinued,154 x 76.8 x 6.9 mm (6.06 x 3.02 x 0.27 in),-,,Dual SIM,"Capacitive touchscreen, 16M colors","5.5 inches, 83.4 cm2 (~70.5% screen-to-body ratio)","1080 x 1920 pixels, 16:9 ratio (~401 ppi density)",,Android 4.4.2 (KitKat),Hexa-core 1.5 GHz Cortex-A7,microSDHC,16GB 2GB RAM,"13 MP, AF",Yes,5 MP,,Yes,Yes,"Wi-Fi 802.11 b/g/n, hotspot","4.0, A2DP","Yes, with A-GPS",No,"microUSB 2.0, USB On-The-Go","Accelerometer, proximity",,,Li-Po 2050 mAh battery,,,"Black, White",About 200 EUR,Mediatek MT6591,Mali-450MP4,"LED flash, panorama",,,Yes,Yes,,,,,,,,,,,,,,,,,,,,,,,,,,,,
karbonn,Karbonn Titanium Octane Plus,https://fdn2.gsmarena.com/vv/bigpic/karbonn-titanium-octane-plus.jpg,GSM / HSPA,GSM 850 / 900 / 1800 / 1900 - SIM 1 & SIM 2,HSDPA,HSPA 42.2/5.76 Mbps,"2014, March. Released 2014, April",Discontinued,147.3 x 72.6 x 7.6 mm (5.80 x 2.86 x 0.30 in),-,,Dual SIM,"IPS LCD capacitive touchscreen, 16M colors","5.0 inches, 68.9 cm2 (~64.4% screen-to-body ratio)","1080 x 1920 pixels, 16:9 ratio (~441 ppi density)",,Android 4.4.2 (KitKat),Octa-core 1.7 GHz Cortex-A7,microSDHC,16GB 2GB RAM,"16 MP, AF",Yes,8 MP,,Yes,Yes,"Wi-Fi 802.11 b/g/n, hotspot","4.0, A2DP","Yes, with A-GPS",No,microUSB 2.0,"Accelerometer, gyro, proximity, compass",,,"Li-Ion 2000 mAh, removable",,,"Black, White",About 220 EUR,Mediatek MT6592 (28 nm),Mali-450MP4,"LED flash, panorama",,,Yes,Yes,,,,,,,,,,,,,,,,,,,,,,,,,,,,
karbonn,Karbonn Titanium Octane,https://fdn2.gsmarena.com/vv/bigpic/karbonn-titanium-octane-plus.jpg,GSM / HSPA,GSM 850 / 900 / 1800 / 1900 - SIM 1 & SIM 2,HSDPA,HSPA 42.2/5.76 Mbps,"2014, March. Released 2014, April",Discontinued,145.7 x 71.2 x 7.9 mm (5.74 x 2.80 x 0.31 in),-,,Dual SIM,"IPS LCD capacitive touchscreen, 16M colors","5.0 inches, 68.9 cm2 (~66.4% screen-to-body ratio)","720 x 1280 pixels, 16:9 ratio (~294 ppi density)",,Android 4.4.2 (KitKat),Octa-core 1.7 GHz Cortex-A7,microSDHC,16GB 1GB RAM,"13 MP, AF",Yes,5 MP,,Yes,Yes,"Wi-Fi 802.11 b/g/n, hotspot","4.0, A2DP","Yes, with A-GPS",FM radio,microUSB 2.0,"Accelerometer, gyro, proximity, compass",,,"Li-Ion 2000 mAh, removable",,,"Black, White",About 170 EUR,Mediatek MT6592 (28 nm),Mali-450MP4,"LED flash, panorama",,,Yes,Yes,,,,,,,,,,,,,,,,,,,,,,,,,,,,
karbonn,Karbonn Titanium X,https://fdn2.gsmarena.com/vv/bigpic/karbonn-titanium-x.jpg,GSM / HSPA,GSM 900 / 1800,HSDPA 2100,HSPA,"2014, January. Released 2014, January",Discontinued,143.9 x 70.5 x 9.9 mm (5.67 x 2.78 x 0.39 in),143 g (5.04 oz),,Micro-SIM,"IPS LCD capacitive touchscreen, 16M colors","5.0 inches, 68.9 cm2 (~67.9% screen-to-body ratio)","1080 x 1920 pixels, 16:9 ratio (~441 ppi density)",,Android 4.2.2 (Jelly Bean),Quad-core 1.5 GHz Cortex-A7,microSDHC (dedicated slot),16GB 1GB RAM,"13 MP, AF",Yes,5 MP,,Yes,Yes,Wi-Fi 802.11 b/g/n,"4.0, A2DP","Yes, with A-GPS",FM radio,"microUSB 2.0, USB On-The-Go","Accelerometer, proximity",,,"Li-Ion 2300 mAh, non-removable",Up to 240 h,Up to 6 h,Black,About 200 EUR,Mediatek MT6589T (28 nm),PowerVR SGX544MP2,"Dual-LED flash, HDR, panorama",,,,,,,,,,,,,,Yes,,,,,,,,,,,,,,,,,,
karbonn,Karbonn A16,https://fdn2.gsmarena.com/vv/bigpic/karbonn-a16.jpg,GSM / HSPA,GSM 900 / 1800 - SIM 1 & SIM 2,HSDPA 2100,HSPA,"2014, January. Released 2014, January",Discontinued,-,-,,Dual SIM,"TFT capacitive touchscreen, 16M colors","3.9 inches, 43.3 cm2","480 x 800 pixels, 5:3 ratio (~239 ppi density)",,Android 4.2 (Jelly Bean),Dual-core 1.3 GHz,microSDHC,4GB 512MB RAM,5 MP,Yes,Yes,,Yes,Yes,"Wi-Fi 802.11 b/g/n, hotspot",2.0,"Yes, with A-GPS",FM radio,microUSB 2.0,"Accelerometer, proximity",,,"Li-Ion 1350 mAh, removable",,,Black,About 60 EUR,,,,,,,,,,,,,,,,,,,,,,,,,,,,,,,,,,,
karbonn,Karbonn A12+,https://fdn2.gsmarena.com/vv/bigpic/karbonn-a12-plus.jpg,GSM / HSPA,GSM 900 / 1800 - SIM 1 & SIM 2,HSDPA 2100,HSPA,"2013, October. Released 2013, October",Discontinued,-,-,,Dual SIM,IPS LCD capacitive touchscreen,"4.0 inches, 45.5 cm2","480 x 800 pixels, 5:3 ratio (~233 ppi density)",,Android 4.2 (Jelly Bean),Dual-core 1.3 GHz,microSDHC (dedicated slot),4GB 512MB RAM,"5 MP, AF",Yes,VGA,,Yes,Yes,"Wi-Fi 802.11 b/g/n, hotspot",Yes,"Yes, with A-GPS",FM radio,microUSB 2.0,"Accelerometer, proximity",,,Li-Ion 1400 mAh battery,,,Black/White,About 60 EUR,,,LED flash,,,,,,,,,,,,,,,,,,,,,,,,,,,,,,,,
karbonn,Karbonn Titanium S5 Plus,https://fdn2.gsmarena.com/vv/bigpic/karbonn-titanium-s5-plus.jpg,GSM / HSPA,GSM 900 / 1800 - SIM 1 & SIM 2,HSDPA 2100,HSPA 21.1/5.76 Mbps,"2013, December. Released 2013, December",Discontinued,138 x 70.5 x 7.9 mm (5.43 x 2.78 x 0.31 in),104.5 g (3.70 oz),,Dual SIM (Mini-SIM),"IPS LCD capacitive touchscreen, 16M colors","5.0 inches, 68.9 cm2 (~70.8% screen-to-body ratio)","540 x 960 pixels, 16:9 ratio (~220 ppi density)",,Android 4.2.2 (Jelly Bean),Quad-core 1.3 GHz,microSDHC (dedicated slot),4GB 1GB RAM,"8 MP, AF",Yes,Yes,,Yes,Yes,"Wi-Fi 802.11 b/g/n, hotspot",Yes,"Yes, with A-GPS",FM radio,microUSB 2.0,"Accelerometer, proximity",,,"Li-Ion 1800 mAh, removable",,,"Black, White",About 120 EUR,,,LED flash,,,,,,,,,,,,,,,,,,,,,,,,,,,,,,,,
karbonn,Karbonn S7 Titanium,https://fdn2.gsmarena.com/vv/bigpic/karbonn-titanium-s7.jpg,GSM / HSPA,GSM 850 / 900 / 1800 / 1900 - SIM 1 & SIM 2,HSDPA 2100,HSPA,"2013, November. Released 2013, December",Discontinued,143.5 x 72 x 9.3 mm (5.65 x 2.83 x 0.37 in),-,,Dual SIM,"Capacitive touchscreen, 16M colors","5.0 inches, 68.9 cm2 (~66.7% screen-to-body ratio)","1080 x 1920 pixels, 16:9 ratio (~441 ppi density)",,Android 4.2 (Jelly Bean),Quad-core 1.5 GHz,microSDHC (dedicated slot),16GB 1GB RAM,"13 MP, AF",Yes,2 MP,,Yes,Yes,"Wi-Fi 802.11 b/g/n, hotspot",Yes,"Yes, with A-GPS",FM radio,Proprietary,"Accelerometer, gyro, proximity, compass",,,Li-Ion 2000 mAh battery,Up to 200 h,Up to 4 h,Black,About 180 EUR,,,LED flash,,,,,,,,,,,,,,,,,,,,,,,,,,,,,,,,
karbonn,Karbonn S9 Titanium,https://fdn2.gsmarena.com/vv/bigpic/karbonn-s9.jpg,GSM / HSPA,GSM 900 / 1800 / 1900 - SIM 1 & SIM 2,HSDPA 2100,HSPA,"2013, July. Released 2013, July",Discontinued,-,176.5 (6.21 oz),,Dual SIM,"IPS LCD capacitive touchscreen, 16M colors","5.5 inches, 83.4 cm2","720 x 1280 pixels, 16:9 ratio (~267 ppi density)",,Android 4.2 (Jelly Bean),Quad-core 1.2 GHz Cortex-A7,microSDHC (dedicated slot),16GB 1GB RAM,"13 MP, AF",Yes,5 MP,,Yes,Yes,"Wi-Fi 802.11 b/g/n, hotspot, DLNA",Yes,"Yes, with A-GPS",FM radio,Proprietary,"Accelerometer, proximity",,,Li-Ion 2600 mAh battery,,,White,About 170 EUR,Mediatek MT6589 (28 nm),PowerVR SGX544,LED flash,,,,,,,,,,,,,,,,,,,,,,,,,,,,,,,,
karbonn,Karbonn A10,https://fdn2.gsmarena.com/vv/bigpic/karbonn-a10.jpg,GSM / HSPA,GSM 900 / 1800 - SIM 1 & SIM 2,HSDPA 2100,HSPA,"2013, July. Released 2013, July",Discontinued,-,-,,Dual SIM,IPS LCD capacitive touchscreen,"3.9 inches, 43.3 cm2","480 x 800 pixels, 5:3 ratio (~239 ppi density)",,Android 4.1 (Jelly Bean),Dual-core 1.0 GHz Cortex-A9,microSDHC (dedicated slot),512MB 512MB RAM,"5 MP, AF",Yes,VGA,,Yes,Yes,"Wi-Fi 802.11 b/g/n, hotspot",Yes,"Yes, with A-GPS",FM radio,Proprietary,"Accelerometer, proximity",,,Li-Ion 1400 mAh battery,,,Black,About 70 EUR,Mediatek MT6577 (40 nm),PowerVR SGX531u,LED flash,,,,,,,,,,,,,,,,,,,,,,,,,,,,,,,,
karbonn,Karbonn A5,https://fdn2.gsmarena.com/vv/bigpic/karbonn-a5.jpg,GSM / HSPA,GSM 900 / 1800 - SIM 1 & SIM 2,HSDPA 2100,HSPA,"2013, July. Released 2013, July",Discontinued,-,-,,Dual SIM,"TFT capacitive touchscreen, 256K colors","3.2 inches, 30.5 cm2","320 x 480 pixels, 3:2 ratio (~180 ppi density)",,Android 2.3 (Gingerbread),1.0 GHz,microSDHC (dedicated slot),512MB 256MB RAM,3.15 MP,Yes,VGA,,Yes,Yes,Wi-Fi 802.11 b/g/n,Yes,"Yes, with A-GPS",FM radio,Proprietary,Accelerometer,,,Li-Ion 1200 mAh battery,,,Black,About 50 EUR,,,,,,,,,,,,,,,,,,,,,,,,,,,,,,,,,,,
karbonn,Karbonn A37,https://fdn2.gsmarena.com/vv/bigpic/karbonn-a37.jpg,GSM / HSPA,GSM 900 / 1800 / 1900 - SIM 1 & SIM 2,HSDPA 2100,HSPA 7.2/0.384 Mbps,2013. Released 2013,Discontinued,197 x 124 x 12.3 mm (7.76 x 4.88 x 0.48 in),335 g (11.82 oz),,Dual SIM,TFT capacitive touchscreen,"7.0 inches, 139.5 cm2 (~57.1% screen-to-body ratio)","480 x 800 pixels, 5:3 ratio (~133 ppi density)",,Android 4.1 (Ice Cream Sandwich),Dual-core 1.0 GHz,microSDHC (dedicated slot),4GB 512MB RAM,2 MP,Yes,Yes,,Yes,Yes,"Wi-Fi 802.11 b/g/n, hotspot",Yes,"Yes, with A-GPS",FM radio,Proprietary,Accelerometer,,,Li-Ion 3000 mAh battery,Up to 240 h,Up to 8 h,Black/White,About 100 EUR,,,,,,,,,,,,,,,,,,,,,,,,,,,,,,,,,,,
karbonn,Karbonn A34,https://fdn2.gsmarena.com/vv/bigpic/karbonn-a34.jpg,GSM,GSM 900 / 1800 / 1900 - SIM 1 & SIM 2,,,2013. Released 2013,Discontinued,197 x 124 x 12.3 mm (7.76 x 4.88 x 0.48 in),335 g (11.82 oz),,Dual SIM,TFT capacitive touchscreen,"7.0 inches, 139.5 cm2 (~57.1% screen-to-body ratio)","480 x 800 pixels, 5:3 ratio (~133 ppi density)",,Android 4.0 (Ice Cream Sandwich),1.0 GHz Cortex-A9,microSDHC (dedicated slot),4GB 512MB RAM,2 MP,Yes,Yes,,Yes,Yes,"Wi-Fi 802.11 b/g/n, hotspot",Yes,"Yes, with A-GPS",FM radio,Proprietary,Accelerometer,,,Li-Ion 3000 mAh battery,Up to 240 h,Up to 8 h,Gray/White,About 90 EUR,Mediatek MT6515,PowerVR SGX531,,,,Yes,Yes,,,,,,,,,,,,,,,,,,,,,,,,,,,,
karbonn,Karbonn A25,https://fdn2.gsmarena.com/vv/bigpic/karbonn-a25.jpg,GSM,GSM 900 / 1800 / 1900 - SIM 1 & SIM 2,,,2013. Released 2013,Discontinued,146 x 78.6 x 10.5 mm (5.75 x 3.09 x 0.41 in),150 g (5.29 oz),,Dual SIM,Capacitive touchscreen,"5.0 inches, 71.2 cm2 (~62.0% screen-to-body ratio)","480 x 800 pixels, 5:3 ratio (~187 ppi density)",,Android 4.0 (Ice Cream Sandwich),Dual-core 1.0 GHz,microSDHC (dedicated slot),114MB,5 MP,Yes,Yes,,Yes,Yes,Wi-Fi 802.11 b/g/n,Yes,No,FM radio,Proprietary,"Accelerometer, proximity",,,Li-Ion 2000 mAh battery,Up to 300 h,Up to 6 h,White/Black,About 80 EUR,,,LED flash,,,Yes,Yes,,,,,,,,,,,,,,,,,,,,,,,,,,,,0.50 W/kg (head)
karbonn,Karbonn A7 Star,https://fdn2.gsmarena.com/vv/bigpic/karbonn-a7.jpg,GSM,GSM 900 / 1800 / 1900 - SIM 1 & SIM 2,,,2013. Released 2013,Discontinued,113 x 66 x 10.4 mm (4.45 x 2.60 x 0.41 in),-,,Dual SIM,Capacitive touchscreen,"4.5 inches, 55.8 cm2 (~74.8% screen-to-body ratio)","480 x 854 pixels, 16:9 ratio (~218 ppi density)",,Android 4.0 (Ice Cream Sandwich),Dual-core 1.0 GHz Cortex-A9,microSDHC (dedicated slot),164MB,5 MP,Yes,Yes,,Yes,Yes,Wi-Fi 802.11 b/g/n,Yes,No,FM radio,Proprietary,"Accelerometer, proximity",,,"Li-Ion 1400 mAh, removable",Up to 135 h,Up to 5 h,White/Black,About 70 EUR,Mediatek MT6517,PowerVR SGX531u,LED flash,,,Yes,Yes,,,,,,,,,,,,,,,,,,,,,,,,,,,,0.99 W/kg (head)
karbonn,Karbonn A4+,https://fdn2.gsmarena.com/vv/bigpic/karbonn-a4plus.jpg,GSM,GSM 900 / 1800 / 1900 - SIM 1 & SIM 2,,,2013. Released 2013,Discontinued,123 x 63 x 10.5 mm (4.84 x 2.48 x 0.41 in),87.5 g without battery (3.07 oz),,Dual SIM,IPS LCD capacitive touchscreen,"4.0 inches, 45.5 cm2 (~58.8% screen-to-body ratio)","480 x 800 pixels, 5:3 ratio (~233 ppi density)",No,Android 4.0 (Ice Cream Sandwich),Dual-core 1.0 GHz,microSDHC (dedicated slot),90MB,3.15 MP,Yes,,,Yes,Yes,Wi-Fi 802.11 b/g/n,Yes,No,FM radio,Proprietary,"Accelerometer, proximity",,,Li-Ion 1250 mAh battery,Up to 125 h,Up to 5 h,White/Black,About 50 EUR,,,,,,Yes,Yes,,,,,,,,,,,,,,,,,,,,,,,,,,,,0.94 W/kg (head)
karbonn,Karbonn A2+,https://fdn2.gsmarena.com/vv/bigpic/karbonn-a2plus.jpg,GSM,GSM 900 / 1800 / 1900 - SIM 1 & SIM 2,,,2013. Released 2013,Discontinued,124 x 63.6 x 12.4 mm (4.88 x 2.50 x 0.49 in),110 g (3.88 oz),,Dual SIM,Capacitive touchscreen,"4.0 inches, 45.5 cm2 (~57.7% screen-to-body ratio)","480 x 800 pixels, 5:3 ratio (~233 ppi density)",,Android 4.0 (Ice Cream Sandwich),,microSDHC (dedicated slot),180MB,3.15 MP,Yes,Yes,,Yes,Yes,Wi-Fi 802.11 b/g/n,Yes,No,FM radio,Proprietary,"Accelerometer, proximity",,,Li-Ion 1750 mAh battery,Up to 120 h,Up to 3 h 30 min,White/Black,About 50 EUR,,,,,,Yes,Yes,,,,,,,,,,,,,,,,,,,,,,,,,,,,0.63 W/kg (head)
karbonn,Karbonn A27 Retina,https://fdn2.gsmarena.com/vv/bigpic/karbonn-a27-retina.jpg,GSM / HSPA,GSM 900 / 1800 / 1900 - SIM 1 & SIM 2,HSDPA 2100,HSPA 7.2/0.384 Mbps,"2013, March. Released 2013, March",Discontinued,133.6 x 66 x 9.1 mm (5.26 x 2.60 x 0.36 in),126.5 g (4.44 oz),,Dual SIM (Mini-SIM),IPS LCD capacitive touchscreen,"4.3 inches, 51.0 cm2 (~57.8% screen-to-body ratio)","540 x 960 pixels, 16:9 ratio (~256 ppi density)",,Android 4.1 (Jelly Bean),Dual-core 1.2 GHz,microSDHC (dedicated slot),4GB 512MB RAM,"8 MP, AF",Yes,2 MP,,Yes,Yes,"Wi-Fi 802.11 b/g/n, Wi-Fi Direct, hotspot",Yes,"Yes, with A-GPS",FM radio,Proprietary,Accelerometer,,,Li-Ion 1800 mAh battery,Up to 180 h,Up to 4 h,Black,About 160 EUR,,,LED flash,,,,,,,,,,,,,,,,,,,,,,,,,,,,,,,,1.00 W/kg (head)
karbonn,Karbonn A111,https://fdn2.gsmarena.com/vv/bigpic/karbonn-a111.jpg,GSM / HSPA,GSM 900 / 1800 / 1900 - SIM 1 & SIM 2,HSDPA 900 / 2100,HSPA,"2013, March. Released 2013, March",Discontinued,148 x 80 x 12 mm (5.83 x 3.15 x 0.47 in),-,,Dual SIM (Mini-SIM),TFT capacitive touchscreen,"5.0 inches, 71.2 cm2 (~60.1% screen-to-body ratio)","480 x 800 pixels, 5:3 ratio (~187 ppi density)",,Android 4.0 (Ice Cream Sandwich),Dual-core 1.2 GHz,microSDHC (dedicated slot),4GB 512MB RAM,"5 MP, AF",Yes,Yes,,Yes,Yes,"Wi-Fi 802.11 b/g/n, hotspot",Yes,"Yes, with A-GPS",FM radio,Proprietary,Accelerometer,,,Li-Ion 2150 mAh battery,,,White/Black,About 150 EUR,,,LED flash,,,,,,,,,,,,,,,,,,,,,,,,,,,,,,,,0.87 W/kg (head)
karbonn,Karbonn A6,https://fdn2.gsmarena.com/vv/bigpic/karbonn-a6.jpg,GSM,GSM 900 / 1800 / 1900 - SIM 1 & SIM 2,,,"2013, March. Released 2013, March",Discontinued,128 x 65.7 x 11.6 mm (5.04 x 2.59 x 0.46 in),114.5 g (4.02 oz),,Dual SIM (Mini-SIM),"IPS LCD capacitive touchscreen, 256K colors","4.0 inches, 45.5 cm2 (~54.2% screen-to-body ratio)","480 x 800 pixels, 5:3 ratio (~233 ppi density)",,Android 4.0 (Ice Cream Sandwich),1.0 GHz,microSDHC (dedicated slot),104MB 512MB RAM,5 MP,Yes,Yes,,Yes,Yes,"Wi-Fi 802.11 b/g/n, hotspot",Yes,No,FM radio,Proprietary,Accelerometer,,,"Li-Ion 1450 mAh, removable",Up to 250 h,Up to 3 h 30 min,White/Black,About 80 EUR,,,LED flash,,,Yes,Yes,,,,,,,,,,,,,,,,,,,,,,,,,,,,0.87 W/kg (head)
karbonn,Karbonn A4,https://fdn2.gsmarena.com/vv/bigpic/karbonn-a4.jpg,GSM / HSPA,GSM 850 / 1900 - SIM 1 & SIM 2,HSDPA 900 / 2100,HSPA,"2013, March. Released 2013, March",Discontinued,124.8 x 66 x 9.5 mm (4.91 x 2.60 x 0.37 in),75 g (2.65 oz),,Dual SIM (Mini-SIM),"TFT capacitive touchscreen, 256K colors","4.0 inches, 47.6 cm2 (~57.8% screen-to-body ratio)","320 x 480 pixels, 3:2 ratio (~144 ppi density)",GSM 900 / 1800 - SIM 1 & SIM 2,Android 2.3.6 (Gingerbread),,microSDHC (dedicated slot),256MB 512MB,3.15 MP,Yes,Yes,,Yes,Yes,"Wi-Fi 802.11 b/g/n, hotspot",Yes,No,FM radio,Proprietary,Accelerometer,,HSDPA 850 / 1900,Li-Ion 1400 mAh battery,Up to 250 h,Up to 4 h 20 min,White/Black,About 70 EUR,,,,,,,,,,,,,,,,,,,,,,,,,,,,,,,,,,,
karbonn,Karbonn A3,https://fdn2.gsmarena.com/vv/bigpic/karbonn-a3.jpg,GSM,GSM 850 / 1900 - SIM 1 & SIM 2,,,"2013, March. Released 2013, March",Discontinued,113 x 61 x 13.5 mm (4.45 x 2.40 x 0.53 in),90 g (3.17 oz),,Dual SIM (Mini-SIM),"TFT capacitive touchscreen, 16M colors","4.0 inches, 47.6 cm2 (~69.1% screen-to-body ratio)","320 x 480 pixels, 3:2 ratio (~144 ppi density)",GSM 900 / 1800 - SIM 1 & SIM 2,Android 2.3.6 (Gingerbread),1.0 GHz,microSDHC (dedicated slot),"256MB RAM, 512MB",3.15 MP,Yes,VGA,,Yes,Yes,"Wi-Fi 802.11 b/g/n, hotspot",Yes,No,FM radio,Proprietary,Accelerometer,,,Li-Ion 1400 mAh battery,Up to 250 h,Up to 4 h 20 min,White/Black,About 70 EUR,,,,,,Yes,Yes,,,,,,,,,,,,,,,,,,,,,,,,,,,,
karbonn,Karbonn A2,https://fdn2.gsmarena.com/vv/bigpic/karbonn-a2.jpg,GSM,GSM 900 / 1800 / 1900 - SIM 1 & SIM 2,,,"2013, March. Released 2013, March",Discontinued,124 x 63.6 x 12.4 mm (4.88 x 2.50 x 0.49 in),110 g (3.88 oz),,Dual SIM (Mini-SIM),Capacitive touchscreen,"4.0 inches, 45.5 cm2 (~57.7% screen-to-body ratio)","480 x 800 pixels, 5:3 ratio (~233 ppi density)",,Android 2.3.6 (Gingerbread),,microSDHC (dedicated slot),200MB,3.15 MP,Yes,Yes,,Yes,Yes,No,Yes,No,FM radio,Proprietary,Accelerometer,,,Li-Ion 1750 mAh battery,Up to 120 h,Up to 3 h 30 min,White/Black,About 70 EUR,,,,,,Yes,Yes,,,,,,,,,,,,,,,,,,,,,,,,,,,,
karbonn,Karbonn S5 Titanium,https://fdn2.gsmarena.com/vv/bigpic/karbonn-s5-titanium.jpg,GSM / HSPA,GSM 900 / 1800 - SIM 1 & SIM 2,HSDPA 2100,HSPA 7.2/0.384 Mbps,"2013, March. Released 2013, May",Discontinued,144 x 72 x 9 mm (5.67 x 2.83 x 0.35 in),200 g (7.05 oz),,Dual SIM (Mini-SIM),"IPS LCD capacitive touchscreen, 16M colors","5.0 inches, 68.9 cm2 (~66.5% screen-to-body ratio)","540 x 960 pixels, 16:9 ratio (~220 ppi density)",,Android 4.1 (Jelly Bean),Quad-core 1.2 GHz Cortex-A5,microSDHC (dedicated slot),4GB 1GB RAM,"8 MP, AF",Yes,2 MP,,Yes,Yes,"Wi-Fi 802.11 b/g/n, hotspot","2.1, A2DP","Yes, with A-GPS",FM radio,microUSB 2.0,"Accelerometer, proximity",,,"Li-Ion 2000 mAh, removable",Up to 200 h (2G) / Up to 200 h (3G),Up to 13 h (2G) / Up to 11 h (3G),Blue,About 160 EUR,Qualcomm MSM8225Q Snapdragon S4 Play,Adreno 203,LED flash,,,,,,,,,,,,,,,,,,,,,,,,,,,,,,,,
karbonn,Karbonn S1 Titanium,https://fdn2.gsmarena.com/vv/bigpic/karbonn-s1.jpg,GSM / HSPA,GSM 900 / 1800 / 1900 - SIM 1 & SIM 2,HSDPA 2100,HSPA,"2013, January. Released 2013, January",Discontinued,134.6 x 66 x 9.3 mm (5.30 x 2.60 x 0.37 in),-,,Dual SIM (Mini-SIM),"IPS LCD capacitive touchscreen, 16M colors","4.5 inches, 55.8 cm2 (~62.8% screen-to-body ratio)","540 x 960 pixels, 16:9 ratio (~245 ppi density)",,Android 4.1 (Jelly Bean),Quad-core 1.2 GHz,microSDHC (dedicated slot),4GB 1GB RAM,"5 MP, AF",Yes,Yes,,Yes,Yes,"Wi-Fi 802.11 b/g/n, hotspot",Yes,"Yes, with A-GPS",FM radio,microUSB 2.0,"Accelerometer, proximity",,,Li-Ion 1600 mAh battery,Up to 200 h,Up to 4 h,"Black, White",About 150 EUR,,,LED flash,,,,,,,,,,,,,,,,,,,,,,,,,,,,,,,,
karbonn,Karbonn Smart Tab 9,https://fdn2.gsmarena.com/vv/bigpic/karbonn-st9.jpg,No cellular connectivity,N/A,,,2012. Released 2012,Discontinued,-,-,,No,TFT capacitive touchscreen,"9.0 inches, 230.5 cm2","480 x 800 pixels, 5:3 ratio (~104 ppi density)",No,Android 4.0.4 (Ice Cream Sandwich),1.2 GHz,microSDHC (dedicated slot),2GB 512MB RAM,1.3 MP,Yes,,,Yes,Yes,Wi-Fi 802.11 b/g/n,Yes,No,No,Proprietary,Accelerometer,,,"Li-Ion 4000 mAh, non-removable",,Up to 6 h (multimedia),Black/White,About 90 EUR,,,,,,No,No,,,,,,,,,,,,,,,,,,,,,,,,,,,,
karbonn,Karbonn Smart Tab 8,https://fdn2.gsmarena.com/vv/bigpic/karbonn-st8.jpg,No cellular connectivity,N/A,,,2012. Released 2012,Discontinued,-,-,,No,TFT capacitive touchscreen,"8.0 inches, 198.2 cm2","1024 x 768 pixels, 4:3 ratio (~160 ppi density)",HDMI port,Android 4.1.1 (Jelly Bean),Dual-core 1.5 GHz Cortex-A9,microSDHC (dedicated slot),1.5GB 1GB RAM,3.15 MP,Yes,Yes,,Yes,Yes,Wi-Fi 802.11 b/g/n,Yes,No,No,Proprietary,Accelerometer,,,"Li-Ion 4500 mAh, non-removable",,,Black/White,About 100 EUR,,,,,,No,No,,,,,,,,,,,,,,,,,,,,,,,,,,,,
karbonn,Karbonn Smart Tab 10,https://fdn2.gsmarena.com/vv/bigpic/karbonn-st10.jpg,No cellular connectivity,N/A,,,2012. Released 2012,Discontinued,-,-,,No,TFT capacitive touchscreen,"9.7 inches, 291.4 cm2","1024 x 768 pixels, 4:3 ratio (~132 ppi density)",HDMI port,Android 4.1.1 (Jelly Bean),Dual-core 1.5 GHz Cortex-A9,microSDHC (dedicated slot),1.5GB 1GB RAM,2 MP,Yes,Yes,,Yes,Yes,Wi-Fi 802.11 b/g/n,Yes,No,No,Proprietary,Accelerometer,,,"Li-Ion 6000 mAh, non-removable",,,Black/White,About 140 EUR,,Mali-400,,,,No,No,,,,,,,,,,,,,,,,,,,,,,,,,,,,
karbonn,Karbonn Smart Tab2,https://fdn2.gsmarena.com/vv/bigpic/karbonn-st72.jpg,No cellular connectivity,N/A,,,2012. Released 2012,Discontinued,-,-,,No,TFT capacitive touchscreen,"7.0 inches, 139.5 cm2","480 x 800 pixels, 5:3 ratio (~133 ppi density)",No,Android 4.1 (Jelly Bean),1.2 GHz,microSDHC (dedicated slot),1GB 512MB RAM,2 MP,Yes,,,Yes,Yes,"Wi-Fi 802.11 b/g/n, Wi-Fi Direct","4.0, A2DP",No,No,Proprietary,Accelerometer,,HDMI port,"Li-Ion 3700 mAh, non-removable",,Up to 7 h (multimedia),Black/White,About 70 EUR,,,,,,No,No,,,,,,,,,,,,,,,,,,,,,,,Corning Gorilla Glass,,,,,
karbonn,Karbonn Smart Tab 7,https://fdn2.gsmarena.com/vv/bigpic/karbonn-st7.jpg,No cellular connectivity,N/A,,,2012. Released 2012,Discontinued,-,-,,No,TFT capacitive touchscreen,"8.0 inches, 182.2 cm2","480 x 800 pixels, 5:3 ratio (~117 ppi density)",No,"Android 4.0 (Ice Cream Sandwich), upgradable to 4.1 (Jelly Bean)",1.2 GHz,microSDHC (dedicated slot),1GB 512MB RAM,2 MP,Yes,,,Yes,Yes,Wi-Fi 802.11 b/g/n,"4.0, A2DP",No,No,Proprietary,Accelerometer,,HDMI port,"Li-Ion 3700 mAh, non-removable",,Up to 7 h (multimedia),Black/White,About 80 EUR,Vivante GC860,Mali-400,,,,No,No,,,,,,,,,,,,,,,,,,,,,,,,,,,,
karbonn,Karbonn KT21 Express,https://fdn2.gsmarena.com/vv/bigpic/karbonn-kt21.jpg,No cellular connectivity,GSM - SIM 1 & SIM 2,,,2012,Discontinued,-,-,,Dual SIM (Mini-SIM),TFT capacitive touchscreen,"2.8 inches, 24.3 cm2","240 x 320 pixels, 4:3 ratio",No,,,microSDHC (dedicated slot),,3.15 MP,Yes,,,Yes,Yes,No,2.0,No,"FM radio, recording",microUSB,Proximity,,Audio/video player Photo viewer Organizer,"Li-Ion 1000 mAh, removable",,,Black,About 40 EUR,,,LED flash,,,Yes,Yes,,,2000 entries,Yes,"SMS, MMS, Email",Yes,Yes,,,,,,,,,,,,,,,,,,,,,
karbonn,Karbonn K65 Buzz,https://fdn2.gsmarena.com/vv/bigpic/karbonn-k65-buzz.jpg,GSM,GSM 900 / 1800 - SIM 1 & SIM 2,,,2012,Discontinued,-,-,,Dual SIM (Mini-SIM),TFT capacitive touchscreen,"3.5 inches, 37.9 cm2","320 x 480 pixels, 4:3 ratio",No,,,microSDHC (dedicated slot),,2 MP,Yes,,,Yes,Yes,No,2.0,No,"FM radio, recording",microUSB,,,Audio/video player Photo viewer Organizer,"Li-Ion 1200 mAh, removable",,,White,About 40 EUR,,,,,,Yes,Yes,,,Yes,Yes,"SMS, MMS",Yes,Yes,,,,,,,,,,,,,,,,,,,,,1.08 W/kg (head)
karbonn,Karbonn K9 Jumbo,https://fdn2.gsmarena.com/vv/bigpic/karbonn-k9.jpg,GSM,GSM 900 / 1800 - SIM 1 & SIM 2,,,2012,Discontinued,115 x 50 x 15.5 mm (4.53 x 1.97 x 0.61 in),112 g (3.95 oz),,Dual SIM (Mini-SIM),"TFT, 256K colors","2.4 inches, 17.8 cm2 (~31.0% screen-to-body ratio)","240 x 320 pixels, 4:3 ratio (~167 ppi density)",No,,,microSDHC (dedicated slot),,1.3 MP,480p,,,Yes,Yes,No,2.0,No,"FM radio, recording",microUSB,,,Audio/video player Photo viewer Organizer Voice memo,"Li-Ion 1800 mAh, removable",Up to 300 h,Up to 6 h,"Black, Red",About 30 EUR,,,,,,Yes,Yes,,,1000 entries,Yes,"SMS, MMS",Yes,Yes,,,,,,,,,,,,,,,,,,,,,
karbonn,Karbonn A9,https://fdn2.gsmarena.com/vv/bigpic/karbonn-a9.jpg,GSM / HSPA,GSM 900 / 1800 / 1900 - SIM 1 & SIM 2,HSDPA,HSPA,2012,Discontinued,120 x 60.5 x 11.3 mm (4.72 x 2.38 x 0.44 in),-,,Dual SIM (Mini-SIM),"TFT capacitive touchscreen, 256K colors","3.8 inches, 41.1 cm2 (~56.6% screen-to-body ratio)","480 x 800 pixels, 5:3 ratio (~246 ppi density)",,Android 2.3.6 (Gingerbread),1.0 GHz,microSDHC (dedicated slot),512MB,"5 MP, AF",Yes,Yes,,Yes,Yes,Wi-Fi 802.11 b/g/n,"2.1, A2DP",Yes,FM radio,microUSB 2.0,"Accelerometer, proximity",,,"Li-Ion 1600 mAh, removable",Up to 200 h,Up to 4 h,"Black, White",About 110 EUR,,,LED flash,,,Yes,Yes,,,,,,,,,,,,,,,,,,,,,,,,,0.68 W/kg (head),,,
karbonn,Karbonn KT62,https://fdn2.gsmarena.com/vv/bigpic/karbonn-kt62.jpg,GSM,GSM 900 / 1800 - SIM 1 & SIM 2,,,2012,Discontinued,100 x 55 x 13 mm (3.94 x 2.17 x 0.51 in),85 g (3.00 oz),,Dual SIM (Mini-SIM),TFT touchscreen,"2.8 inches, 24.3 cm2 (~44.1% screen-to-body ratio)","240 x 320 pixels, 4:3 ratio (~143 ppi density)",No,,,microSDHC (dedicated slot),,Yes,Yes,,,Yes,Yes,No,2.0,No,FM radio,microUSB,,,Audio/video player Photo viewer Organizer,"Li-Ion 1000 mAh, removable",Up to 200 h,Up to 3 h,Black/Red,About 30 EUR,,,,,,Yes,No,,,500 entries,Yes,"SMS, MMS",Yes,Yes,,,,,,,,,,,,,,,,,,,,,1.04 W/kg (head)
karbonn,Karbonn K52 Groovster,https://fdn2.gsmarena.com/vv/bigpic/karbonn-k52.jpg,GSM,GSM 900 / 1800 - SIM 1 & SIM 2,,,2012,Discontinued,115 x 52 x 15.2 mm (4.53 x 2.05 x 0.60 in),-,,Dual SIM (Mini-SIM),TFT,"2.4 inches, 17.8 cm2 (~29.8% screen-to-body ratio)","240 x 320 pixels, 4:3 ratio (~167 ppi density)",No,,,microSDHC (dedicated slot),,1.3 MP,Yes,,,Yes,No,No,2.0,No,"FM radio, recording",microUSB,,,Audio/video player Photo viewer Organizer,Li-Ion 1800 mAh battery,Up to 600 h,Up to 6 h,"Black/Red, Silver/Black",About 20 EUR,,,,,,Yes,No,,,500 entries,Yes,"SMS, MMS",Yes,Yes,,,,,,,,,,,,,,,,,,,,,0.58 W/kg (head)
karbonn,Karbonn K309 Boombastic,https://fdn2.gsmarena.com/vv/bigpic/karbonn-k309.jpg,GSM,GSM 900 / 1800 - SIM 1 & SIM 2,,,2012,Discontinued,113 x 49 x 15.2 mm (4.45 x 1.93 x 0.60 in),85 g (3.00 oz),,Dual SIM (Mini-SIM),"TFT, 65K colors",", -",176 x 220 pixels,Dedicated music keys Flashlight,,,microSDHC (dedicated slot),,VGA,,,,Yes,No,No,2.0,No,FM radio,microUSB,,,No,"Li-Ion 1500 mAh, removable",Up to 400 h,Up to 5 h,Black/Red,About 20 EUR,,,,,Audio/video player Photo viewer Organizer,Yes,No,,,200 entries,Yes,SMS,Yes,Yes,,,,,,,,,,,,,,,,,,,,,0.75 W/kg (head)
karbonn,Karbonn K4+ Titan,https://fdn2.gsmarena.com/vv/bigpic/karbonn-k4+.jpg,GSM,GSM 900 / 1800 - SIM 1 & SIM 2,,,2012,Discontinued,118.8 x 52.5 x 14.9 mm (4.68 x 2.07 x 0.59 in),95 g (3.35 oz),,Dual SIM (Mini-SIM),"TFT, 65K colors","2.6 inches, 20.9 cm2 (~33.6% screen-to-body ratio)","240 x 320 pixels, 4:3 ratio (~154 ppi density)",No,,,microSDHC (dedicated slot),,1.3 MP,Yes,,,"Yes, with stereo speakers",No,No,2.0,No,Wireless FM radio (no wired headphones required),microUSB,,,Audio/video player Photo viewer Organizer,Li-Ion 2200 mAh battery,Up to 600 h,Up to 10 h,"Black/Silver, White/Black",About 30 EUR,,,,,,Yes,No,,,500 entries,Yes,"SMS, MMS",Yes,Yes,,,,,,,,,,,,,,,,,,,,,0.95 W/kg (head)
karbonn,Karbonn K707 Spy II,https://fdn2.gsmarena.com/vv/bigpic/karbonn-k707.jpg,GSM,GSM 900 / 1800 - SIM 1 & SIM 2,,,2012,Discontinued,118.9 x 49.8 x 15.7 mm (4.68 x 1.96 x 0.62 in),100 g (3.53 oz),,Dual SIM (Mini-SIM),"TFT, 65K colors","2.4 inches, 17.8 cm2 (~30.1% screen-to-body ratio)","240 x 320 pixels, 4:3 ratio (~167 ppi density)",Flashlight,,,microSDHC (dedicated slot),,1.3 MP,Yes,,,Yes,Yes,No,2.0,No,"FM radio, recording",microUSB,,,No,Li-Ion 1800 mAh battery,Up to 600 h,Up to 8 h,"Black/Silver, Black/Red",About 20 EUR,,,,,Audio/video player Photo viewer Organizer,Yes,No,,,1000 entries,Yes,"SMS, MMS",Yes,Yes,,,,,,,,,,,,,,,,,,,,,1.32 W/kg (head)
karbonn,Karbonn K451+ Sound Wave,https://fdn2.gsmarena.com/vv/bigpic/karbonn-k451.jpg,GSM,GSM 900 / 1800 - SIM 1 & SIM 2,,,2012,Discontinued,116.5 x 51.9 x 14.6 mm (4.59 x 2.04 x 0.57 in),-,,Dual SIM (Mini-SIM),"TFT, 65K colors","2.4 inches, 17.8 cm2 (~29.5% screen-to-body ratio)","240 x 320 pixels, 4:3 ratio (~167 ppi density)",No,,,microSDHC (dedicated slot),,1.3 MP,Yes,,,Yes,Yes,No,2.0,No,"FM radio, recording",microUSB,,,Audio/video player Photo viewer Organizer,Li-Ion 1800 mAh battery,Up to 500 h,Up to 8 h,Silver/Black,About 20 EUR,,,,,,Yes,No,,,500 entries,Yes,"SMS, MMS",Yes,Yes,,,,,,,,,,,,,,,,,,,,,0.45 W/kg (head)
karbonn,Karbonn K102+ Flair,https://fdn2.gsmarena.com/vv/bigpic/karbonn-k102+.jpg,GSM,GSM 900 / 1800 - SIM 1 & SIM 2,,,2012,Discontinued,108.9 x 45.6 x 14.5 mm (4.29 x 1.80 x 0.57 in),80 g (2.82 oz),,Dual SIM (Mini-SIM),"TFT, 65K colors",", -",176 x 220 pixels,No,,,microSDHC (dedicated slot),,VGA,Yes,,,Yes,No,No,2.0,No,FM radio,microUSB,,,Audio/video player Photo viewer Organizer,Li-Ion 1000 mAh battery,Up to 250 h,Up to 4 h,"Golden/White, Black/Red",About 20 EUR,,,,,,Yes,No,,,500 entries,Yes,"SMS, MMS",Yes,Yes,,,,,,,,,,,,,,,,,,,,,0.94 W/kg (head)
karbonn,Karbonn KC540 Blaze,https://fdn2.gsmarena.com/vv/bigpic/karbonn-kc540.jpg,GSM,GSM 900 / 1800 - SIM 1 & SIM 2,,,2012,Discontinued,111.2 x 46.8 x 13.9 mm (4.38 x 1.84 x 0.55 in),80 g (2.82 oz),,Dual SIM (Mini-SIM),"TFT, 65K colors","2.2 inches, 15.0 cm2 (~28.8% screen-to-body ratio)","240 x 320 pixels, 4:3 ratio (~182 ppi density)",No,,,microSDHC (dedicated slot),,1.3 MP,Yes,,,Yes,No,No,2.0,No,"FM radio, recording",microUSB,,,Audio/video player Photo viewer Organizer,"Li-Ion 1000 mAh, removable",Up to 150 h,Up to 4 h,White,About 40 EUR,,,,,,Yes,No,,,500 entries,Yes,"SMS, MMS",Yes,Yes,,,,,,,,,,,,,,,,,,,,,0.70 W/kg (head)
karbonn,Karbonn K1+ Stereo,https://fdn2.gsmarena.com/vv/bigpic/karbonn-k1+.jpg,GSM,GSM 900 / 1800 - SIM 1 & SIM 2,,,2012,Discontinued,109 x 44 x 14.4 mm (4.29 x 1.73 x 0.57 in),78 g (2.75 oz),,Dual SIM (Mini-SIM),"TFT, 65K colors","1.77 inches, 9.9 cm2 (~20.6% screen-to-body ratio)",128 x 160 pixels (~116 ppi density),No,,,microSDHC (dedicated slot),,VGA,Yes,,,Yes,No,No,2.0,No,FM radio,microUSB,,,Audio/video player Photo viewer Organizer,"Li-Ion 1000 mAh, removable",Up to 250 h,Up to 5 h,"White/Black, Black/Red",About 30 EUR,,,,,,Yes,No,,,250 entries,Yes,SMS,Yes,Yes,,,,,,,,,,,,,,,,,,,,,0.85 W/kg (head)
karbonn,Karbonn A1+,https://fdn2.gsmarena.com/vv/bigpic/karbonn-a1+.jpg,GSM,GSM 900 / 1800 / 1900 - SIM 1 & SIM 2,,,2012,Discontinued,114.5 x 60.6 x 13.8 mm (4.51 x 2.39 x 0.54 in),130 g (4.59 oz),,Dual SIM (Mini-SIM),"TFT capacitive touchscreen, 256K colors","3.5 inches, 36.5 cm2 (~52.6% screen-to-body ratio)","320 x 480 pixels, 3:2 ratio (~165 ppi density)",Mobile TV,Android 2.3.6 (Gingerbread),1.0 GHz,microSDHC (dedicated slot),256MB RAM,3 MP,Yes,VGA,,Yes,Yes,Wi-Fi 802.11 b/g,"2.1, A2DP",No,FM radio,microUSB 2.0,"Accelerometer, proximity",,,"Li-Ion 1500 mAh, removable",Up to 240 h,Up to 4 h,Ivory White,About 50 EUR,,,,,,Yes,Yes,,,,,,,,,,,,,,,,,,,,,,,,,0.66 W/kg (head),,,
karbonn,Karbonn A21,https://fdn2.gsmarena.com/vv/bigpic/karbonn-a21.jpg,GSM / HSPA,GSM 900 / 1800 / 1900 - SIM 1 & SIM 2,HSDPA 2100,HSPA 7.2/0.384 Mbps,2012,Discontinued,-,-,,Dual SIM (Mini-SIM),"TFT capacitive touchscreen, 256K colors","4.5 inches, 57.6 cm2","480 x 800 pixels, 5:3 ratio (~207 ppi density)",,Android 4.0 (Ice Cream Sandwich),Dual-core 1.2 GHz,microSDHC (dedicated slot),4GB 512MB RAM,"5 MP, AF",Yes,1.3 MP,,Yes,Yes,Wi-Fi 802.11 b/g/n,"2.1, A2DP","Yes, with A-GPS",No,microUSB 2.0,"Accelerometer, proximity",,,"Li-Ion 1800 mAh, removable",Up to 200 h,Up to 5 h,Pearl White,About 130 EUR,,,LED flash,,,,,,,,,,,,,,,,,,,,,,,,,,,,,,,,0.44 W/kg (head)
karbonn,Karbonn A11,https://fdn2.gsmarena.com/vv/bigpic/karbonn-a11.jpg,GSM / HSPA,GSM 900 / 1800 / 1900 - SIM 1 & SIM 2,HSDPA 2100,HSPA 7.2/0.384 Mbps,2012,Discontinued,-,-,,Dual SIM (Mini-SIM),"TFT capacitive touchscreen, 256K colors","4.0 inches, 45.5 cm2","480 x 800 pixels, 5:3 ratio (~233 ppi density)",,Android 4.0.4 (Ice Cream Sandwich),1.0 GHz,microSDHC (dedicated slot),4GB 512MB RAM,"5 MP, AF",Yes,1.3 MP,,Yes,Yes,Wi-Fi 802.11 b/g/n,"4.0, A2DP","Yes, with A-GPS",No,microUSB 2.0,"Accelerometer, proximity",,,Li-Ion 1500 mAh battery,Up to 200 h,Up to 5 h,Black/White,About 100 EUR,,,LED flash,,,,,,,,,,,,,,,,,,,,,,,,,,,,,,,,1.12 W/kg (head)
karbonn,Karbonn K36+ Jumbo Mini,https://fdn2.gsmarena.com/vv/bigpic/karbonn-k36+.jpg,GSM,GSM 900 / 1800 - SIM 1 & SIM 2,,,2012,Discontinued,111 x 47 x 16.5 mm (4.37 x 1.85 x 0.65 in),92 g (3.25 oz),,Dual SIM (Mini-SIM),"TFT, 65K colors","1.8 inches, 10.2 cm2 (~19.5% screen-to-body ratio)",128 x 160 pixels (~114 ppi density),No,,,microSDHC (dedicated slot),,VGA,Yes,,,Yes,No,No,2.0,No,"FM radio, recording",microUSB,,,Audio/video player Photo viewer Organizer,Li-Ion 1800 mAh battery,Up to 400 h,Up to 8 h,Black,About 20 EUR,,,,,,No,No,,,500 entries,Yes,SMS,Yes,Yes,,,,,,,,,,,,,,,,,,,,,
karbonn,Karbonn K101+ Media Champ,https://fdn2.gsmarena.com/vv/bigpic/karbonn-k101+.jpg,GSM,GSM 900 / 1800 - SIM 1 & SIM 2,,,2012,Discontinued,104 x 44.7 x 15.3 mm (4.09 x 1.76 x 0.60 in),69 g (2.43 oz),,Dual SIM (Mini-SIM),"TFT, 65K colors","1.8 inches, 10.2 cm2 (~21.9% screen-to-body ratio)",128 x 160 pixels (~114 ppi density),No,,,microSDHC (dedicated slot),,VGA,Yes,,,Yes,No,No,2.0,No,"FM radio, recording",microUSB,,,Audio/video player Photo viewer Organizer,Li-Ion 800 mAh battery,Up to 240 h,Up to 5 h,"Black, Black/Red",About 10 EUR,,,,,,No,No,,,500 entries,Yes,SMS,Yes,Yes,,,,,,,,,,,,,,,,,,,,,0.95 W/kg (head)
karbonn,Karbonn K440,https://fdn2.gsmarena.com/vv/bigpic/karbonn-k440.jpg,GSM,GSM 900 / 1800 - SIM 1 & SIM 2,,,2012,Discontinued,119.5 x 54 x 13.5 mm (4.70 x 2.13 x 0.53 in),-,,Dual SIM (Mini-SIM),"TFT, 256K colors","2.6 inches, 20.9 cm2 (~32.4% screen-to-body ratio)","240 x 320 pixels, 4:3 ratio (~154 ppi density)",No,,,microSDHC (dedicated slot),,1.3 MP,Yes,,,Yes,No,No,2.0,No,"FM radio, recording",microUSB,,,Audio/video player Photo viewer Organizer,Li-Ion 2100 mAh battery,Up to 800 h,Up to 12 h,"Black/White, Black/Red",About 30 EUR,,,,,,Yes,No,,,1000 entries,Yes,"SMS, MMS",Yes,Yes,,,,,,,,,,,,,,,,,,,,,
karbonn,Karbonn A9+,https://fdn2.gsmarena.com/vv/bigpic/karbonn-A9+.jpg,GSM / HSPA,GSM 900 / 1800 / 1900 - SIM 1 & SIM 2,HSDPA 2100,HSPA 7.2/0.384 Mbps,2012,Discontinued,120 x 60.5 x 11.3 mm (4.72 x 2.38 x 0.44 in),-,,Dual SIM (Mini-SIM),"IPS LCD capacitive touchscreen, 16M colors","4.0 inches, 45.5 cm2 (~62.7% screen-to-body ratio)","480 x 800 pixels, 5:3 ratio (~233 ppi density)",,Android 4.0 (Ice Cream Sandwich),Dual-core 1.2 GHz,microSDHC (dedicated slot),4GB 512MB RAM,"5 MP, AF",Yes,1.3 MP,,Yes,Yes,"Wi-Fi 802.11 b/g/n, Wi-Fi Direct, hotspot",2.0,"Yes, with A-GPS",FM radio,microUSB 2.0,"Accelerometer, proximity",,,"Li-Ion 1420 mAh, removable",Up to 200 h,Up to 4 h,Pearl White,About 120 EUR,,,LED flash,,,,,,,,,,,,,,,,,,,,,,,,,,,,,0.66 W/kg (head),,,
karbonn,Karbonn K11+,https://fdn2.gsmarena.com/vv/bigpic/karbonn-k11+.jpg,GSM,GSM 900 / 1800 - SIM 1 & SIM 2,,,2012,Discontinued,-,61 g (2.15 oz),,Dual SIM (Mini-SIM),"TFT, 65K colors","2.4 inches, 17.8 cm2","240 x 320 pixels, 4:3 ratio (~167 ppi density)",No,,,microSDHC (dedicated slot),,VGA,Yes,,,Yes,No,No,2.0,No,FM radio,microUSB,,,Audio/video player Photo viewer Organizer,"Li-Ion 1000 mAh, removable",Up to 280 h,Up to 3 h,"Black/Red, White/Black",About 30 EUR,,,,,,No,No,,,300 entries,Yes,SMS,Yes,Yes,,,,,,,,,,,,,,,,,,,,,
karbonn,Karbonn A15,https://fdn2.gsmarena.com/vv/bigpic/karbonn-a15.jpg,GSM / HSPA,GSM 900 / 1800 / 1900 - SIM 1 & SIM 2,HSDPA 2100,HSPA 7.2/0.384 Mbps,2012,Discontinued,-,-,,Dual SIM (Mini-SIM),TFT touchscreen,"4.0 inches, 45.5 cm2","480 x 800 pixels, 5:3 ratio (~233 ppi density)",No,Android 4.0.4 (Ice Cream Sandwich),1.0 GHz,microSDHC (dedicated slot),"4GB (2.5GB user available), 512MB RAM",3.15 MP,Yes,,,Yes,Yes,Wi-Fi 802.11 b/g/n,2.0,"Yes, with A-GPS",FM radio,microUSB 2.0,Accelerometer,,,"Li-Ion 1420 mAh, removable",Up to 150 h,,Black,About 80 EUR,,,,,,,,,,,,,,,,,,,,,,,,,,,,,,,,0.59 W/kg (head),,,
karbonn,Karbonn A30,https://fdn2.gsmarena.com/vv/bigpic/karbonn-a30.jpg,GSM / HSPA,GSM 900 / 1800 / 1900 - SIM 1 & SIM 2,HSDPA 2100,HSPA 7.2/0.384 Mbps,2012,Discontinued,166 x 91 x 10.7 mm (6.54 x 3.58 x 0.42 in),280 g (9.88 oz),,Dual SIM (Mini-SIM),"TFT capacitive touchscreen, 256K colors","5.9 inches, 99.1 cm2 (~65.6% screen-to-body ratio)","480 x 800 pixels, 5:3 ratio (~158 ppi density)",,Android 4.0.4 (Ice Cream Sandwich),Dual-core 1.0 GHz,microSDHC (dedicated slot),4GB 512MB RAM,"8 MP, AF",Yes,1.3 MP,,Yes,Yes,"Wi-Fi 802.11 b/g/n, hotspot",2.0,"Yes, with A-GPS",FM radio,microUSB 2.0,Accelerometer,,,Li-Ion 2500 mAh battery,Up to 600 h,Up to 10 h,Black/White,About 160 EUR,,,LED flash,,,,,,,,,,,,,,,,,,,,,,,,,,,,,,,,0.46 W/kg (head)
