Brand,Model Name,Model Image,Technology,2G bands,3G bands,Speed,Announced,Status,Dimensions,Weight,Keyboard,SIM,Type,Size,Resolution,,OS,CPU,Card slot,Internal,Single,Video,Single_1,Video_1,Loudspeaker,3.5mm jack,WLAN,Bluetooth,GPS,Radio,USB,Sensors,Browser,_1,Type_1,Stand-by,Talk time,Colors,Price,Chipset,GPU,Features,Alert types,_1_1,GPRS,EDGE,Infrared port,Languages,Phonebook,Call records,Messaging,Games,Java,4G bands,Music play,NFC,Build,Quad,Dual,Features_1,Charging,Models,Performance,Display,Camera,Loudspeaker_1,Battery life,Triple,Protection,128GB 4GB RAM,SAR,64GB 4GB RAM,Dual_1,SAR EU,Clock,Alarm
lava,Lava Z61 Pro,https://fdn2.gsmarena.com/vv/bigpic/lava-z61-pro.jpg,GSM / HSPA / LTE,GSM 900 / 1800 - SIM 1 & SIM 2,HSDPA 900 / 2100,"HSPA 42.2/5.76 Mbps, LTE Cat4 150/50 Mbps","2020, July 09","Available. Released 2020, July",147 x 71.8 x 9.2 mm (5.79 x 2.83 x 0.36 in),160 g (5.64 oz),,"Dual SIM (Nano-SIM, dual stand-by)","TFT LCD capacitive touchscreen, 16M colors","5.45 inches, 76.7 cm2 (~72.6% screen-to-body ratio)","720 x 1440 pixels, 18:9 ratio (~295 ppi density)",,Android 9.0 (Pie),Octa-core 1.6 GHz processor,microSDXC (dedicated slot),16GB 2GB RAM,"8 MP, f/2.0, (wide), 1.12µ",1080p@30fps,"5 MP, f/2.2, (wide), 1.12µ",,Yes,Yes,"Wi-Fi 802.11 b/g/n, Wi-Fi Direct, hotspot","4.2, A2DP, LE","Yes, with A-GPS, GLONASS",FM radio,"microUSB 2.0, USB On-The-Go","Face ID, accelerometer, proximity",,,"Li-Po 3100 mAh, non-removable",,,"Midnight Blue, Amber Red",About 70 EUR,,,"LED flash, HDR, panorama",,,,,,,,,,,,"1, 3, 5, 8, 40, 41",,,"Glass front, plastic back, plastic frame",,,LED flash,"5W, 100% in 3h 30 min (advertised)",,,,,,,,,,,,,,,
lava,Lava Z71,https://fdn2.gsmarena.com/vv/bigpic/lava-z71.jpg,GSM / HSPA / LTE,GSM 900 / 1800 - SIM 1 & SIM 2,HSDPA 900 / 2100,"HSPA 42.2/5.76 Mbps, LTE Cat4 150/50 Mbps","2020, January","Available. Released 2020, January",145.6 x 70.9 x 9 mm (5.73 x 2.79 x 0.35 in),150 g (5.29 oz),,"Dual SIM (Nano-SIM, dual stand-by)","IPS LCD capacitive touchscreen, 16M colors","5.71 inches, 81.4 cm2 (~78.8% screen-to-body ratio)","720 x 1520 pixels, 19:9 ratio (~295 ppi density)",eMMC 5.1,Android 9.0 (Pie),Octa-core 2.0 GHz Cortex-A53,microSDXC (dedicated slot),32GB 2GB RAM,5 MP,1080p@30fps,,,Yes,Yes,"Wi-Fi 802.11 b/g/n, Wi-Fi Direct, hotspot","4.2, A2DP, LE","Yes, with A-GPS",FM radio,"microUSB 2.0, USB On-The-Go","Fingerprint (rear-mounted), accelerometer, proximity",,,"Li-Po 3200 mAh, non-removable",,,"Ruby Red, Steel Blue",About 80 EUR,Mediatek MT6762 Helio P22 (12 nm),PowerVR GE8320,"LED flash, HDR, panorama",,,,,,,,,,,,"1, 3, 5, 8, 40, 41",,,"Glass front, plastic back, plastic frame",,13 MP 2 MP,LED flash,,,,,,,,,,,,,,,,
lava,Lava Z40,https://fdn2.gsmarena.com/vv/bigpic/lava-z40.jpg,GSM / HSPA / LTE,GSM 900 / 1800 - SIM 1 & SIM 2,HSDPA 900 / 2100,"HSPA 21.1/5.76 Mbps, LTE Cat4 150/50 Mbps","2019, March","Available. Released 2019, March",125.5 x 63.9 x 11.7 mm (4.94 x 2.52 x 0.46 in),120 g (4.23 oz),,"Dual SIM (Nano-SIM, dual stand-by)","TN TFT capacitive touchscreen, 16M colors","4.0 inches, 45.5 cm2 (~56.8% screen-to-body ratio)","480 x 800 pixels, 5:3 ratio (~233 ppi density)",,Android 8.1 Oreo (Go edition),Quad-core 1.4 GHz,microSDXC,8GB 1GB RAM,2 MP,720p@30fps,2 MP,,Yes,Yes,"Wi-Fi 802.11 b/g/n, Wi-Fi Direct, hotspot","4.2, A2DP, LE","Yes, with A-GPS, GLONASS, BDS",FM radio,microUSB 2.0,Accelerometer,,,"Li-Ion 2250 mAh, removable",,,"Gold, Glossy Black",About 3500 INR,Unisoc SC9832E,Mali,"LED flash, HDR",,,,,,,,,,,,"1, 3, 5, 40, 41",,,,,,LED flash,,,,,,,,,Corning Gorilla Glass (unspecified version),,,,,,,
lava,Lava Z92,https://fdn2.gsmarena.com/vv/bigpic/lava-z92-.jpg,GSM / HSPA / LTE,GSM 900 / 1800 - SIM 1 & SIM 2,HSDPA 900 / 2100,"HSPA 42.2/5.76 Mbps, LTE Cat4 150/50 Mbps","2019, January","Available. Released 2019, January",156.9 x 75.8 x 8 mm (6.18 x 2.98 x 0.31 in),-,,"Dual SIM (Nano-SIM, dual stand-by)","IPS LCD capacitive touchscreen, 16M colors","6.22 inches, 96.6 cm2 (~81.2% screen-to-body ratio)","720 x 1520 pixels, 19:9 ratio (~270 ppi density)",eMMC 5.1,Android 8.1 Oreo (Go edition),Octa-core 2.0 GHz Cortex-A53,microSDXC (dedicated slot),32GB 3GB RAM,"13 MP, f/2.0, 1/3.1"", 1.12µm, AF",1080p@30fps,"8 MP, f/2.0, 1/4"", 1.12µm",,Yes,Yes,"Wi-Fi 802.11 b/g/n, Wi-Fi Direct, hotspot","4.1, A2DP","Yes, with A-GPS, GLONASS, BDS",FM radio,microUSB 2.0,"Fingerprint (rear-mounted), accelerometer, proximity",,,"Li-Po 3260 mAh, non-removable",,,Green,,Mediatek MT6762 Helio P22 (12 nm),PowerVR GE8320,"Dual-LED flash, panorama, HDR",,,,,,,,,,,,"1, 3, 5, 40, 41",,,,,,LED flash,,,,,,,,,Corning Gorilla Glass 3,,,,,,,
lava,Lava Z81,https://fdn2.gsmarena.com/vv/bigpic/lava-z81.jpg,GSM / HSPA / LTE,GSM 900 / 1800 - SIM 1 & SIM 2,HSDPA 900 / 2100,"HSPA 42.2/5.76 Mbps, LTE Cat4 150/50 Mbps","2018, October","Available. Released 2018, October",152.2 x 73 x 7.9 mm (5.99 x 2.87 x 0.31 in),141 g (4.97 oz),,"Dual SIM (Nano-SIM, dual stand-by)","IPS LCD capacitive touchscreen, 16M colors","5.7 inches, 83.8 cm2 (~75.5% screen-to-body ratio)","720 x 1440 pixels, 18:9 ratio (~282 ppi density)",eMMC 5.1,Android 8.1 (Oreo),Quad-core 2.0 GHz Cortex-A53,microSDXC (dedicated slot),"16GB 2GB RAM, 32GB 3GB RAM","13 MP, f/2.2",1080p@30fps,"13 MP, f/2.0",,Yes,Yes,"Wi-Fi 802.11 b/g/n, Wi-Fi Direct, hotspot","4.2, A2DP, LE","Yes, with A-GPS",FM radio,microUSB 2.0,"Fingerprint (rear-mounted), accelerometer, proximity",,,"Li-Po 3000 mAh, non-removable",,,"Black/Blue, Gold/Black",,Mediatek MT6761 Helio A22 (12 nm),PowerVR GE8320,"LED flash, HDR, panorama",,,,,,,,,,,,"1, 3, 5, 8, 40, 41",,,,,,LED flash,,Z81,,,,,,,Corning Gorilla Glass 3,,,,,,,
lava,Lava Z60s,https://fdn2.gsmarena.com/vv/bigpic/lava-z60s.jpg,GSM / HSPA / LTE,GSM 900 / 1800 - SIM 1 & SIM 2,HSDPA 900 / 2100,"HSPA 42.2/5.76 Mbps, LTE Cat4 150/50 Mbps","2018, August","Available. Released 2018, August",144.3 x 71.4 x 8.5 mm (5.68 x 2.81 x 0.33 in),136 g (4.80 oz),,"Dual SIM (Micro-SIM/Nano-SIM, dual stand-by)","IPS LCD capacitive touchscreen, 16M colors","5.0 inches, 68.9 cm2 (~66.9% screen-to-body ratio)","720 x 1280 pixels, 16:9 ratio (~294 ppi density)",eMMC 5.1,Android 8.1 Oreo (Go edition),Quad-core 1.5 GHz Cortex-A53,microSDXC,16GB 1GB RAM,"5 MP, f/2.0, AF",1080p@30fps,"5 MP, f/2.4",,Yes,Yes,"Wi-Fi 802.11 b/g/n, Wi-Fi Direct, hotspot","4.0, A2DP","Yes, with A-GPS",FM radio,microUSB 2.0,"Accelerometer, proximity",,,"Li-Po 2500 mAh, non-removable",,,"Gold, Black",About 4950 INR,Mediatek MT6739WW (28 nm),PowerVR GE8100,LED flash,,,,,,,,,,,,"1, 3, 5, 8, 40, 41",,,,,,LED flash,,Z60s,,,,,,,,,,,,,,
lava,Lava Z61,https://fdn2.gsmarena.com/vv/bigpic/lava-z61.jpg,GSM / HSPA / LTE,GSM 900 / 1800 - SIM 1 & SIM 2,HSDPA 900 / 2100,"HSPA 42.2/5.76 Mbps, LTE Cat4 150/50 Mbps","2018, July","Available. Released 2018, July",146.5 x 70.2 x 8.7 mm (5.77 x 2.76 x 0.34 in),139 g (4.90 oz),,"Dual SIM (Micro-SIM/Nano-SIM, dual stand-by)","IPS LCD capacitive touchscreen, 16M colors","5.45 inches, 76.7 cm2 (~74.5% screen-to-body ratio)","720 x 1440 pixels, 18:9 ratio (~295 ppi density)",eMMC 5.1,Android 8.0 Oreo (Go edition) - 1 GB RAM modelAndroid 8.1 (Oreo) - 2 GB RAM model,Quad-core 1.5 GHz Cortex-A53,microSDHC,"16GB 1GB RAM, 16GB 2GB RAM","8 MP, f/2.0, 1/5.0"", 1.12µm, AF",1080p@30fps,"5 MP, f/2.4",,Yes,Yes,"Wi-Fi 802.11 a/b/g/n/ac, dual-band, Wi-Fi Direct, hotspot","4.0, A2DP","Yes, with A-GPS",FM radio,microUSB 2.0,"Accelerometer, proximity",,,"Li-Po 3000 mAh, removable",,,"Gold, Black",About 5700 INR,Mediatek MT6739WW (28 nm),PowerVR GE8100,LED flash,,,,,,,,,,,,"1, 3, 5, 40, 41",,,,,,LED flash,,"Z61, Z61_2GB",,,,,,,Corning Gorilla Glass (unspecified version),,,,,,,
lava,Lava Z91 (2GB),https://fdn2.gsmarena.com/vv/bigpic/lava-z91.jpg,GSM / HSPA / LTE,GSM 900 / 1800 - SIM 1 & SIM 2,HSDPA 900 / 2100,"HSPA 42.2/5.76 Mbps, LTE Cat4 150/50 Mbps","2018, July","Available. Released 2018, July",152 x 72.9 x 7.7 mm (5.98 x 2.87 x 0.30 in),147 g (5.19 oz),,"Dual SIM (Nano-SIM, dual stand-by)","IPS LCD capacitive touchscreen, 16M colors","5.7 inches, 83.8 cm2 (~75.7% screen-to-body ratio)","720 x 1440 pixels, 18:9 ratio (~282 ppi density)",eMMC 5.1,Android 7.1 (Nougat),Quad-core 1.3 GHz Cortex-A53,microSDXC (dedicated slot),16GB 2GB RAM,"13 MP, f/2.0, 1/3.1"", 1.12µm, AF",1080p@30fps,"8 MP, f/2.2",,Yes,Yes,"Wi-Fi 802.11 a/b/g/n/ac, dual-band, Wi-Fi Direct, hotspot","4.0, A2DP","Yes, with A-GPS",FM radio,"microUSB 2.0, USB On-The-Go","Fingerprint (rear-mounted), accelerometer, proximity",,,"Li-Po 3000 mAh, non-removable",,,Blue,About 9000 INR,Mediatek MT6739 (28 nm),PowerVR GE8100,LED flash,,,,,,,,,,,,"1, 3, 5, 40, 41",,,,,,LED flash,,,,,,,,,,,,,,,,
lava,Lava Z91,https://fdn2.gsmarena.com/vv/bigpic/lava-z91.jpg,GSM / HSPA / LTE,GSM 900 / 1800 - SIM 1 & SIM 2,HSDPA 900 / 2100,"HSPA 42.2/5.76 Mbps, LTE Cat4 150/50 Mbps","2018, March","Available. Released 2018, March",152 x 72.9 x 7.7 mm (5.98 x 2.87 x 0.30 in),147 g (5.19 oz),,"Dual SIM (Nano-SIM, dual stand-by)","IPS LCD capacitive touchscreen, 16M colors","5.7 inches, 83.8 cm2 (~75.7% screen-to-body ratio)","720 x 1440 pixels, 18:9 ratio (~282 ppi density)",eMMC 5.1,Android 7.1 (Nougat),Quad-core 1.3 GHz Cortex-A53,microSDXC (dedicated slot),32GB 3GB RAM,"13 MP, f/2.0, 1/3.1"", 1.12µm, AF",1080p@30fps,"8 MP, f/2.2",,Yes,Yes,"Wi-Fi 802.11 a/b/g/n/ac, dual-band, Wi-Fi Direct, hotspot","4.0, A2DP","Yes, with A-GPS",FM radio,"microUSB 2.0, USB On-The-Go","Fingerprint (rear-mounted), accelerometer, proximity",,,"Li-Po 3000 mAh, non-removable",,,Blue,About 10000 INR,Mediatek MT6739 (28 nm),PowerVR GE8100,LED flash,,,,,,,,,,,,"1, 3, 5, 40, 41",,,,,,LED flash,,Z91,,,,,,,,,,,,,,
lava,Lava Z50,https://fdn2.gsmarena.com/vv/bigpic/lava-z50.jpg,GSM / HSPA / LTE,GSM 900 / 1800 - SIM 1 & SIM 2,HSDPA 900 / 2100,"HSPA 21.1/5.76 Mbps, LTE Cat4 150/50 Mbps","2018, March","Available. Released 2018, March",135 x 66.6 x 9.7 mm (5.31 x 2.62 x 0.38 in),140 g (4.94 oz),,"Dual SIM (Micro-SIM, dual stand-by)","TN TFT capacitive touchscreen, 16M colors","4.5 inches, 55.8 cm2 (~62.1% screen-to-body ratio)","480 x 854 pixels, 16:9 ratio (~218 ppi density)",eMMC 5.0,Android Oreo (Go edition),Quad-core 1.1 GHz Cortex-A53,microSDXC,8GB 1GB RAM,"5 MP, AF",720p@30fps,5 MP,,Yes,Yes,"Wi-Fi 802.11 b/g/n, hotspot","4.0, A2DP","Yes, with A-GPS",FM radio,microUSB 2.0,"Accelerometer, proximity",,,"Li-Po 2000 mAh, removable",,,"Gold, Black",About 4400 INR,Mediatek MT6737M (28 nm),Mali-T720MP2,"LED flash, HDR",,,,,,,,,,,,"1, 3, 5, 40, 41",,,,,,LED flash,,Z50,,,,,,,Corning Gorilla Glass 1,,,,,,,
lava,Lava Z90,https://fdn2.gsmarena.com/vv/bigpic/lava-z90.jpg,GSM / HSPA / LTE,GSM 900 / 1800 - SIM 1 & SIM 2,HSDPA 900 / 2100,"HSPA 42.2/5.76 Mbps, LTE Cat4 150/50 Mbps","2017, September","Available. Released 2017, September",148.5 x 73.1 x 8.1 mm (5.85 x 2.88 x 0.32 in),159 g (5.61 oz),,"Hybrid Dual SIM (Micro-SIM, dual stand-by)","IPS LCD capacitive touchscreen, 16M colors","5.2 inches, 74.5 cm2 (~68.7% screen-to-body ratio)","720 x 1280 pixels, 16:9 ratio (~282 ppi density)",eMMC 5.0,Android 7.0 (Nougat),Quad-core 1.3 GHz Cortex-A53,microSDXC (uses shared SIM slot),32GB 3GB RAM,"8 MP, f/2.0",1080p@30fps,,,Yes,Yes,"Wi-Fi 802.11 a/b/g/n/ac, dual-band, Wi-Fi Direct, hotspot","4.0, A2DP","Yes, with A-GPS, GLONASS",FM radio,microUSB 2.0,"Fingerprint (rear-mounted), accelerometer, gyro, proximity, compass",,,"Li-Ion 2750 mAh, non-removable",,,"Blue, Gold",About 10750 INR,Mediatek MT6737 (28 nm),Mali-T720MP2,LED flash,,,,,,,,,,,,"1, 3, 5, 40, 41",,,,,"8 MP, f/2.0, AF 2 MP, (depth)",LED flash,,Z90,,,,,,,Corning Gorilla Glass 3,,,,,,,
lava,Lava Z80,https://fdn2.gsmarena.com/vv/bigpic/lava-z80.jpg,GSM / HSPA / LTE,GSM 900 / 1800 - SIM 1 & SIM 2,HSDPA 900 / 2100,"HSPA 42.2/5.76 Mbps, LTE Cat4 150/50 Mbps","2017, September","Available. Released 2017, September",148.5 x 73.1 x 8.1 mm (5.85 x 2.88 x 0.32 in),136.8 g (4.83 oz),,"Hybrid Dual SIM (Micro-SIM/Nano-SIM, dual stand-by)","IPS LCD capacitive touchscreen, 16M colors","5.0 inches, 68.9 cm2 (~63.5% screen-to-body ratio)","720 x 1280 pixels, 16:9 ratio (~294 ppi density)",eMMC 5.0,Android 7.0 (Nougat),Quad-core 1.3 GHz Cortex-A53,microSDXC (uses shared SIM slot),16GB 3GB RAM,"8 MP, f/2.0",720p@30fps,"5 MP, f/2.0, 1/4"", 1.4µm",,Yes,Yes,"Wi-Fi 802.11 a/b/g/n/ac, dual-band, Wi-Fi Direct, hotspot","4.0, A2DP","Yes, with A-GPS, GLONASS",FM radio,microUSB 2.0,"Fingerprint (rear-mounted), accelerometer, gyro, proximity, compass",,,"Li-Po 2500 mAh, removable",,,Black,About 9000 INR,Mediatek MT6737 (28 nm),Mali-T720MP2,LED flash,,,,,,,,,,,,"1, 3, 5, 40, 41",,,,,,LED flash,,Z80,,,,,,,,,,,,,,
lava,Lava Z60,https://fdn2.gsmarena.com/vv/bigpic/lava-z60.jpg,GSM / HSPA / LTE,GSM 900 / 1800 - SIM 1 & SIM 2,HSDPA 900 / 2100,"HSPA 42.2/5.76 Mbps, LTE Cat4 150/50 Mbps","2017, September","Available. Released 2017, September",143.6 x 72.3 x 9.1 mm (5.65 x 2.85 x 0.36 in),149 g (5.26 oz),,"Dual SIM (Micro-SIM/Nano-SIM, dual stand-by)","IPS LCD capacitive touchscreen, 16M colors","5.0 inches, 68.9 cm2 (~66.4% screen-to-body ratio)","480 x 854 pixels, 16:9 ratio (~196 ppi density)",eMMC 5.0,Android 7.0 (Nougat),Quad-core 1.1 GHz Cortex-A53,microSDXC,16GB 1GB RAM,"5 MP, f/2.0, AF",1080p@30fps,5 MP,,Yes,Yes,"Wi-Fi 802.11 b/g/n, hotspot","4.0, A2DP","Yes, with A-GPS",FM radio,microUSB 2.0,"Accelerometer, proximity",,,"Li-Po 2500 mAh, non-removable",,,"Gold, Black",About 6500 INR,Mediatek MT6737M (28 nm),Mali-T720MP2,LED flash,,,,,,,,,,,,"1, 3, 5, 40, 41",,,,,,LED flash,,Z60,,,,,,,,,,,,,,
lava,Lava A97 2GB+,https://fdn2.gsmarena.com/vv/bigpic/lava-a972.jpg,GSM / HSPA / LTE,GSM 900 / 1800 - SIM 1 & SIM 2,HSDPA 900 / 2100,"HSPA 42.2/11.5 Mbps, LTE Cat4 150/50 Mbps","2017, June","Available. Released 2017, June",145 x 72 x 9.2 mm (5.71 x 2.83 x 0.36 in),160 g (5.64 oz),,"Dual SIM (Micro-SIM, dual stand-by)","IPS LCD capacitive touchscreen, 16M colors","5.0 inches, 68.9 cm2 (~66.0% screen-to-body ratio)","480 x 854 pixels, 16:9 ratio (~196 ppi density)",,Android 7.0 (Nougat),Quad-core 1.3 GHz,microSDHC,16GB 2GB RAM,"8 MP, AF",720p@30fps,5 MP,,Yes,Yes,"Wi-Fi 802.11 b/g/n, hotspot","4.0, A2DP","Yes, with A-GPS",Stereo FM radio with RDS; recording,microUSB 2.0,"Accelerometer, proximity",,,"Li-Ion 2350 mAh, removable",,,"Gold, Silver, Blue",About 7700 INR,Spreadtrum SC9832,Mali-400,"LED flash, HDR, panorama",,,,,,,,,,,,"3, 5, 40",,,,,,LED flash,,,,,,,,,,,,,,,,
lava,Lava A44,https://fdn2.gsmarena.com/vv/bigpic/lava-a44.jpg,GSM / HSPA / LTE,GSM 900 / 1800 - SIM 1 & SIM 2,HSDPA 900 / 2100,HSPA,"2017, June","Available. Released 2017, June",123 x 63.7 x 10.1 mm (4.84 x 2.51 x 0.40 in),141 g (4.97 oz),,"Dual SIM (Micro-SIM, dual stand-by)",TN capacitive touchscreen,"4.0 inches, 44.1 cm2 (~56.3% screen-to-body ratio)","480 x 854 pixels, 16:9 ratio (~245 ppi density)",eMMC 5.0,Android 7.0 (Nougat),Quad-core 1.1 GHz Cortex-A53,microSDHC,8GB 1GB RAM,5 MP,Yes,2 MP,,"Yes, with stereo speakers",Yes,"Wi-Fi 802.11 b/g/n, hotspot",2.1,"Yes, with A-GPS",Stereo FM radio with RDS; recording,microUSB 2.0,"Accelerometer, proximity",,,"Li-Ion 1500 mAh, removable",,,Black,About 5400 INR,Mediatek MT6737M (28 nm),Mali-T720MP1,LED flash,,,,,,,,,,,,"3, 5, 40",,,,,,LED,,A44,,,,,,,Scratch-resistant glass,,,,,,,
lava,Lava A77,https://fdn2.gsmarena.com/vv/bigpic/lava-a77.jpg,GSM / HSPA / LTE,GSM 900 / 1800 - SIM 1 & SIM 2,HSDPA 900 / 2100,"HSPA 42.2/11.5 Mbps, LTE Cat4 150/50 Mbps","2017, May","Available. Released 2017, May",135 x 67.2 x 9.5 mm (5.31 x 2.65 x 0.37 in),140 g (4.94 oz),,"Dual SIM (Micro-SIM, dual stand-by)","TN capacitive touchscreen, 16M colors","4.5 inches, 55.8 cm2 (~61.5% screen-to-body ratio)","480 x 854 pixels, 16:9 ratio (~218 ppi density)",,Android 6.0 (Marshmallow),Quad-core 1.3 GHz,microSDHC (dedicated slot),8GB 1GB RAM,5 MP,Yes,5 MP,,Yes,Yes,"Wi-Fi 802.11 b/g/n, hotspot","4.0, A2DP","Yes, with A-GPS",Stereo FM radio with RDS; recording,microUSB 2.0,"Accelerometer, proximity",,,"Li-Ion 2000 mAh, removable",,,"Gold, Silver, Blue",About 6099 INR,Spreadtrum SC9832,Mali-400,"LED flash, HDR, panorama",,,,,,,,,,,,"3, 5, 40",,,,,,LED flash,,,,,,,,,,,,,,,,
lava,Lava Z25,https://fdn2.gsmarena.com/vv/bigpic/lava-z25.jpg,GSM / HSPA / LTE,GSM 850 / 900 / 1800 / 1900 - SIM 1 & SIM 2,HSDPA 900 / 2100,"HSPA 42.2/5.76 Mbps, LTE","2017, March","Available. Released 2017, March",151.5 x 76.4 x 8.5 mm (5.96 x 3.01 x 0.33 in),163 g (5.75 oz),,"Hybrid Dual SIM (Nano-SIM/ Micro-SIM, dual stand-by)","IPS LCD capacitive touchscreen, 16M colors","5.5 inches, 83.4 cm2 (~72.0% screen-to-body ratio)","720 x 1280 pixels, 16:9 ratio (~267 ppi density)",eMMC 5.1,Android 6.0 (Marshmallow),Octa-core (4x1.5 GHz Cortex-A53 & 4x1.0 GHz Cortex-A53),microSDXC (uses shared SIM slot),32GB 4GB RAM,"13 MP, f/2.0, 1/3.1"", 1.12µm, PDAF",1080p@30fps,"8 MP, f/2.0",,Yes,Yes,"Wi-Fi 802.11 b/g/n, hotspot","4.0, A2DP","Yes, with A-GPS",FM radio,"microUSB 2.0, USB On-The-Go","Fingerprint (rear-mounted), accelerometer, proximity",,,"Li-Ion 3020 mAh, non-removable",,,"Champagne Gold, Gray",About 250 EUR,Mediatek MT6750 (28 nm),Mali-T860MP2,Dual-LED flash,,,,,,,,,,,,"3, 5, 40",,,,,,LED flash,,,,,,,,,,,,,,,,
lava,Lava Z10,https://fdn2.gsmarena.com/vv/bigpic/lava-z10-.jpg,GSM / HSPA / LTE,GSM 850 / 900 / 1800 / 1900 - SIM 1 & SIM 2,HSDPA 900 / 2100,"HSPA 42.2/5.76 Mbps, LTE","2017, March","Available. Released 2017, March",143.2 x 71 x 8.4 mm (5.64 x 2.80 x 0.33 in),148 g (5.22 oz),,"Hybrid Dual SIM (Nano-SIM/ Micro-SIM, dual stand-by)","IPS LCD capacitive touchscreen, 16M colors","5.0 inches, 68.9 cm2 (~67.8% screen-to-body ratio)","720 x 1280 pixels, 16:9 ratio (~294 ppi density)",eMMC 5.0,Android 6.0 (Marshmallow),Quad-core 1.3 GHz Cortex-A53,microSDXC (uses shared SIM slot),"16GB 2GB RAM, 16GB 3GB RAM","8 MP, f/2.0, 1/3.2"", 1.4µm, AF",720p@30fps,"5 MP, 1/4"", 1.4µm",,Yes,Yes,"Wi-Fi 802.11 b/g/n, hotspot","4.0, A2DP","Yes, with A-GPS",FM radio,"microUSB 2.0, USB On-The-Go","Accelerometer, proximity",,,"Li-Ion 2620 mAh, non-removable",,,"Gold, Black/White",About 160 EUR,Mediatek MT6737 (28 nm),Mali-T720MP2,"LED flash, panorama",,,,,,,,,,,,"3, 5, 40",,,,,,LED flash,,,,,,,,,,,,,,,,
lava,Lava X28 Plus,https://fdn2.gsmarena.com/vv/bigpic/lava-x28-plus.jpg,GSM / HSPA / LTE,GSM 900 / 1800 - SIM 1 & SIM 2,HSDPA 900 / 2100,"HSPA 42.2/5.76 Mbps, LTE","2017, February","Available. Released 2017, February",155 x 78 x 9 mm (6.10 x 3.07 x 0.35 in),175 g (6.17 oz),,Dual SIM,"IPS LCD capacitive touchscreen, 16M colors","5.5 inches, 83.4 cm2 (~69.0% screen-to-body ratio)","720 x 1280 pixels, 16:9 ratio (~267 ppi density)",,Android 6.0 (Marshmallow),Quad-core 1.3 GHz,microSDHC,8GB 1GB RAM,"8 MP, AF",1080p@30fps,5 MP,,Yes,Yes,"Wi-Fi 802.11 b/g/n, hotspot","4.0, A2DP","Yes, with A-GPS",FM radio,microUSB 2.0,"Accelerometer, proximity",,,"Li-Ion 2600 mAh, removable",,,Black/Gold,,,,"LED flash, panorama",,,,,,,,,,,,"3, 5, 40",,,,,,LED flash,,,,,,,,,,,,,,,,
lava,Lava A73,https://fdn2.gsmarena.com/vv/bigpic/lava-a73n.jpg,GSM / HSPA,GSM 900 / 1800 - SIM 1 & SIM 2,HSDPA 900 / 2100,"HSPA 42.2/5.76 Mbps, LTE","2017, February","Available. Released 2017, February",145.5 x 72.8 x 9.3 mm (5.73 x 2.87 x 0.37 in),-,,Dual SIM,TN capacitive touchscreen,"5.0 inches, 68.9 cm2 (~65.0% screen-to-body ratio)","480 x 854 pixels, 16:9 ratio (~196 ppi density)",,Android 6.0 (Marshmallow),Quad-core 1.2 GHz,microSDHC,8GB 1GB RAM,5 MP,720p@30fps,5 MP,,Yes,Yes,"Wi-Fi 802.11 b/g/n, hotspot","4.0, A2DP","Yes, with A-GPS",FM radio,microUSB 2.0,Accelerometer,,,"Li-Ion 2000 mAh, removable",,,Dark Gray,,,,LED flash,,,,,,,,,,,,,,,,,,LED flash,,,,,,,,,,,,,,,,
lava,Lava X19,https://fdn2.gsmarena.com/vv/bigpic/lava-x19.jpg,GSM / HSPA,GSM 900 / 1800 - SIM 1 & SIM 2,HSDPA 900 / 2100,HSPA,"2016, December","Available. Released 2016, December",145.5 x 72.6 x 8.9 mm (5.73 x 2.86 x 0.35 in),-,,Dual SIM,"IPS LCD capacitive touchscreen, 16M colors","5.0 inches, 68.9 cm2 (~65.2% screen-to-body ratio)","720 x 1280 pixels, 16:9 ratio (~294 ppi density)",,Android 6.0 (Marshmallow),Quad-core 1.3 GHz,microSD,8GB 2GB RAM,"8 MP, AF",Yes,5 MP,,Yes,Yes,"Wi-Fi 802.11 b/g/n, hotspot","4.0, A2DP","Yes, with A-GPS",FM radio,microUSB 2.0,Accelerometer,,,"Li-Ion 2200 mAh, removable",,,"White/Gold, Gray",,,,"LED flash, panorama",,,,,,,,,,,,,,,,,,LED flash,,,,,,,,,,,,,,,,
lava,Lava A55,https://fdn2.gsmarena.com/vv/bigpic/lava-a55.jpg,GSM / HSPA,GSM 900 / 1800 - SIM 1 & SIM 2,HSDPA 900 / 2100,HSPA,"2016, November","Available. Released 2016, November",123 x 63.4 x 9.7 mm (4.84 x 2.50 x 0.38 in),-,,Dual SIM,"TFT capacitive touchscreen, 16M colors","4.0 inches, 45.5 cm2 (~58.4% screen-to-body ratio)","480 x 800 pixels, 5:3 ratio (~233 ppi density)",,Android 6.0 (Marshmallow),Quad-core 1.2 GHz,microSDHC,8GB 1GB RAM,5 MP,Yes,VGA,,Yes,Yes,"Wi-Fi 802.11 b/g/n, hotspot","2.1, EDR","Yes, with A-GPS",FM radio,microUSB 2.0,Accelerometer,,,"Li-Ion 1550 mAh, removable",Up to 388 h,Up to 9 h,Black + Silver,,,,"LED flash, panorama",,,,,,,,,,,,,,,,,,,,,,,,,,,,,,,,,,
lava,Lava A50,https://fdn2.gsmarena.com/vv/bigpic/lava-a50.jpg,GSM / HSPA,GSM 900 / 1800 - SIM 1 & SIM 2,HSDPA 900 / 2100,HSPA,"2016, November","Available. Released 2016, November",123 x 63.4 x 9.7 mm (4.84 x 2.50 x 0.38 in),-,,Dual SIM,"TFT capacitive touchscreen, 16M colors","4.0 inches, 45.5 cm2 (~58.4% screen-to-body ratio)","480 x 800 pixels, 5:3 ratio (~233 ppi density)",,Android 6.0 (Marshmallow),Quad-core 1.2 GHz,microSDHC,8GB 512MB RAM,5 MP,Yes,VGA,,Yes,Yes,"Wi-Fi 802.11 b/g/n, hotspot","2.1, EDR","Yes, with A-GPS",FM radio,microUSB 2.0,Accelerometer,,,"Li-Ion 1550 mAh, removable",Up to 388 h,Up to 9 h,Black + Silver,,,,"LED flash, panorama",,,,,,,,,,,,,,,,,,,,,,,,,,,,,,,,,,
lava,Lava X50 Plus,https://fdn2.gsmarena.com/vv/bigpic/lavax50-plus.jpg,GSM / HSPA / LTE,GSM 900 / 1800 - SIM 1 & SIM 2,HSDPA 900 / 2100,"HSPA 42.2/5.76 Mbps, LTE Cat4 150/50 Mbps","2016, November","Available. Released 2016, November",155 x 71.8 x 8.9 mm (6.10 x 2.83 x 0.35 in),158 g (5.57 oz),,"Dual SIM (Micro-SIM, dual stand-by)","IPS LCD capacitive touchscreen, 16M colors","5.5 inches, 83.4 cm2 (~74.9% screen-to-body ratio)","720 x 1280 pixels, 16:9 ratio (~267 ppi density)",,"Android 5.1 (Lollipop), upgradable to 6.0 (Marshmallow)",Quad-core,microSDHC,32GB 2GB RAM,"8 MP, AF",1080p@30fps,5 MP,,Yes,Yes,"Wi-Fi 802.11 b/g/n, hotspot","4.0, A2DP","Yes, with A-GPS",FM radio,microUSB 2.0,"Accelerometer, proximity",,,"Li-Po 2800 mAh, removable",,,Blue,,,,LED flash,,,,,,,,,,,,"3, 40",,,,,,LED flash,,,,,,,,,,,,,,,,
lava,Lava X41 Plus,https://fdn2.gsmarena.com/vv/bigpic/lava-x41-plus.jpg,GSM / HSPA / LTE,GSM 900 / 1800 - SIM 1 & SIM 2,HSDPA 900 / 2100,"HSPA 42.2/5.76 Mbps, LTE","2016, October","Available. Released 2016, October",145 x 71.2 x 8.8 mm (5.71 x 2.80 x 0.35 in),156 g (5.50 oz),,"Dual SIM (Mini-SIM/ Micro-SIM, dual stand-by)","IPS LCD capacitive touchscreen, 16M colors","5.0 inches, 68.9 cm2 (~66.8% screen-to-body ratio)","720 x 1280 pixels, 16:9 ratio (~294 ppi density)",,Android 6.0 (Marshmallow),Quad-core 1.3 GHz,microSDHC (dedicated slot),32GB 2GB RAM,"8 MP, f/2.0, 1/3.2"", 1.4µm",1080p@30fps,"5 MP, f/2.2",,Yes,Yes,"Wi-Fi 802.11 b/g/n, hotspot","4.0, A2DP","Yes, with A-GPS",FM radio,microUSB 2.0,"Accelerometer, proximity",,,"Li-Po 2500 mAh, removable",,,"Black, Gold",,,,"Panorama, LED flash",,,,,,,,,,,,"3, 5, 40",,,,,,LED flash,,,,,,,,,Corning Gorilla Glass (unspecified version),,,,,,,
lava,Lava A51,https://fdn2.gsmarena.com/vv/bigpic/lava-a51.jpg,GSM / HSPA,GSM 900 / 1800 - SIM 1 & SIM 2,HSDPA 900 / 2100,HSPA,"2016, October","Available. Released 2016, October",136 x 66 x 9.9 mm (5.35 x 2.60 x 0.39 in),-,,Dual SIM,"TFT capacitive touchscreen, 16M colors","4.5 inches, 55.8 cm2 (~62.2% screen-to-body ratio)","480 x 854 pixels, 16:9 ratio (~218 ppi density)",,Android 6.0 (Marshmallow),Quad-core 1.2 GHz,microSDHC,8GB 512MB RAM,5 MP,Yes,VGA,,Yes,Yes,"Wi-Fi 802.11 b/g/n, hotspot","2.1, EDR","Yes, with A-GPS",FM radio,microUSB 2.0,Accelerometer,,,"Li-Ion 1750 mAh, removable",Up to 420 h (3G),Up to 10 h 30 min (3G),"Gray, Black, Gold",,Spreadtrum SC7731C,,"LED flash, panorama",,,,,,,,,,,,,,,,,,,,,,,,,,,,,,,,,,
lava,Lava A76+,https://fdn2.gsmarena.com/vv/bigpic/lava-a76-plus.jpg,GSM / HSPA / LTE,GSM 900 / 1800 - SIM 1 & SIM 2,HSDPA 900 / 2100,"HSPA 42.2/5.76 Mbps, LTE Cat4 150/50 Mbps","2016, October","Available. Released 2016, October",134 x 66 x 9.3 mm (5.28 x 2.60 x 0.37 in),135 g (4.76 oz),,Dual SIM,"TFT capacitive touchscreen, 16M colors","4.5 inches, 55.8 cm2 (~63.1% screen-to-body ratio)","480 x 854 pixels, 16:9 ratio (~218 ppi density)",,Android 6.0 (Marshmallow),Quad-core 1.5 GHz,microSDHC,8GB 1GB RAM,5 MP,Yes,5 MP,,Yes,Yes,"Wi-Fi 802.11 b/g/n, hotspot","4.0, A2DP","Yes, with A-GPS",FM radio,microUSB 2.0,Accelerometer,,,"Li-Ion 1850 mAh, non-removable",,,"Black, White",,,,"LED flash, HDR, panorama",,,,,,,,,,,,"3, 5, 40",,,,,,LED flash,,,,,,,,,,,,,,,,
lava,Lava A97,https://fdn2.gsmarena.com/vv/bigpic/lava-a97.jpg,GSM / HSPA / LTE,GSM 900 / 1800 - SIM 1 & SIM 2,HSDPA 900 / 2100,"HSPA 42.2/5.76 Mbps, LTE Cat4 150/50 Mbps","2016, September","Available. Released 2016, September",145.5 x 72 x 9.2 mm (5.73 x 2.83 x 0.36 in),160 g (5.64 oz),,Dual SIM,"TFT capacitive touchscreen, 16M colors","5.0 inches, 68.9 cm2 (~65.8% screen-to-body ratio)","480 x 854 pixels, 16:9 ratio (~196 ppi density)",,Android 6.0 (Marshmallow),Quad-core 1.3 GHz,microSDHC,8GB 1GB RAM,5 MP,720p@30fps,5 MP,,Yes,Yes,"Wi-Fi 802.11 b/g/n, hotspot","4.0, A2DP","Yes, with A-GPS",FM radio,microUSB 2.0,Accelerometer,,,"Li-Ion 2350 mAh, removable",,,"Black, Gold, Gray",,,,"LED flash, HDR, panorama",,,,,,,,,,,,"3, 5, 40",,,,,,LED flash,,A97,,,,,,,,,,,,,,
lava,Lava X28,https://fdn2.gsmarena.com/vv/bigpic/lava-x28.jpg,GSM / HSPA / LTE,GSM 900 / 1800 - SIM 1 & SIM 2,HSDPA 900 / 2100,"HSPA 42.2/5.76 Mbps, LTE","2016, September","Available. Released 2016, September",155 x 78 x 9 mm (6.10 x 3.07 x 0.35 in),-,,Dual SIM,"IPS LCD capacitive touchscreen, 16M colors","5.5 inches, 83.4 cm2 (~69.0% screen-to-body ratio)","720 x 1280 pixels, 16:9 ratio (~267 ppi density)",,Android 6.0 (Marshmallow),Quad-core 1.3 GHz,microSDHC,8GB 1GB RAM,8 MP,1080p@30fps,5 MP,,Yes,Yes,"Wi-Fi 802.11 b/g/n, hotspot","4.0, A2DP","Yes, with A-GPS",FM radio,microUSB 2.0,"Accelerometer, proximity",,,Li-Po 2600 mAh battery,,,Black/Gold,,,,LED flash,,,,,,,,,,,,"3, 5, 40",,,,,,LED flash,,,,,,,,,,,,,,,,
lava,Lava P7+,https://fdn2.gsmarena.com/vv/bigpic/lava-p7p.jpg,GSM / HSPA,GSM 900 / 1800 - SIM 1 & SIM 2,HSDPA 2100,HSPA,"2016, June","Available. Released 2016, June",143.5 x 71.8 x 8.9 mm (5.65 x 2.83 x 0.35 in),-,,Dual SIM,"IPS LCD capacitive touchscreen, 16M colors","5.0 inches, 68.9 cm2 (~66.9% screen-to-body ratio)","720 x 1280 pixels, 16:9 ratio (~294 ppi density)",,Android 6.0 (Marshmallow),Quad-core 1.3 GHz,microSDXC,8GB 1GB RAM,8 MP,Yes,5 MP,,Yes,Yes,"Wi-Fi 802.11 b/g/n, hotspot","4.0, A2DP","Yes, with A-GPS",FM radio,microUSB 2.0,Accelerometer,,,"Li-Po 2500 mAh, removable",,,"White/Gold, Gray",,,,"LED flash, panorama",,,,,,,,,,,,,,,,,,LED flash,,,,,,,,,,,,,,,,
lava,Lava A48,https://fdn2.gsmarena.com/vv/bigpic/lava-a48.jpg,GSM / HSPA,GSM 900 / 1800 - SIM 1 & SIM 2,HSDPA 2100,HSPA,"2016, August","Available. Released 2016, August",125.8 x 64 x 9.9 mm (4.95 x 2.52 x 0.39 in),116.4 g (4.09 oz),,Dual SIM,"TFT capacitive touchscreen, 256K colors","4.0 inches, 45.5 cm2 (~56.6% screen-to-body ratio)","480 x 800 pixels, 5:3 ratio (~233 ppi density)",,Android OS,Quad-core 1.2 GHz,microSDHC,8GB 512MB RAM,2 MP,Yes,VGA,,Yes,Yes,"Wi-Fi 802.11 b/g/n, hotspot",2.0,No,FM radio,microUSB 2.0,Accelerometer,,,Li-Ion 1300 mAh battery,,,"White, Champagne, Blue",,,,LED flash,,,,,,,,,,,,,,,,,,,,,,,,,,,,,,,,,,
lava,Lava X38,https://fdn2.gsmarena.com/vv/bigpic/lava-x38.jpg,GSM / HSPA / LTE,GSM 900 / 1800 - SIM 1 & SIM 2,HSDPA 900 / 2100,"HSPA 42.2/5.76 Mbps, LTE","2016, July","Available. Released 2016, July",-,-,,Dual SIM,"IPS LCD capacitive touchscreen, 16M colors","5.0 inches, 68.9 cm2","720 x 1280 pixels, 16:9 ratio (~294 ppi density)",,Android 6.0 (Marshmallow),Quad-core 1.0 GHz,microSDHC,8GB 1GB RAM,8 MP,1080p@30fps,2 MP,,Yes,Yes,"Wi-Fi 802.11 b/g/n, hotspot","4.0, A2DP","Yes, with A-GPS",FM radio,microUSB 2.0,"Accelerometer, proximity",,,"Li-Ion 4000 mAh, non-removable",,,Black,,,,LED flash,,,,,,,,,,,,"3, 5, 40",,,,,,LED flash,,X38,,,,,,,,,,,,,,
lava,Lava A32,https://fdn2.gsmarena.com/vv/bigpic/lava-a32.jpg,GSM / HSPA,GSM 900 / 1800 - SIM 1 & SIM 2,HSDPA 2100,HSPA,"2016, July","Available. Released 2016, July",124.4 x 64.6 x 10.8 mm (4.90 x 2.54 x 0.43 in),92 g (3.25 oz),,Dual SIM,"TFT capacitive touchscreen, 256K colors","4.0 inches, 45.5 cm2 (~56.7% screen-to-body ratio)","480 x 800 pixels, 5:3 ratio (~233 ppi density)",,Android OS,1 GHz,microSDHC,512MB 256MB RAM,2 MP,Yes,VGA,,Yes,Yes,"Wi-Fi 802.11 b/g/n, hotspot",2.1,"Yes, with A-GPS",FM radio,microUSB 2.0,Accelerometer,,,"Li-Ion 1500 mAh, removable",,,"Black, White",,,,LED flash,,,,,,,,,,,,,,,,,,,,,,,,,,,,,,,,,,
lava,Lava A68,https://fdn2.gsmarena.com/vv/bigpic/lava-a68.jpg,GSM / HSPA,GSM 900 / 1800 - SIM 1 & SIM 2,HSDPA 900 / 2100,HSPA,"2016, June","Available. Released 2016, June",134 x 66 x 9.6 mm (5.28 x 2.60 x 0.38 in),130 g (4.59 oz),,Dual SIM,TFT capacitive touchscreen,"4.5 inches, 55.8 cm2 (~63.1% screen-to-body ratio)","480 x 854 pixels, 16:9 ratio (~218 ppi density)",,Android 6.0 (Marshmallow),Quad-core 1.2 GHz,microSDHC,8GB 1GB RAM,5 MP,Yes,"VGA, LED flash",,Yes,Yes,"Wi-Fi 802.11 b/g/n, hotspot","2.1, EDR","Yes, with A-GPS",FM radio,microUSB 2.0,Accelerometer,,,"Li-Ion 1750 mAh, removable",,,"Black, Gold, Silver",,,,"LED flash, HDR, panorama",,,,,,,,,,,,,,,,,,,,,,,,,,,,,,,,,,
lava,Lava X50,https://fdn2.gsmarena.com/vv/bigpic/lava-x501.jpg,GSM / HSPA / LTE,GSM 900 / 1800 - SIM 1 & SIM 2,HSDPA 900 / 2100,"HSPA 42.2/5.76 Mbps, LTE Cat4 150/50 Mbps","2016, July","Available. Released 2016, July",155 x 71.8 x 8.9 mm (6.10 x 2.83 x 0.35 in),-,,"Dual SIM (Micro-SIM, dual stand-by)","IPS LCD capacitive touchscreen, 16M colors","5.5 inches, 83.4 cm2 (~74.9% screen-to-body ratio)","720 x 1280 pixels, 16:9 ratio (~267 ppi density)",,"Android 5.1 (Lollipop), upgradable to 6.0 (Marshmallow)",Quad-core,microSDHC,8GB 2GB RAM,"8 MP, AF",1080p@30fps,5 MP,,Yes,Yes,"Wi-Fi 802.11 b/g/n, hotspot","4.0, A2DP","Yes, with A-GPS",FM radio,microUSB 2.0,"Accelerometer, proximity",,,"Li-Po 2800 mAh, removable",,,Blue,,,,LED flash,,,,,,,,,,,,"3, 40",,,,,,LED flash,,X50,,,,,,,,,,,,,,
lava,Lava X17,https://fdn2.gsmarena.com/vv/bigpic/lava-x17.jpg,GSM / HSPA / LTE,GSM 900 / 1800 - SIM 1 & SIM 2,HSDPA 900 / 2100,"HSPA 42.2/5.76 Mbps, LTE","2016, July","Available. Released 2016, July",145 x 72 x 8.5 mm (5.71 x 2.83 x 0.33 in),-,,Dual SIM,"IPS LCD capacitive touchscreen, 16M colors","5.0 inches, 68.9 cm2 (~66.0% screen-to-body ratio)","720 x 1280 pixels, 16:9 ratio (~294 ppi density)",,Android OS,Quad-core,microSD,8GB 1GB RAM,"8 MP, AF",1080p@30fps,5 MP,,Yes,Yes,"Wi-Fi 802.11 b/g/n, hotspot","4.0, A2DP","Yes, with A-GPS",FM radio,microUSB 2.0,Accelerometer,,,"Li-Ion 2350 mAh, removable",,,"Gold, Black/Gold, White/Gold",,,,"LED flash, panorama",,,,,,,,,,,,"3, 40",,,,,,LED flash,,,,,,,,,,,,,,,,
lava,Lava X81,https://fdn2.gsmarena.com/vv/bigpic/lava-x81.jpg,GSM / HSPA / LTE,GSM 900 / 1800 - SIM 1 & SIM 2,HSDPA 900 / 2100,"HSPA 42.2/5.76 Mbps, LTE Cat4 150/50 Mbps","2016, June","Available. Released 2016, June",142.6 x 73.4 x 8.4 mm (5.61 x 2.89 x 0.33 in),-,,Dual SIM,"IPS LCD capacitive touchscreen, 16M colors","5.0 inches, 68.9 cm2 (~65.8% screen-to-body ratio)","720 x 1280 pixels, 16:9 ratio",,Android 6.0.1 (Marshmallow),Quad-core 1.3 GHz Cortex-A53,microSDXC,16GB 3GB RAM,"13 MP, f/2.0, AF",1080p@30fps,"5 MP, f/2.4",,Yes,Yes,"Wi-Fi 802.11 b/g/n, hotspot","4.0, A2DP","Yes, with A-GPS, GLONASS",FM radio,"microUSB 2.0, USB On-The-Go","Accelerometer, proximity",,,"Li-Ion 2700 mAh, non-removable",Up to 336 h (3G),Up to 10 h (3G),Space Grey/Gold,,Mediatek MT6735 (28 nm),Mali-T720,Dual-LED flash,,,,,,,,,,,,"3, 40",,,,,,,,,,,,,,,,,,,,,,
lava,Lava X46,https://fdn2.gsmarena.com/vv/bigpic/lava-x46.jpg,GSM / HSPA / LTE,GSM 900 / 1800 - SIM 1 & SIM 2,HSDPA 900 / 2100,"HSPA 42.2/5.76 Mbps, LTE Cat4 150/50 Mbps","2016, June","Available. Released 2016, June",143 x 71.5 x 8.5 mm (5.63 x 2.81 x 0.33 in),-,,Dual SIM,"IPS LCD capacitive touchscreen, 16M colors","5.0 inches, 68.9 cm2 (~67.4% screen-to-body ratio)","720 x 1280 pixels, 16:9 ratio (~294 ppi density)",,"Android 5.1 (Lollipop), upgradable to 6.0.1 (Marshmallow)",Quad-core 1.3 GHz,microSDHC,8GB 2GB RAM,8 MP,1080p@30fps,5 MP,,Yes,Yes,"Wi-Fi 802.11 b/g/n, hotspot","4.0, A2DP","Yes, with A-GPS",FM radio,microUSB 2.0,Accelerometer,,,Li-Po 2500 mAh battery,,,Black,,,,LED flash,,,,,,,,,,,,"3, 5, 40",,,,,,,,,,,,,,,,,,,,,,
lava,Lava A89,https://fdn2.gsmarena.com/vv/bigpic/lava-a89.jpg,GSM / HSPA / LTE,GSM 900 / 1800 - SIM 1 & SIM 2,HSDPA 2100,"HSPA 42.2/5.76 Mbps, LTE Cat4 150/50 Mbps","2016, May","Available. Released 2016, May",145.5 x 72 x 9.1 mm (5.73 x 2.83 x 0.36 in),157 g (5.54 oz),,Dual SIM,"TFT capacitive touchscreen, 16M colors","5.0 inches, 68.9 cm2 (~65.8% screen-to-body ratio)","480 x 854 pixels, 16:9 ratio (~196 ppi density)",,Android 5.1 (Lollipop),Quad-core 1.5 GHz,microSDHC (dedicated slot),8GB 1GB RAM,5 MP,720p@30fps,2 MP,,Yes,Yes,"Wi-Fi 802.11 b/g/n, hotspot","4.0, A2DP","Yes, with A-GPS",FM radio,microUSB 2.0,Accelerometer,,,"Li-Ion 2000 mAh, non-removable",,,"Black, White",,,,"LED flash, HDR, panorama",,,,,,,,,,,,"3, 5, 40",,,,,,LED flash,,,,,,,,,,,,,,,,
lava,Lava A82,https://fdn2.gsmarena.com/vv/bigpic/lava-a82-.jpg,GSM / HSPA,GSM 900 / 1800 - SIM 1 & SIM 2,HSDPA 900 / 2100,HSPA,"2016, June","Available. Released 2016, June",144 x 72.7 x 9 mm (5.67 x 2.86 x 0.35 in),-,,Dual SIM,TN touchscreen,"5.0 inches, 68.9 cm2 (~65.8% screen-to-body ratio)","480 x 854 pixels, 16:9 ratio (~196 ppi density)",,Android 5.1 (Lollipop),Quad-core 1.2 GHz,microSDHC (dedicated slot),8GB 1GB RAM,5 MP,720p@30fps,2 MP,,Yes,Yes,"Wi-Fi 802.11 b/g/n, hotspot","4.0, A2DP","Yes, with A-GPS",FM radio,microUSB 2.0,Accelerometer,,,"Li-Ion 2000 mAh, removable",,,"Black, White",,,,"LED flash, HDR, panorama",,,,,,,,,,,,,,,,,,LED flash,,,,,,,,,,,,,,,,
lava,Lava A79,https://fdn2.gsmarena.com/vv/bigpic/lava-a79.jpg,GSM / HSPA,GSM 900 / 1800 - SIM 1 & SIM 2,HSDPA 900 / 2100,HSPA,"2016, May","Available. Released 2016, May",155 x 78.6 x 9.2 mm (6.10 x 3.09 x 0.36 in),134 g (4.73 oz),,Dual SIM,TN touchscreen,"5.5 inches, 83.4 cm2 (~68.4% screen-to-body ratio)","480 x 854 pixels, 16:9 ratio (~178 ppi density)",,Android 5.1 (Lollipop),Quad-core 1.2 GHz,microSDHC (dedicated slot),8GB 1GB RAM,5 MP,720p@30fps,2 MP,,Yes,Yes,"Wi-Fi 802.11 b/g/n, hotspot","4.0, A2DP","Yes, with A-GPS",FM radio,microUSB 2.0,Accelerometer,,,"Li-Ion 2200 mAh, non-removable",,,"Black, White",,,,"LED flash, HDR, panorama",,,,,,,,,,,,,,,,,,LED flash,,,,,,,,,,,,,,,,
lava,Lava A59,https://fdn2.gsmarena.com/vv/bigpic/lava-a59.jpg,GSM / HSPA,GSM 900 / 1800 - SIM 1 & SIM 2,HSDPA 2100,HSPA,"2016, May","Available. Released 2016, May",134 x 66 x 9.3 mm (5.28 x 2.60 x 0.37 in),155 g (5.47 oz),,Dual SIM,TFT touchscreen,"4.5 inches, 55.8 cm2 (~63.1% screen-to-body ratio)","480 x 854 pixels, 16:9 ratio (~218 ppi density)",,Android 5.1 (Lollipop),Quad-core 1.3 GHz,microSDHC (dedicated slot),4GB 512MB RAM,5 MP,Yes,"VGA, LED flash",,Yes,Yes,"Wi-Fi 802.11 b/g/n, hotspot","2.1, EDR",No,FM radio,microUSB 2.0,Accelerometer,,,"Li-Ion 1750 mAh, removable",,,"Black, White",,,,"LED flash, HDR, panorama",,,,,,,,,,,,,,,,,,,,,,,,,,,,,,,,,,
lava,Lava A67,https://fdn2.gsmarena.com/vv/bigpic/lava-a67.jpg,GSM / HSPA,GSM 900 / 1800 - SIM 1 & SIM 2,HSDPA 2100,HSPA,"2016, May","Available. Released 2016, May",145.5 x 72 x 9.2 mm (5.73 x 2.83 x 0.36 in),152 g (5.36 oz),,Dual SIM,TFT capacitive touchscreen,"5.0 inches, 68.9 cm2 (~65.8% screen-to-body ratio)","480 x 854 pixels, 16:9 ratio (~196 ppi density)",,Android 5.1 (Lollipop),Quad-core 1.3 GHz,microSDHC (dedicated slot),4GB 512MB RAM,5 MP,Yes,2 MP,,Yes,Yes,"Wi-Fi 802.11 b/g/n, hotspot","2.1, EDR","Yes, with A-GPS",FM radio,microUSB 2.0,Accelerometer,,,"Li-Ion 2000 mAh, removable",,,"White, Gold, Gray",,,,"LED flash, HDR, panorama",,,,,,,,,,,,,,,,,,LED flash,,,,,,,,,,,,,,,,
lava,Lava V2 s,https://fdn2.gsmarena.com/vv/bigpic/xolo-v2s.jpg,GSM / HSPA / LTE,GSM 900 / 1800 - SIM 1 & SIM 2,HSDPA 900 / 2100,"HSPA 42.2/5.76 Mbps, LTE Cat4 150/50 Mbps","2016, April","Available. Released 2016, April",141.6 x 70.8 x 8 mm (5.57 x 2.79 x 0.31 in),129 g (4.55 oz),,Dual SIM,"IPS LCD capacitive touchscreen, 16M colors","5.0 inches, 68.9 cm2 (~68.7% screen-to-body ratio)","720 x 1280 pixels, 16:9 ratio (~294 ppi density)",,Android 5.1.1 (Lollipop),,microSDHC,8GB 2GB RAM,"8 MP, f/2.0, AF",1080p@30fps,8 MP,,Yes,Yes,"Wi-Fi 802.11 b/g/n, hotspot","4.0, A2DP","Yes, with A-GPS",FM radio,"microUSB 2.0, USB On-The-Go","Accelerometer, proximity",,,"Li-Po 2500 mAh, removable",,,"White, Black",,,,"Dual-LED flash, panorama, HDR",,,,,,,,,,,,"3, 40",,,,,,LED flash,,,,,,,,,Corning Gorilla Glass 3,,,,,,,
lava,Lava V2 3GB,https://fdn2.gsmarena.com/vv/bigpic/xolo-v2-3gb.jpg,GSM / HSPA / LTE,GSM 850 / 900 / 1800 / 1900 - SIM 1 & SIM 2,HSDPA 900 / 2100,"HSPA 42.2/5.76 Mbps, LTE Cat4 150/50 Mbps","2016, March","Available. Released 2016, March",141.6 x 70.8 x 7.6 mm (5.57 x 2.79 x 0.30 in),128 (4.55 oz),,Dual SIM,"IPS LCD capacitive touchscreen, 16M colors","5.0 inches, 68.9 cm2 (~68.7% screen-to-body ratio)","720 x 1280 pixels, 16:9 ratio (~294 ppi density)",,Android 6.0 (Marshmallow),,microSDHC,16GB 3GB RAM,"13 MP, f/2.0, AF",1080p@30fps,"8 MP, f/2.2",,Yes,Yes,"Wi-Fi 802.11 b/g/n, hotspot","4.0, A2DP","Yes, with A-GPS",FM radio,"microUSB 2.0, USB On-The-Go","Accelerometer, proximity",,,"Li-Po 2500 mAh, non-removable",,,"White, Black",,,,"Dual-LED flash, panorama, HDR",,,,,,,,,,,,"3, 5, 40",,,,,,LED flash,,V23GB,,,,,,,Asahi Dragontrail Glass,,,,,,,
lava,Lava A76,https://fdn2.gsmarena.com/vv/bigpic/lava-a76.jpg,GSM / HSPA / LTE,GSM 900 / 1800 - SIM 1 & SIM 2,HSDPA 2100,"HSPA 42.2/5.76 Mbps, LTE Cat4 150/50 Mbps","2016, April","Available. Released 2016, April",145.5 x 72 x 9.1 mm (5.73 x 2.83 x 0.36 in),135 g (4.76 oz),,Dual SIM,"TN capacitive touchscreen, 16M colors","4.5 inches, 55.8 cm2 (~53.3% screen-to-body ratio)","480 x 854 pixels, 16:9 ratio (~218 ppi density)",,Android 5.1 (Lollipop),Quad-core 1.5 GHz,microSDHC (dedicated slot),8GB 1GB RAM,5 MP,Yes,"VGA, LED flash",,Yes,Yes,"Wi-Fi 802.11 b/g/n, hotspot","4.0, A2DP","Yes, with A-GPS",FM radio,microUSB 2.0,Accelerometer,,,"Li-Ion 1850 mAh, removable",,,"Black, White",,,,"LED flash, HDR, panorama",,,,,,,,,,,,"3, 5, 40",,,,,,,,,,,,,,,,,,,,,,
lava,Lava A72,https://fdn2.gsmarena.com/vv/bigpic/lava-a72.jpg,GSM / HSPA / LTE,GSM 900 / 1800 - SIM 1 & SIM 2,HSDPA 900 / 2100,"HSPA 42.2/5.76 Mbps, LTE","2016, April","Available. Released 2016, April",145.5 x 72 x 8.5 mm (5.73 x 2.83 x 0.33 in),142 g (5.01 oz),,Dual SIM,"IPS LCD capacitive touchscreen, 16M colors","5.0 inches, 68.9 cm2 (~65.8% screen-to-body ratio)","720 x 1280 pixels, 16:9 ratio (~294 ppi density)",,"Android 5.1 (Lollipop), upgradable to 6.0 (Marshmallow)",Quad-core 1.5 GHz,microSDHC (dedicated slot),8GB 1GB RAM,5 MP,1080p@30fps,5 MP,,Yes,Yes,"Wi-Fi 802.11 b/g/n, hotspot","4.0, A2DP","Yes, with A-GPS",FM radio,microUSB 2.0,"Accelerometer, proximity",,,"Li-Po 2500 mAh, removable",,,Dark blue,,,,"LED flash, panorama",,,,,,,,,,,,"3, 5, 40",,,,,,LED flash,,,,,,,,,Corning Gorilla Glass,,,,,,,
lava,Lava X11,https://fdn2.gsmarena.com/vv/bigpic/lava-x11.jpg,GSM / HSPA / LTE,GSM 900 / 1800 - SIM 1 & SIM 2,HSDPA 900 / 2100,"HSPA 42.2/5.76 Mbps, LTE","2016, February","Available. Released 2016, February",145.5 x 72 x 8.5 mm (5.73 x 2.83 x 0.33 in),141 g (4.97 oz),,Dual SIM,IPS LCD capacitive touchscreen,"5.0 inches, 68.9 cm2 (~65.8% screen-to-body ratio)","720 x 1280 pixels, 16:9 ratio (~294 ppi density)",,"Android 5.1 (Lollipop), upgradable to 6.0 (Marshmallow)",Quad-core 1.5 GHz,microSDHC,8GB 2GB RAM,"8 MP, AF",1080p@30fps,5 MP,,Yes,Yes,"Wi-Fi 802.11 b/g/n, hotspot","4.0, A2DP","Yes, with A-GPS",FM radio,microUSB 2.0,Accelerometer,,,"Li-Po 2500 mAh, non-removable",,,White,,,,LED flash,,,,,,,,,,,,"3, 5, 40",,,,,,LED flash,,,,,,,,,Corning Gorilla Glass (unspecified version),,,,,,,
lava,Lava A88,https://fdn2.gsmarena.com/vv/bigpic/lava-a88.jpg,GSM / HSPA / LTE,GSM 900 / 1800 - SIM 1 & SIM 2,HSDPA 2100,HSPA,"2016, February","Available. Released 2016, February",145.5 x 72 x 9.1 mm (5.73 x 2.83 x 0.36 in),157 g (5.54 oz),,Dual SIM,"TFT capacitive touchscreen, 16M colors","5.0 inches, 68.9 cm2 (~65.8% screen-to-body ratio)","480 x 854 pixels, 16:9 ratio (~196 ppi density)",,Android 5.1 (Lollipop),Quad-core 1.5 GHz,microSDHC (dedicated slot),4GB 512MB RAM,5 MP,Yes,2 MP,,Yes,Yes,"Wi-Fi 802.11 b/g/n, hotspot","4.0, A2DP","Yes, with A-GPS",FM radio,microUSB 2.0,Accelerometer,,,"Li-Ion 2000 mAh, removable",Up to 240 h (3G),Up to 14 h (3G),"Black, White",,,,"LED flash, panorama, HDR",,,,,,,,,,,,"3, 5, 40",,,,,,LED flash,,,,,,,,,,,,,,,,
lava,Lava Iris Fuel F2,https://fdn2.gsmarena.com/vv/bigpic/lava-iris-fuel-f2.jpg,GSM / HSPA,GSM 900 / 1800 - SIM 1 & SIM 2,HSDPA 2100,HSPA,"2016, March","Available. Released 2016, March",142.5 x 72.5 x 10.5 mm (5.61 x 2.85 x 0.41 in),-,,"Dual SIM (Micro-SIM, dual stand-by)","LCD capacitive touchscreen, 16M colors","5.0 inches, 68.9 cm2 (~66.7% screen-to-body ratio)","480 x 854 pixels, 16:9 ratio (~196 ppi density)",,Android 5.1 (Lollipop),Quad-core 1.3 GHz Cortex-A7,microSDHC,8GB 512MB RAM,5 MP,720p@30fps,0.3 MP,,Yes,Yes,"Wi-Fi 802.11 b/g/n, Wi-Fi Direct, hotspot","2.1, A2DP","Yes, with A-GPS",No,microUSB 2.0,,,,"Li-Po 3000 mAh, non-removable",,,"Black, White",About 60 EUR,,,LED flash,,,,,,,,,,,,,,,,,,,,,,,,,,,,,,,,,,
lava,Lava A71,https://fdn2.gsmarena.com/vv/bigpic/lava-a71.jpg,GSM / HSPA / LTE,GSM 900 / 1800 - SIM 1 & SIM 2,HSDPA 900 / 2100,HSPA,"2016, February","Available. Released 2016, February",145.5 x 72 x 8.5 mm (5.73 x 2.83 x 0.33 in),-,,Dual SIM,"IPS LCD capacitive touchscreen, 16M colors","5.0 inches, 68.9 cm2 (~65.8% screen-to-body ratio)","720 x 1280 pixels, 16:9 ratio (~294 ppi density)",,"Android 5.1 (Lollipop), upgradable to 6.0 (Marshmallow)",Quad-core 1.5 GHz,microSDHC (dedicated slot),8GB 1GB RAM,5 MP,1080p@30fps,2 MP,,Yes,Yes,"Wi-Fi 802.11 b/g/n, hotspot","4.0, A2DP","Yes, with A-GPS",FM radio,microUSB 2.0,"Accelerometer, proximity",,,"Li-Po 2500 mAh, removable",,,Dark blue,,,,"LED flash, panorama",,,,,,,,,,,,"3, 5, 40",,,,,,LED flash,,,,,,,,,Corning Gorilla Glass,,,,,,,
lava,Lava P7,https://fdn2.gsmarena.com/vv/bigpic/lava-p7.jpg,GSM / HSPA,GSM 900 / 1800 - SIM 1 & SIM 2,HSDPA 900 / 2100,HSPA,"2016, January","Available. Released 2016, January",143 x 72.5 x 9.3 mm (5.63 x 2.85 x 0.37 in),153.1 g (5.40 oz),,Dual SIM,"TFT capacitive touchscreen, 16M colors","5.0 inches, 68.9 cm2 (~66.4% screen-to-body ratio)","480 x 854 pixels, 16:9 ratio (~196 ppi density)",,"Android 5.1 (Lollipop), upgradable to 6.0 (Marshmallow)",Quad-core 1.2 GHz,microSDHC (dedicated slot),8GB 1GB RAM,5 MP,720p,2 MP,,Yes,Yes,"Wi-Fi 802.11 b/g/n, hotspot","4.0, A2DP","Yes, with A-GPS",FM radio,microUSB 2.0,"Accelerometer, proximity",,,"Li-Ion 2000 mAh, removable",Up to 260 h,Up to 20 h,"Blue Black, Pearl white, Champagne Gold",,,,"LED flash, panorama",,,,,,,,,,,,,,,,,,LED flash,,,,,,,,,Corning Gorilla Glass,,,,,,,
lava,Lava V5,https://fdn2.gsmarena.com/vv/bigpic/lava-v5.jpg,GSM / HSPA / LTE,GSM 850 / 900 / 1800 / 1900 - SIM 1 & SIM 2,HSDPA 900 / 2100,"HSPA, LTE Cat4 150/50 Mbps","2016, January","Available. Released 2016, January",151.9 x 76.7 x 8.3 mm (5.98 x 3.02 x 0.33 in),153.2 g (5.40 oz),,Dual SIM,"IPS LCD capacitive touchscreen, 16M colors","5.5 inches, 83.4 cm2 (~71.6% screen-to-body ratio)","720 x 1280 pixels, 16:9 ratio (~267 ppi density)",,"Android 5.1 (Lollipop), upgradable to 6.0 (Marshmallow)",Quad-core 1.3 GHz Cortex-A53,microSDHC,16GB 3GB RAM,"13 MP, f/2.0, PDAF",1080p@30fps,8 MP,,Yes,Yes,"Wi-Fi 802.11 b/g/n, hotspot","4.0, A2DP","Yes, with A-GPS, GLONASS",FM radio,"microUSB 2.0, USB On-The-Go","Accelerometer, proximity",,,"Li-Po 3000 mAh, removable",Up to 260 h (3G),Up to 27 h 17 min (2G) / Up to 28 h (3G),White,About 150 EUR,Mediatek MT6735 (28 nm),Mali-T720MP2,"Dual-LED dual-tone flash, panorama",,,,,,,,,,,,"3, 40",,,,,,LED flash,,,,,,,,,Corning Gorilla Glass 3,,,,,0.27 W/kg (head)     0.14 W/kg (body),,
lava,Lava X3,https://fdn2.gsmarena.com/vv/bigpic/lava-x3.jpg,GSM / HSPA,GSM 900 / 1800 - SIM 1 & SIM 2,HSDPA 2100,HSPA,"2016, January","Available. Released 2016, January",144 x 72 x 8.5 mm (5.67 x 2.83 x 0.33 in),142 g (5.01 oz),,Dual SIM,"IPS LCD capacitive touchscreen, 16M colors","5.0 inches, 68.9 cm2 (~66.5% screen-to-body ratio)","720 x 1280 pixels, 16:9 ratio (~294 ppi density)",,Android 5.1 (Lollipop),Quad-core 1.3 GHz,microSDHC,8GB 2GB RAM,"8 MP, AF",720p,5 MP,,Yes,Yes,"Wi-Fi 802.11 b/g/n, hotspot","4.0, A2DP","Yes, with A-GPS",FM radio,microUSB 2.0,"Accelerometer, proximity",,,"Li-Ion 2500 mAh, removable",Up to 182 h,Up to 11 h 30 min,"White/Silver, Blue/Black, White/Gold",About 100 EUR,,,"LED flash, panorama",,,,,,,,,,,,,,,,,,,,,,,,,,,Corning Gorilla Glass,,,,,,,
lava,Lava Iris Atom 3,https://fdn2.gsmarena.com/vv/bigpic/lava-atom-3.jpg,GSM / HSPA,GSM 900 / 1800 - SIM 1 & SIM 2,HSDPA 2100,HSPA,"2015, December. Released 2015, December",Discontinued,144 x 72 x 9 mm (5.67 x 2.83 x 0.35 in),150 g (5.29 oz),,Dual SIM,"TFT capacitive touchscreen, 256K colors","5.0 inches, 68.9 cm2 (~66.4% screen-to-body ratio)","480 x 854 pixels, 16:9 ratio (~196 ppi density)",,Android 5.1 (Lollipop),Quad-core 1.3 GHz,microSDHC,8GB 512MB RAM,5 MP,Yes,VGA,,Yes,Yes,Wi-Fi 802.11 b/g/n,"2.1, EDR","Yes, with A-GPS",FM radio,microUSB 2.0,Accelerometer,,,"Li-Ion 2000 mAh, removable",Up to 271 h (3G),Up to 9 h 30 min (3G),"Black, White",,,,"LED flash, HDR, panorama",,,,,,,,,,,,,,,,,,,,,,,,,,,,,,,,,,
lava,Lava Iris Atom,https://fdn2.gsmarena.com/vv/bigpic/lava-iris-atom.jpg,GSM / HSPA,GSM 900 / 1800 - SIM 1 & SIM 2,HSDPA 2100,HSPA,"2015, December. Released 2015, December",Discontinued,125.5 x 63.2 x 9.7 mm (4.94 x 2.49 x 0.38 in),110 g (3.88 oz),,Dual SIM,"TFT capacitive touchscreen, 256K colors","4.0 inches, 45.5 cm2 (~57.4% screen-to-body ratio)","480 x 800 pixels, 5:3 ratio (~233 ppi density)",,Android 5.1 (Lollipop),Quad-core 1.3 GHz,microSDHC,8GB 512MB RAM,5 MP,Yes,VGA,,Yes,Yes,Wi-Fi 802.11 b/g/n,"2.1, EDR","Yes, with A-GPS",FM radio,microUSB 2.0,Accelerometer,,,"Li-Ion 1550 mAh, removable",Up to 150 h (3G),Up to 12 h 30 min (3G),"Black, White",,,,"LED flash, HDR, panorama",,,,,,,,,,,,,,,,,,,,,,,,,,,,,,,,,,
lava,Lava X10,https://fdn2.gsmarena.com/vv/bigpic/lava-x10.jpg,GSM / HSPA / LTE,GSM 900 / 1800 - SIM 1 & SIM 2,HSDPA 900 / 2100,"HSPA, LTE Cat4 150/50 Mbps","2015, November. Released 2015, November",Discontinued,142 x 70.8 x 7.9 mm (5.59 x 2.79 x 0.31 in),133 g (4.69 oz),,"Dual SIM (Micro-SIM, dual stand-by)",IPS LCD capacitive touchscreen,"5.0 inches, 68.9 cm2 (~68.6% screen-to-body ratio)","720 x 1280 pixels, 16:9 ratio (~294 ppi density)",,"Android 5.1 (Lollipop), upgradable to 6.0 (Marshmallow)",Quad-core 1.3 GHz Cortex-A53,microSDHC,16GB 3GB RAM,"13 MP, AF",1080p@30fps,5 MP,,Yes,Yes,"Wi-Fi 802.11 b/g/n, hotspot","4.0, A2DP","Yes, with A-GPS",FM radio,"microUSB 2.0, USB On-The-Go","Accelerometer, proximity",,,"Li-Po 2900 mAh, removable",Up to 209 h (3G),Up to 18 h (3G),"Black, White",About 150 EUR,Mediatek MT6735 (28 nm),Mali-T720MP2,"Dual-LED flash, panorama",,,,,,,,,,,,"3, 40",,,,,,,,,,,,,,,Corning Gorilla Glass 3,,,,,,,
lava,Lava Iris Atom 2X,https://fdn2.gsmarena.com/vv/bigpic/lava-atom-x2.jpg,GSM / HSPA,GSM 900 / 1800 - SIM 1 & SIM 2,HSDPA 2100,HSPA,"2015, November. Released 2015, November",Discontinued,134 x 66 x 9.2 mm (5.28 x 2.60 x 0.36 in),130 g (4.59 oz),,Dual SIM,TFT capacitive touchscreen,"4.5 inches, 55.8 cm2 (~63.1% screen-to-body ratio)","480 x 854 pixels, 16:9 ratio (~218 ppi density)",,Android 5.1 (Lollipop),Quad-core 1.3 GHz,microSDHC,8GB 1GB RAM,5 MP,Yes,VGA,,Yes,Yes,"Wi-Fi 802.11 b/g/n, hotspot","2.1, EDR","Yes, with A-GPS",FM radio,microUSB 2.0,Accelerometer,,,"Li-Ion 2000 mAh, removable",Up to 161 h,Up to 19 h,"Black, White",,,,LED flash,,,,,,,,,,,,,,,,,,,,,,,,,,,,,,,,,,
lava,Lava Iris Atom X,https://fdn2.gsmarena.com/vv/bigpic/lava-atom-x.jpg,GSM / HSPA,GSM 900 / 1800 - SIM 1 & SIM 2,HSDPA 2100,HSPA,"2015, November. Released 2015, November",Discontinued,125.5 x 63.4 x 9.7 mm (4.94 x 2.50 x 0.38 in),-,,Dual SIM,TFT capacitive touchscreen,"4.0 inches, 45.5 cm2 (~57.2% screen-to-body ratio)","480 x 800 pixels, 5:3 ratio (~233 ppi density)",,Android 4.4.2 (KitKat),1.0 GHz,microSDHC,512MB 256MB RAM,2 MP,Yes,VGA,,Yes,Yes,"Wi-Fi 802.11 b/g/n, hotspot","2.1, EDR","Yes, with A-GPS",FM radio,microUSB 2.0,Accelerometer,,,"Li-Ion 1400 mAh, removable",Up to 140 h,Up to 7 h,"Black, White",,,,LED flash,,,,,,,,,,,,,,,,,,,,,,,,,,,,,,,,,,
lava,Lava Fuel F1,https://fdn2.gsmarena.com/vv/bigpic/lava-fuel-f1.jpg,GSM / HSPA,GSM 900 / 1800 - SIM 1 & SIM 2,HSDPA 2100,HSPA 21.1/5.76 Mbps,"2015, September. Released 2015, October",Discontinued,141 x 72 x 9.5 mm (5.55 x 2.83 x 0.37 in),148 g (5.22 oz),,"Dual SIM (Micro-SIM, dual stand-by)","IPS LCD capacitive touchscreen, 16M colors","5.0 inches, 68.9 cm2 (~67.9% screen-to-body ratio)","480 x 854 pixels, 16:9 ratio (~196 ppi density)",,Android 5.1 (Lollipop),Quad-core 1.3 GHz Cortex-A7,microSDHC,8GB 2GB RAM,"8 MP, AF",1080p@30fps,2 MP,,Yes,Yes,"Wi-Fi 802.11 b/g/n, Wi-Fi Direct, hotspot","4.0, A2DP","Yes, with A-GPS",No,"microUSB 2.0, USB On-The-Go","Accelerometer, proximity",,,"Li-Po 4000 mAh, non-removable",Up to 480 h (2G) / Up to 480 h (3G),Up to 18 h (2G) / Up to 30 h 30 min (3G),"Black, White",,Mediatek MT6580 (28 nm),Mali-400MP2,"LED flash, panorama, HDR",,,,,,,,,,,,,Up to 72 h,,,,,HDR,,,,,,,,,Asahi Dragontrail Glass,,,,,0.61 W/kg (head)     0.60 W/kg (body),,
lava,Lava Iris Fuel F1 Mini,https://fdn2.gsmarena.com/vv/bigpic/lava-f1-mini.jpg,GSM / HSPA,GSM 900 / 1800 - SIM 1 & SIM 2,HSDPA 2100,HSPA,"2015, September. Released 2015, September",Discontinued,-,-,,Dual SIM,TFT capacitive touchscreen,"4.0 inches, 45.5 cm2","480 x 800 pixels, 5:3 ratio (~233 ppi density)",,Android 4.4.2 (KitKat),1.0 GHz,microSDHC,8GB 512MB RAM,5 MP,Yes,VGA,,Yes,Yes,Wi-Fi 802.11 b/g/n,2.1,No,FM radio,microUSB 2.0,Accelerometer,,,"Li-Ion 2000 mAh, removable",Up to 157 h (3G),Up to 19 h (3G),"Black, White",,,,LED flash,,,,,,,,,,,,,,,,,,,,,,,,,,,,,,,,,,
lava,Lava Flair E2,https://fdn2.gsmarena.com/vv/bigpic/lava-flair-v2.jpg,GSM / HSPA,GSM 900 / 1800 - SIM 1 & SIM 2,HSDPA 2100,HSPA,"2015, September. Released 2015, September",Discontinued,113 x 61 x 12 mm (4.45 x 2.40 x 0.47 in),-,,Dual SIM,TFT capacitive touchscreen,"3.5 inches, 36.5 cm2 (~52.9% screen-to-body ratio)","320 x 480 pixels, 3:2 ratio (~165 ppi density)",,Android 4.4 (KitKat),1.0 GHz,microSDHC,512MB 256MB RAM,2 MP,Yes,VGA,,Yes,Yes,Wi-Fi 802.11 b/g/n,"2.1, EDR",No,FM radio,microUSB 2.0,Accelerometer,,,"Li-Ion 1400 mAh, removable",,,"Black, White",,,,LED flash,,,,,,,,,,,,,,,,,,,,,,,,,,,,,,,,,,
lava,Lava Pixel V2,https://fdn2.gsmarena.com/vv/bigpic/lava-pixel-v2.jpg,GSM / HSPA / LTE,GSM 850 / 900 / 1800 / 1900 - SIM 1 & SIM 2,HSDPA 900 / 2100,"HSPA, LTE Cat4 150/50 Mbps","2015, September. Released 2015, September",Discontinued,141.6 x 70.8 x 7.6 mm (5.57 x 2.79 x 0.30 in),128 g (4.52 oz),,Dual SIM (Dual stand-by),"IPS LCD capacitive touchscreen, 16M colors","5.0 inches, 68.9 cm2 (~68.7% screen-to-body ratio)","720 x 1280 pixels, 16:9 ratio (~294 ppi density)",,"Android 5.1 (Lollipop), Android One",Quad-core 1.0 GHz Cortex-A53,microSDHC,16GB 2GB RAM,"13 MP, AF",1080p@30fps,8 MP,,Yes,Yes,"Wi-Fi 802.11 b/g/n, hotspot","4.0, A2DP","Yes, with A-GPS","FM radio, recording","microUSB 2.0, USB On-The-Go","Accelerometer, proximity",,,"Li-Po 2500 mAh, removable",,Up to 24 h 40 min (2G) / Up to 10 h (3G),"Icy White, Royal Black",About 120 EUR,Mediatek MT6735 (28 nm),Mali-T720MP2,"Dual-LED flash, HDR, panorama",,,,,,,,,,,,LTE 1800 TD-LTE 2300,,,,,,LED flash,,Pixel V2,,,,,,,Asahi Dragontrail Glass,,,,,,,
lava,Lava Iris Atom 2,https://fdn2.gsmarena.com/vv/bigpic/lava-atom-2.jpg,GSM / HSPA,GSM 900 / 1800 - SIM 1 & SIM 2,HSDPA 2100,HSPA,"2015, August. Released 2015, August",Discontinued,134 x 66 x 9.2 mm (5.28 x 2.60 x 0.36 in),130 g (4.59 oz),,Dual SIM,TFT capacitive touchscreen,"4.5 inches, 55.8 cm2 (~63.1% screen-to-body ratio)","480 x 854 pixels, 16:9 ratio (~218 ppi density)",,"Android 4.4.2 (KitKat), upgradable to 5.1 (Lollipop)",Quad-core 1.3 GHz,microSDHC,8GB 512MB RAM,5 MP,Yes,VGA,,Yes,Yes,Wi-Fi 802.11 b/g/n,"2.1, EDR","Yes, with A-GPS",FM radio,microUSB 2.0,Accelerometer,,,"Li-Ion 1750 mAh, removable",Up to 161 h (3G),Up to 15 h 50 min (3G),"Black, White",,,,LED flash,,,,,,,,,,,,,,,,,,,,,,,,,,,,,,,,,,
lava,Lava Flair Z1,https://fdn2.gsmarena.com/vv/bigpic/lava-flair-z1.jpg,GSM / HSPA,GSM 900 / 1800 - SIM 1 & SIM 2,HSDPA 2100,HSPA,"2015, July. Released 2015, July",Discontinued,143.5 x 72.5 x 8.9 mm (5.65 x 2.85 x 0.35 in),160 g (5.64 oz),,Dual SIM,TFT capacitive touchscreen,"5.0 inches, 68.9 cm2 (~66.2% screen-to-body ratio)","480 x 854 pixels, 16:9 ratio (~196 ppi density)",,Android 5.0 (Lollipop),Quad-core 1.3 GHz,microSDHC,8GB 1GB RAM,5 MP,Yes,2 MP,,Yes,Yes,Wi-Fi 802.11 b/g/n,"2.1, EDR",No,FM radio,microUSB 2.0,"Accelerometer, proximity",,,"Li-Po 2000 mAh, removable",Up to 236 h (3G),Up to 13 h 25 min (3G),"Black, White",,,,LED flash,,,,,,,,,,,,,,,,,,,,,,,,,,,,,,,,,,
lava,Lava Pixel V1,https://fdn2.gsmarena.com/vv/bigpic/lava-pixel-v1-.jpg,GSM / HSPA,GSM 850 / 900 / 1800 / 1900 - SIM 1 & SIM 2,HSDPA 2100,HSPA,"2015, July. Released 2015, July",Discontinued,152.1 x 76.3 x 8.5 mm (5.99 x 3.00 x 0.33 in),135 g (4.76 oz),,"Dual SIM (Micro-SIM, dual stand-by)","IPS LCD capacitive touchscreen, 16M colors","5.5 inches, 83.4 cm2 (~71.9% screen-to-body ratio)","720 x 1280 pixels, 16:9 ratio (~267 ppi density)",,"Android 5.1.1 (Lollipop), upgradable to 6.0 (Marshmallow), Android One",Quad-core 1.3 GHz,microSDHC,32GB 2GB RAM,"8 MP, AF (13 MP via SW interpolation)",1080p@30fps,"5 MP, 8 MP via SW interpolation",,Yes,Yes,"Wi-Fi 802.11 b/g/n, hotspot","4.0, A2DP","Yes, with A-GPS",FM radio,microUSB 2.0,"Accelerometer, proximity",,,"Li-Po 2560 mAh, removable",,Up to 20 h (2G) / Up to 12 h 17 min (3G),"White, Gold",About 160 EUR,,Mali-400MP2,"LED flash, HDR, panorama",,,,,,,,,,,,,,,,,,,,,,,,,,,Asahi Dragontrail Glass,,,,,,,
lava,Lava Flair P1i,https://fdn2.gsmarena.com/vv/bigpic/lava-flair-p1-.jpg,GSM / HSPA,GSM 900 / 1800 - SIM 1 & SIM 2,HSDPA 2100,HSPA,"2015, June. Released 2015, June",Discontinued,-,-,,Dual SIM,TFT capacitive touchscreen,"4.0 inches, 45.5 cm2","480 x 800 pixels, 5:3 ratio (~233 ppi density)",,Android 4.4.2 (KitKat),1.0 GHz,microSDHC,512MB 256MB RAM,2 MP,Yes,VGA,,Yes,Yes,Wi-Fi 802.11 b/g/n,"2.1, EDR","Yes, with A-GPS",FM radio,microUSB 2.0,Accelerometer,,,"Li-Ion 1400 mAh, removable",Up to 120 h (3G),Up to 11 h (3G),"Black, White",,,,LED flash,,,,,,,,,,,,,,,,,,,,,,,,,,,,,,,,,,
lava,Lava Iris X1 Atom S,https://fdn2.gsmarena.com/vv/bigpic/lava-atom-s.jpg,GSM / HSPA,GSM 900 / 1800 - SIM 1 & SIM 2,HSDPA 2100,HSPA,"2015, June. Released 2015, June",Discontinued,125.5 x 63.4 x 9.7 mm (4.94 x 2.50 x 0.38 in),112 g (3.95 oz),,Dual SIM,TFT capacitive touchscreen,"4.0 inches, 45.5 cm2 (~57.2% screen-to-body ratio)","480 x 800 pixels, 5:3 ratio (~233 ppi density)",,Android 4.4.2 (KitKat),1.0 GHz,microSDHC,8GB 512MB RAM,5 MP,Yes,VGA,,Yes,Yes,Wi-Fi 802.11 b/g/n,"2.1, EDR","Yes, with A-GPS",FM radio,microUSB 2.0,Accelerometer,,,"Li-Ion 1400 mAh, removable",Up to 110 h (3G),Up to 14 h 20 min (3G),"Black, White",,,,LED flash,,,,,,,,,,,,,,,,,,,,,,,,,,,,,,,,,,
lava,Lava Icon,https://fdn2.gsmarena.com/vv/bigpic/lava-icon.jpg,GSM / HSPA,GSM 850 / 900 / 1800 / 1900 - SIM 1 & SIM 2,HSDPA 900 / 2100,HSPA,"2015, April. Released 2015, April",Discontinued,143.4 x 70.6 x 7.7 mm (5.65 x 2.78 x 0.30 in),143 g (5.04 oz),,"Dual SIM (Micro-SIM, dual stand-by)",IPS LCD capacitive touchscreen,"5.0 inches, 68.9 cm2 (~68.1% screen-to-body ratio)","720 x 1280 pixels, 16:9 ratio (~294 ppi density)",,Android 4.4.2 (KitKat),Quad-core 1.3 GHz Cortex-A7,microSDHC,16GB 2GB RAM,"13 MP, AF",1080p@30fps,5 MP,,Yes,Yes,"Wi-Fi 802.11 b/g/n, hotspot","4.0, A2DP","Yes, with A-GPS",FM radio,"microUSB 2.0, USB On-The-Go","Accelerometer, proximity",,,"Li-Po 2500 mAh, non-removable",,Up to 20 h (2G) / Up to 9 h (3G),Black,,,,"Dual-LED flash, panorama, HDR",,,,,,,,,,,,,,,,,,,,,,,,,,,Asahi Dragontrail Glass,,,,,,,
lava,Lava Iris X1 Grand,https://fdn2.gsmarena.com/vv/bigpic/lava-x1-g.jpg,GSM / HSPA,GSM 900 / 1800 - SIM 1 & SIM 2,HSDPA 2100,HSPA,"2015, January. Released 2015, January",Discontinued,144 x 72 x 9.2 mm (5.67 x 2.83 x 0.36 in),152 g (5.36 oz),,Dual SIM,IPS LCD capacitive touchscreen,"5.0 inches, 68.9 cm2 (~66.4% screen-to-body ratio)","480 x 854 pixels, 16:9 ratio (~196 ppi density)",,"Android 4.4.2 (KitKat), upgradable to 5.0 (Lollipop)",Quad-core 1.3 GHz Cortex-A7,microSDHC,8GB 1GB RAM,"8 MP, AF",1080p@30fps,2 MP,,"Yes, dual speakers",Yes,Wi-Fi 802.11 b/g/n,"4.0, LE",A-GPS,"FM radio, recording",microUSB 2.0,"Accelerometer, proximity",,,"Li-Po 2200 mAh, removable",Up to 200 h (3G),Up to 10 h (3G),"Black-gold, White-silver, White-gold",About 110 EUR,Mediatek MT6582M (28 nm),Mali-400MP2,Dual-LED flash,,,,,,,,,,,,,,,,,,,,,,,,,,,,,,,,,,
lava,Lava Iris X1 mini,https://fdn2.gsmarena.com/vv/bigpic/lava-x1-m.jpg,GSM / HSPA,GSM 900 / 1800 - SIM 1 & SIM 2,HSDPA 2100,HSPA,"2015, January. Released 2015, January",Discontinued,123.5 x 63.4 x 9 mm (4.86 x 2.50 x 0.35 in),116 g (4.09 oz),,Dual SIM,IPS LCD capacitive touchscreen,"4.0 inches, 45.5 cm2 (~58.2% screen-to-body ratio)","480 x 800 pixels, 5:3 ratio (~233 ppi density)",,Android 4.4.2 (KitKat),Quad-core 1.2 GHz,microSDHC,4GB 512MB RAM,5 MP,720p,VGA,,Yes,Yes,Wi-Fi 802.11 b/g/n,2.1,A-GPS,"FM radio, recording",microUSB 2.0,"Accelerometer, proximity",,,"Li-Ion 1750 mAh, removable",,Up to 10 h (3G),"Ink Black,white-silver, Black-gold",,Spreadtrum 7731,Mali-400,LED flash,,,,,,,,,,,,,,,,,,,,,,,,,,,,,,,,,,
lava,Lava Iris Alfa,https://fdn2.gsmarena.com/vv/bigpic/lava-alfa.jpg,GSM / HSPA,GSM 900 / 1800 - SIM 1 & SIM 2,HSDPA 2100,HSPA,"2015, January. Released 2015, January",Discontinued,141 x 71.4 x 9.3 mm (5.55 x 2.81 x 0.37 in),158 g (5.57 oz),,Dual SIM,IPS LCD capacitive touchscreen,"5.0 inches, 68.9 cm2 (~68.4% screen-to-body ratio)","480 x 854 pixels, 16:9 ratio (~196 ppi density)",,Android 4.4.2 (KitKat),Quad-core 1.2 GHz,microSDHC,8GB 1GB RAM,"5 MP, AF",720p,VGA,,Yes,Yes,Wi-Fi 802.11 b/g/n,2.1,A-GPS,"FM radio, recording",microUSB 2.0,"Accelerometer, proximity",,,"Li-Po 2200 mAh, removable",,Up to 14 h 30 min (3G),"Black, White",,Spreadtrum 7731,Mali-400,LED flash,,,,,,,,,,,,,,,,,,,,,,,,,,,,,,,,,,
lava,Lava Iris X8,https://fdn2.gsmarena.com/vv/bigpic/lava-iris-x8.jpg,GSM / HSPA,GSM 850 / 900 / 1800 / 1900 - SIM 1 & SIM 2,HSDPA 2100,HSPA,"2015, February. Released 2015, February",Discontinued,143.4 x 71 x 8.6 mm (5.65 x 2.80 x 0.34 in),160 g (5.64 oz),,Dual SIM,"IPS LCD capacitive touchscreen, 16M colors","5.0 inches, 68.9 cm2 (~67.7% screen-to-body ratio)","720 x 1280 pixels, 16:9 ratio (~294 ppi density)",,"Android 4.4.2 (KitKat), upgradable to 5.1 (Lollipop)",Octa-core 1.4 GHz Cortex-A7,microSDHC (dedicated slot),"8GB 1GB RAM, 16GB 2GB RAM",8 MP,Yes,3 MP,,Yes,Yes,"Wi-Fi 802.11 b/g/n, hotspot","4.0, A2DP","Yes, with A-GPS",FM radio,microUSB 2.0,"Accelerometer, proximity",,,"Li-Po 2500 mAh, non-removable",Up to 291 h,Up to 14 h (2G) / Up to 9 h 40 min (3G),"Black, White",About 130 EUR,,,"Dual-LED flash, HDR, panorama",,,,,,,,,,,,,,,,,,,,,,,,,,,Asahi Dragontrail Glass,,,,,,,
lava,Lava Iris 470,https://fdn2.gsmarena.com/vv/bigpic/lava-iris-470.jpg,GSM / HSPA,GSM 900 / 1800 - SIM 1 & SIM 2,HSDPA 2100,HSPA,"2015, January. Released 2015, January",Discontinued,134 x 66 x 10.5 mm (5.28 x 2.60 x 0.41 in),-,,Dual SIM,IPS LCD capacitive touchscreen,"4.5 inches, 55.8 cm2 (~63.1% screen-to-body ratio)","480 x 854 pixels, 16:9 ratio (~218 ppi density)",,Android 4.4.2 (KitKat),Dual-core 1.3 GHz,microSDHC,4GB 512MB RAM,"5 MP, AF",Yes,VGA,,Yes,Yes,Wi-Fi 802.11 b/g/n,3.0,A-GPS,FM radio,microUSB 2.0,Accelerometer,,,"Li-Ion 1650 mAh, removable",Up to 250 h,Up to 17 h 30 min,Black,,,,"LED flash, HDR, panorama",,,,,,,,,,,,,,,,,,,,,,,,,,,,,,,,,,
lava,Lava Iris 465,https://fdn2.gsmarena.com/vv/bigpic/lava-465.jpg,GSM / HSPA,GSM 900 / 1800 - SIM 1 & SIM 2,HSDPA 2100,HSPA 21.1/5.76 Mbps,"2015, February. Released 2015, February",Discontinued,134.4 x 68 x 10 mm (5.29 x 2.68 x 0.39 in),146 g (5.15 oz),,Dual SIM,TFT capacitive touchscreen,"4.5 inches, 55.8 cm2 (~61.1% screen-to-body ratio)","480 x 854 pixels, 16:9 ratio (~218 ppi density)",,Android 4.4.2 (KitKat),Dual-core 1.3 GHz,microSDHC,4GB 512MB RAM,3.15 MP,Yes,VGA,,Yes,Yes,Wi-Fi 802.11 b/g/n,3.0,"Yes, with A-GPS",FM radio,microUSB 2.0,"Accelerometer, proximity",,,"Li-Ion 1750 mAh, removable",Up to 250 h,Up to 10 h 40 min,"Black, White",,,,"LED flash, panorama",,,,,,,,,,,,,,,,,,,,,,,,,,,,,,,,,,
lava,Lava Iris 401,https://fdn2.gsmarena.com/vv/bigpic/lava-iris-401.jpg,GSM,GSM 900 / 1800 - SIM 1 & SIM 2,,,"2015, January. Released 2015, January",Discontinued,126 x 65 x 10.4 mm (4.96 x 2.56 x 0.41 in),-,,Dual SIM,TFT capacitive touchscreen,"4.0 inches, 45.5 cm2 (~55.6% screen-to-body ratio)","480 x 800 pixels, 5:3 ratio (~233 ppi density)",,Android 4.2.2 (Jelly Bean),Dual-core 1.3 GHz,microSDHC,512MB 256MB RAM,3.15 MP,Yes,VGA,,Yes,Yes,"Wi-Fi 802.11 a/b/g/n, dual-band, hotspot",3.0,A-GPS,FM radio,microUSB 2.0,Accelerometer,,,"Li-Ion 1450 mAh, removable",Up to 250 h,Up to 9 h 40 min,"Black, Blue, Red",,,,LED flash,,,Yes,Yes,,,,,,,,,,,,,,,,,,,,,,,,,,,,,,
lava,Lava Iris 350,https://fdn2.gsmarena.com/vv/bigpic/lava-iris-350.jpg,GSM / HSPA,GSM 900 / 1800 - SIM 1 & SIM 2,HSDPA 2100,HSPA,"2015, January. Released 2015, January",Discontinued,113.5 x 60.5 x 12.4 mm (4.47 x 2.38 x 0.49 in),-,,Dual SIM,TFT capacitive touchscreen,"3.5 inches, 36.5 cm2 (~53.1% screen-to-body ratio)","320 x 480 pixels, 3:2 ratio (~165 ppi density)",,Android 4.4.2 (KitKat),1.0 GHz,microSDHC,512MB 256MB RAM,2 MP,Yes,VGA,,Yes,Yes,Wi-Fi 802.11 b/g/n,"4.0, A2DP","Yes, with A-GPS",FM radio,microUSB 2.0,Accelerometer,,,"Li-Ion 1400 mAh, removable",Up to 250 h,Up to 9 h 40 min,"Black, White",,,,LED flash,,,,,,,,,,,,,,,,,,,,,,,,,,,,,,,,,,
lava,Lava Iris 348,https://fdn2.gsmarena.com/vv/bigpic/lava-iris-348.jpg,GSM,GSM 900 / 1800 - SIM 1 & SIM 2,,,"2015, February. Released 2015, February",Discontinued,116 x 61.6 x 11.3 mm (4.57 x 2.43 x 0.44 in),-,,Dual SIM,TFT capacitive touchscreen,"3.5 inches, 36.5 cm2 (~51.0% screen-to-body ratio)","320 x 480 pixels, 3:2 ratio (~165 ppi density)",,Android 4.4.2 (KitKat),1.0 GHz,microSDHC,512MB 256MB RAM,2 MP,Yes,VGA,,Yes,Yes,Wi-Fi 802.11 b/g/n,2.1,No,FM radio,microUSB 2.0,Accelerometer,,,"Li-Ion 1100 mAh, removable",Up to 250 h,Up to 8 h,"Black, White",,,,,,,Yes,Yes,,,,,,,,,,,,,,,,,,,,,,,,,,,,,,
lava,Lava Iris 325 Style,https://fdn2.gsmarena.com/vv/bigpic/lava-iris-325.jpg,GSM,GSM 900 / 1800 - SIM 1 & SIM 2,,,"2015, February. Released 2015, February",Discontinued,118 x 63 x 11.2 mm (4.65 x 2.48 x 0.44 in),-,,Dual SIM,TFT capacitive touchscreen,"3.5 inches, 36.5 cm2 (~49.1% screen-to-body ratio)","320 x 480 pixels, 3:2 ratio (~165 ppi density)",,Android 4.4.2 (KitKat),Dual-core 1.3 GHz,microSDHC,512MB 256MB RAM,2 MP,Yes,VGA,,Yes,Yes,Wi-Fi 802.11 b/g/n,3.0,No,FM radio,microUSB 2.0,Accelerometer,,,"Li-Ion 1400 mAh, removable",Up to 250 h,Up to 15 h,"Black, White",,,,LED flash,,,Yes,Yes,,,,,,,,,,,,,,,,,,,,,,,,,,,,,,
lava,Lava Iris Fuel 60,https://fdn2.gsmarena.com/vv/bigpic/lava-fuel-60.jpg,GSM / HSPA,GSM 850 / 900 / 1800 / 1900 - SIM 1 & SIM 2,HSDPA 2100,HSPA,"2014, December. Released 2014, December",Discontinued,144.8 x 72.8 x 10.2 mm (5.70 x 2.87 x 0.40 in),174 g (6.14 oz),,Dual SIM,"IPS LCD capacitive touchscreen, 16M colors","5.0 inches, 68.9 cm2 (~65.4% screen-to-body ratio)","720 x 1280 pixels, 16:9 ratio (~294 ppi density)",,Android 4.4.2 (KitKat),Quad-core 1.3 GHz,microSDHC,8GB 1GB RAM,"10 MP, AF",Yes,2 MP,,Yes,Yes,"Wi-Fi 802.11 b/g/n, hotspot",3.0,"Yes, with A-GPS",FM radio,microUSB 2.0,"Accelerometer, proximity, compass",,,"Li-Po 4000 mAh, removable",,Up to 32 h (2G) / Up to 13 h 30 min (3G),"Black, White",About 130 EUR,,,"LED flash, HDR, panorama",,,,,,,,,,,,,,,,,,,,,,,,,,,,,,,,,,
lava,Lava Iris Win1,https://fdn2.gsmarena.com/vv/bigpic/lava-iris-win1.jpg,GSM / HSPA,GSM 850 / 900 / 1800 / 1900 - SIM 1 & SIM 2,HSDPA 900 / 2100,HSPA 21.1/5.76 Mbps,"2014, December. Released 2014, December",Discontinued,125 x 64.3 x 11 mm (4.92 x 2.53 x 0.43 in),-,,"Dual SIM (Mini-SIM, dual stand-by)","Capacitive touchscreen, 16M colors","4.0 inches, 45.5 cm2 (~56.7% screen-to-body ratio)","480 x 800 pixels, 5:3 ratio (~233 ppi density)",eMMC 4.5,Microsoft Windows Phone 8.1,Quad-core 1.2 GHz Cortex-A7,microSDHC,8GB 1GB RAM,"5 MP, AF",Yes,VGA,,Yes,Yes,"Wi-Fi 802.11 b/g/n, Wi-Fi Direct, hotspot","3.0, A2DP",A-GPS,FM radio,microUSB 2.0,"Accelerometer, proximity",,,"Li-Ion 1950 mAh, removable",,,Black,About 70 EUR,Qualcomm Snapdragon 200 (28 nm),Adreno 302,"LED flash, panorama",,,,,,,,,,,,,,,,,,,,,,,,,,,,,,,,,,
lava,Lava Iris 250,https://fdn2.gsmarena.com/vv/bigpic/lava-Iris-250.jpg,GSM / HSPA,GSM 900 / 1800 - SIM 1 & SIM 2,HSDPA 2100,"Yes, 384 kbps","2014, August. Released 2014, August",Discontinued,121.5 x 63.9 x 9.8 mm (4.78 x 2.52 x 0.39 in),-,,Dual SIM,TFT capacitive touchscreen,"4.0 inches, 45.5 cm2 (~58.7% screen-to-body ratio)","480 x 800 pixels, 5:3 ratio (~233 ppi density)",,Android 4.4.2 (KitKat),Dual-core 1.0 GHz,microSDHC,4GB 512MB RAM,3.15 MP,Yes,VGA,,Yes,Yes,"Wi-Fi 802.11 a/b/g/n, dual-band",2.1,"Yes, with A-GPS","FM radio, RDS",microUSB 2.0,"Accelerometer, proximity",,,"Li-Ion 1450 mAh, removable",Up to 250 h,Up to 11 h 30 min,"Black, White, Purple",,,,Dual-LED flash,,,,,,,,,,,,,,,,,,,,,,,,,,,,,,,,,,
lava,Lava Iris 400s,https://fdn2.gsmarena.com/vv/bigpic/lava-Iris-400s.jpg,GSM / HSPA,GSM 900 / 1800 - SIM 1 & SIM 2,HSDPA 2100,"Yes, 384 kbps","2014, August. Released 2014, August",Discontinued,125 x 64 x 10.2 mm (4.92 x 2.52 x 0.40 in),-,,Dual SIM,IPS LCD capacitive touchscreen,"4.0 inches, 45.5 cm2 (~56.9% screen-to-body ratio)","480 x 800 pixels, 5:3 ratio (~233 ppi density)",,Android 4.4.2 (KitKat),Dual-core 1.2 GHz,microSDHC,4GB 512MB RAM,5 MP,Yes,VGA,,Yes,Yes,"Wi-Fi 802.11 a/b/g/n, dual-band",3.0,Yes,FM radio,microUSB 2.0,Accelerometer,,,"Li-Ion 1400 mAh, removable",Up to 150 h,Up to 10 h 25 min,"Black, Silver",,,,"LED flash, panorama",,,,,,,,,,,,,,,,,,,,,,,,,,,,,,,,,,
lava,Lava Iris 352 Flair,https://fdn2.gsmarena.com/vv/bigpic/lava-Iris-352.jpg,GSM,GSM 900 / 1800 - SIM 1 & SIM 2,,,"2014, August. Released 2014, August",Discontinued,117 x 61 x 10.6 mm (4.61 x 2.40 x 0.42 in),-,,Dual SIM,TFT capacitive touchscreen,"3.5 inches, 36.5 cm2 (~51.1% screen-to-body ratio)","320 x 480 pixels, 3:2 ratio (~165 ppi density)",,Android 4.4.2 (KitKat),Dual-core 1.3 GHz,microSDHC,2GB 256MB RAM,2 MP,Yes,VGA,,Yes,Yes,Wi-Fi 802.11 b/g/n,3.0,No,FM radio,microUSB 2.0,Accelerometer,,,"Li-Ion 1200 mAh, removable",,Up to 10 h 30 min,"Champagne Gold, Rose Gold",,,,Panorama,,,Yes,Yes,,,,,,,,,,,,,,,,,,,,,,,,,,,,,,
lava,Lava Iris 404 Flair,https://fdn2.gsmarena.com/vv/bigpic/lava-Iris-404f.jpg,GSM / HSPA,GSM 900 / 1800 - SIM 1 & SIM 2,HSDPA 2100,"Yes, 384 kbps","2014, August. Released 2014, August",Discontinued,125 x 64 x 10.2 mm (4.92 x 2.52 x 0.40 in),-,,Dual SIM,TFT capacitive touchscreen,"4.0 inches, 45.5 cm2 (~56.9% screen-to-body ratio)","480 x 800 pixels, 5:3 ratio (~233 ppi density)",,Android 4.4.2 (KitKat),Dual-core 1.3 GHz,microSDHC,4GB 512MB RAM,5 MP,Yes,VGA,,Yes,Yes,"Wi-Fi 802.11 a/b/g/n, dual-band",3.0,A-GPS,FM radio,microUSB 2.0,Accelerometer,,,"Li-Ion 1400 mAh, removable",Up to 250 h,Up to 5 h,"Champagne Gold, Silver, Blue",,,,"LED flash, panorama",,,,,,,,,,,,,,,,,,,,,,,,,,,,,,,,,,
lava,Lava Iris 400Q,https://fdn2.gsmarena.com/vv/bigpic/lava-Iris-400q.jpg,GSM / HSPA,GSM 900 / 1800 - SIM 1 & SIM 2,HSDPA 2100,"Yes, 384 kbps","2014, August. Released 2014, August",Discontinued,129 x 63 x 10 mm (5.08 x 2.48 x 0.39 in),-,,Dual SIM,TFT capacitive touchscreen,"4.0 inches, 45.5 cm2 (~56.0% screen-to-body ratio)","480 x 800 pixels, 5:3 ratio (~233 ppi density)",,Android 4.4.2 (KitKat),Quad-core 1.2 GHz,microSDHC,4GB 512MB RAM,5 MP,Yes,VGA,,Yes,Yes,Wi-Fi 802.11 b/g/n,"4.0, A2DP",A-GPS,FM radio,microUSB 2.0,"Accelerometer, proximity",,,"Li-Ion 1700 mAh, removable",Up to 153 h,Up to 9 h 10 min,"Black, White",,,,LED flash,,,,,,,,,,,,,,,,,,,,,,,,,,,,,,,,,,
lava,Lava Iris 410,https://fdn2.gsmarena.com/vv/bigpic/lava-Iris-410.jpg,GSM,GSM 900 / 1800 - SIM 1 & SIM 2,,,"2014, September. Released 2014, September",Discontinued,124 x 64.5 x 9.9 mm (4.88 x 2.54 x 0.39 in),-,,Dual SIM,TFT capacitive touchscreen,"4.0 inches, 45.5 cm2 (~56.9% screen-to-body ratio)","480 x 800 pixels, 5:3 ratio (~233 ppi density)",,Android 4.4.2 (KitKat),Dual-core 1.3 GHz,microSDHC,4GB 512MB RAM,3.15 MP,Yes,VGA,,Yes,Yes,"Wi-Fi 802.11 a/b/g/n, dual-band","4.0, A2DP",A-GPS,FM radio,microUSB 2.0,Accelerometer,,,"Li-Ion 1500 mAh, removable",Up to 250 h,Up to 9 h 45 min,Black,,,,Panorama,,,Yes,Yes,,,,,,,,,,,,,,,,,,,,,,,,,,,,,,
lava,Lava Iris Fuel 50,https://fdn2.gsmarena.com/vv/bigpic/lava-fuel-50.jpg,GSM / HSPA,GSM 850 / 900 / 1800 / 1900 - SIM 1 & SIM 2,HSDPA 2100,HSPA,"2014, October. Released 2014, October",Discontinued,144.8 x 72.9 x 9.5 mm (5.70 x 2.87 x 0.37 in),160 g (5.64 oz),,Dual SIM,"IPS LCD capacitive touchscreen, 16M colors","5.0 inches, 74.4 cm2 (~70.5% screen-to-body ratio)","480 x 854 pixels, 3:2 ratio",,Android 4.4.2 (KitKat),Quad-core 1.3 GHz,microSDHC,8GB 1GB RAM,"8 MP, AF",Yes,2 MP,,Yes,Yes,Wi-Fi 802.11 b/g/n,"4.0, A2DP, LE","Yes, with A-GPS",FM radio,microUSB 2.0,"Accelerometer, proximity",,,"Li-Po 3000 mAh, removable",Up to 370 h,Up to 17 h (2G) / Up to 13 h (3G),Black,About 100 EUR,,,Dual-LED flash,,,,,,,,,,,,,,,,,,,,,,,,,,,,,,,,,,
lava,Lava Iris 310 Style,https://fdn2.gsmarena.com/vv/bigpic/lava-iris-310.jpg,GSM,GSM 900 / 1800 - SIM 1 & SIM 2,,,"2014, August. Released 2014, August",Discontinued,-,-,,Dual SIM,"Capacitive touchscreen, 16M colors","3.5 inches, 36.5 cm2","320 x 480 pixels, 3:2 ratio (~165 ppi density)",,Android 4.4.2 (KitKat),Dual-core 1.3 GHz,microSDHC,2GB 256MB RAM,2 MP,Yes,VGA,,Yes,Yes,Wi-Fi 802.11 b/g/n,3.0,No,FM radio,microUSB 2.0,"Accelerometer, proximity",,,"Li-Ion 1400 mAh, removable",Up to 290 h,Up to 11 h 45 m,"Brown, Black, White, Blue",,,,LED flash,,,Yes,Yes,,,,,,,,,,,,,,,,,,,,,,,,,,,,,,
lava,Lava Iris 360 Music,https://fdn2.gsmarena.com/vv/bigpic/lava-iris-360.jpg,GSM / HSPA,GSM 900 / 1800 - SIM 1 & SIM 2,HSDPA 2100,"Yes, 384 kbps","2014, August. Released 2014, August",Discontinued,-,-,,Dual SIM,"Capacitive touchscreen, 16M colors","3.5 inches, 36.5 cm2","320 x 480 pixels, 3:2 ratio (~165 ppi density)",,Android 4.2 (Jelly Bean),Dual-core 1.0 GHz,microSDHC,4GB 512MB RAM,3.15 MP,Yes,VGA,,Yes,Yes,Wi-Fi 802.11 b/g/n,"4.0, A2DP","Yes, with A-GPS",FM radio,microUSB 2.0,"Accelerometer, proximity",,,"Li-Ion 1400 mAh, removable",Up to 250 h,Up to 6 h,"White, Black, Grey",,,,LED flash,,,,,,,,,,,,,,,,,,,,,,,,,,,,,,,,,,
lava,Lava Iris 460,https://fdn2.gsmarena.com/vv/bigpic/lava-iris-460.jpg,GSM / HSPA,GSM 850 / 900 / 1800 / 1900 - SIM 1 & SIM 2,HSDPA 2100,HSPA,"2014, August. Released 2014, August",Discontinued,-,-,,Dual SIM,"IPS LCD capacitive touchscreen, 16M colors","4.5 inches, 55.8 cm2","480 x 854 pixels, 16:9 ratio (~218 ppi density)",,Android 4.4.2 (KitKat),Dual-core 1.3 GHz,microSDHC,8GB 1GB RAM,5 MP,720p,VGA,,Yes,Yes,Wi-Fi 802.11 b/g/n,"4.0, A2DP, LE","Yes, with A-GPS",FM radio,microUSB 2.0,"Accelerometer, proximity",,,"Li-Ion 1650 mAh, removable",Up to 250 h,Up to 6 h,"Black, Grey",,,Mali-400,"LED flash, panorama, HDR",,,,,,,,,,,,,,,,,,,,,,,,,,,,,,,,,,
lava,Lava Iris X5,https://fdn2.gsmarena.com/vv/bigpic/lava-iris-x5.jpg,GSM / HSPA,GSM 900 / 1800 - SIM 1 & SIM 2,HSDPA 2100,HSPA,"2014, September. Released 2014, September",Discontinued,143.5 x 71.5 x 7.7 mm (5.65 x 2.81 x 0.30 in),134 g (4.73 oz),,Dual SIM,"IPS LCD capacitive touchscreen, 16M colors","5.0 inches, 68.9 cm2 (~67.2% screen-to-body ratio)","720 x 1280 pixels, 16:9 ratio (~294 ppi density)",,Android 4.4.2 (KitKat),Quad-core 1.2 GHz,microSDHC,8GB 1GB RAM,"8 MP, AF",1080p@30fps,5 MP,,Yes,Yes,Wi-Fi 802.11 b/g/n,"4.0, LE","Yes, with A-GPS, GLONASS",FM radio,microUSB 2.0,"Accelerometer, proximity",,,"Li-Ion 2100 mAh, removable",Up to 200 h (2G) / Up to 200 h (3G),Up to 6 h (2G) / Up to 4 h (3G),"Black, White, Grey",About 110 EUR,,Broadcom VideoCore IV,LED flash,,,,,,,,,,,,,,,,,,LED flash,,,,,,,,,,,,,,,,
lava,Lava Iris Pro 30+,https://fdn2.gsmarena.com/vv/bigpic/lava-iris-pro-30-plus.jpg,GSM / HSPA,GSM 850 / 900 / 1800 / 1900 - SIM 1 & SIM 2,HSDPA 2100,HSPA,"2014, August. Released 2014, August",Discontinued,138 x 67.5 x 7.9 mm (5.43 x 2.66 x 0.31 in),116 g (4.09 oz),,Dual SIM (Mini-SIM/ Micro-SIM),"IPS LCD capacitive touchscreen, 16M colors","4.7 inches, 60.9 cm2 (~65.4% screen-to-body ratio)","720 x 1280 pixels, 16:9 ratio (~312 ppi density)",,Android 4.2 (Jelly Bean),Quad-core 1.5 GHz,microSDHC,16GB 1GB RAM,"13 MP, AF","1080p, HDR",3 MP,,Yes,Yes,"Wi-Fi 802.11 b/g/n, hotspot","4.0, A2DP","Yes, with A-GPS",FM radio,"microUSB 2.0, USB On-The-Go","Accelerometer, proximity",,,"Li-Po 2000 mAh, removable",Up to 390 h (2G) / Up to 285 h (3G),Up to 15 h (2G) / Up to 8 h (3G),Grey/Black,About 150 EUR,,PowerVR SGX544,"Dual-LED flash, panorama, HDR",,,,,,,,,,,,,,,,,,,,,,,,,,,Asahi Dragontrail Glass,,,,,,,
lava,Lava Iris 402e,https://fdn2.gsmarena.com/vv/bigpic/lava-402e.jpg,GSM,GSM 900 / 1800 - SIM 1 & SIM 2,,,"2014, June. Released 2014, June",Discontinued,126 x 65 x 10.4 mm (4.96 x 2.56 x 0.41 in),100 g (3.53 oz),,Dual SIM,TFT capacitive touchscreen,"4.0 inches, 45.5 cm2 (~55.6% screen-to-body ratio)","480 x 800 pixels, 5:3 ratio (~233 ppi density)",,Android 4.2.2 (Jelly Bean),Dual-core 1.3 GHz,microSDHC,512MB 512MB RAM,3.15 MP,Yes,VGA,,Yes,Yes,Wi-Fi 802.11 b/g/n,2.0,No,"FM radio, recording",microUSB 2.0,Accelerometer,,,"Li-Ion 1450 mAh, removable",Up to 200 h,Up to 9 h 40 min,"Pink, Blue, Gray",,,Mali-400,LED flash,,,Yes,Yes,,,,,,,,,,,,,,,,,,,,,,,,,,,,,,
lava,Lava Iris 350m,https://fdn2.gsmarena.com/vv/bigpic/lava-iris-350m.jpg,GSM,GSM 900 / 1800 - SIM 1 & SIM 2,,,"2014, June. Released 2014, June",Discontinued,118 x 62 x 10.2 mm (4.65 x 2.44 x 0.40 in),-,,Dual SIM,TFT capacitive touchscreen,"3.5 inches, 36.5 cm2 (~49.9% screen-to-body ratio)","320 x 480 pixels, 3:2 ratio (~165 ppi density)",,Android 4.2.2 (Jelly Bean),Dual-core 1.0 GHz,microSDHC,512MB 512MB RAM,2 MP,Yes,VGA,,Yes,Yes,Wi-Fi 802.11 b/g/n,2.0,No,FM radio,microUSB 2.0,Accelerometer,,,"Li-Ion 1200 mAh, removable",Up to 240 h,Up to 9 h 30 min,"Grey, Midnight Black",,,Mali-400,,,,Yes,Yes,,,,,,,,,,,,,,,,,,,,,,,,,,,,,,
lava,Lava 3G 412,https://fdn2.gsmarena.com/vv/bigpic/lava-3g-412.jpg,GSM / HSPA,GSM 900 / 1800 - SIM 1 & SIM 2,HSDPA 2100,HSPA,"2014, June. Released 2014, June",Discontinued,123 x 64 x 11.7 mm (4.84 x 2.52 x 0.46 in),120 g (4.23 oz),,Dual SIM,TFT capacitive touchscreen,"4.0 inches, 45.5 cm2 (~57.9% screen-to-body ratio)","480 x 800 pixels, 5:3 ratio (~233 ppi density)",,Android 4.2.2 (Jelly Bean),Dual-core 1.0 GHz,microSDHC,512MB 512MB RAM,2 MP,Yes,VGA,,Yes,Yes,Wi-Fi 802.11 b/g/n,2.0,"Yes, with A-GPS",FM radio,microUSB 2.0,Accelerometer,,,"Li-Ion 1500 mAh, removable",Up to 200 h,,Dark grey,,,Mali-400,LED flash,,,,,,,,,,,,,,,,,,,,,,,,,,,,,,,,,,
lava,Lava Iris X1,https://fdn2.gsmarena.com/vv/bigpic/lava-iris-x11.jpg,GSM / HSPA,GSM 900 / 1800 - SIM 1 & SIM 2,HSDPA 2100,HSPA,"2014, May. Released 2014, May",Discontinued,134 x 66 x 8.9 mm (5.28 x 2.60 x 0.35 in),138 g (4.87 oz),,Dual SIM,IPS LCD capacitive touchscreen,"4.5 inches, 55.8 cm2 (~63.1% screen-to-body ratio)","480 x 854 pixels, 16:9 ratio (~218 ppi density)",,Android 4.4.2 (KitKat),Quad-core 1.2 GHz,microSDHC,8GB 1GB RAM,"8 MP, AF",1080p@30fps,2 MP,,Yes,Yes,"Wi-Fi 802.11 b/g/n, hotspot","4.0, LE","Yes, with A-GPS","FM radio, recording",microUSB 2.0,"Accelerometer, proximity",,,"Li-Ion 2100 mAh, removable",,Up to 9 h 45 min,"Black, White",About 100 EUR,Broadcom BCM23550,Broadcom VideoCore IV,LED flash,,,,,,,,,,,,,,,,,,,,,,,,,,,,,,,,,,
lava,Lava 3G 415,https://fdn2.gsmarena.com/vv/bigpic/lava-3g-415.jpg,GSM / HSPA,GSM 900 / 1800 - SIM 1 & SIM 2,HSDPA 2100,HSPA,"2014, May. Released 2014, May",Discontinued,125 x 64 x 10.7 mm (4.92 x 2.52 x 0.42 in),119 g (4.20 oz),,Dual SIM,"TFT capacitive touchscreen, 256K colors","4.0 inches, 45.5 cm2 (~56.9% screen-to-body ratio)","480 x 800 pixels, 5:3 ratio (~233 ppi density)",,Android 4.2 (Jelly Bean),Dual-core 1.0 GHz Cortex-A7,microSDHC,4GB 512MB RAM,5 MP,Yes,VGA,,Yes,Yes,Wi-Fi 802.11 b/g/n,2.0,"Yes, with A-GPS",FM radio,microUSB 2.0,Accelerometer,,,"Li-Ion 1500 mAh, removable",Up to 200 h,Up to 9 h 40 min,"Black, Grey",,Mediatek MT6572 (28 nm),Mali-400,LED flash,,,,,,,,,,,,,,,,,,,,,,,,,,,,,,,,,,
lava,Lava 3G 354,https://fdn2.gsmarena.com/vv/bigpic/lava-3g-354.jpg,GSM / HSPA,GSM 900 / 1800 - SIM 1 & SIM 2,HSDPA 2100,HSPA,"2014, May. Released 2014, May",Discontinued,118 x 61 x 11.8 mm (4.65 x 2.40 x 0.46 in),103.8 g (3.63 oz),,Dual SIM,"TFT capacitive touchscreen, 256K colors","3.5 inches, 36.5 cm2 (~50.7% screen-to-body ratio)","320 x 480 pixels, 3:2 ratio (~165 ppi density)",,Android 4.2 (Jelly Bean),Dual-core 1.0 GHz Cortex-A7,microSDHC,2GB 256MB RAM,2 MP,Yes,VGA,,Yes,Yes,Wi-Fi 802.11 b/g/n,2.0,"Yes, with A-GPS",FM radio,microUSB 2.0,Accelerometer,,,"Li-Ion 1400 mAh, removable",,,Dark Blue & White,,Mediatek MT6572 (28 nm),Mali-400,,,,,,,,,,,,,,,,,,,,,,,,,,,,,,,,,,,
lava,Lava Iris 504q+,https://fdn2.gsmarena.com/vv/bigpic/lava-iris-504q-plus.jpg,GSM / HSPA,GSM 900 / 1800 - SIM 1 & SIM 2,HSDPA 2100,HSPA 21.1/5.76 Mbps,"2014, April. Released 2014, April",Discontinued,146.7 x 72.5 x 7.9 mm (5.78 x 2.85 x 0.31 in),149 g (5.26 oz),,Dual SIM,"IPS LCD capacitive touchscreen, 16M colors","5.0 inches, 68.9 cm2 (~64.8% screen-to-body ratio)","720 x 1280 pixels, 16:9 ratio (~294 ppi density)",,"Android 4.2.2 (Jelly Bean), upgradable to 4.4.2 (KitKat)",Quad-core 1.3 GHz,microSDHC,8GB 1GB RAM,"10 MP, AF",Yes,2 MP,,Yes,Yes,"Wi-Fi 802.11 b/g/n, hotspot","3.0, A2DP","Yes, with A-GPS",FM radio,microUSB 2.0,"Accelerometer, proximity",,,"Li-Po 2000 mAh, removable",Up to 230 h,Up to 4 h 30 min,"Grey, White",,,Mali-400MP2,"LED flash, panorama, HDR",,,,,,,,,,,,,,,,,,,,,,,,,,,,,,,,,,
lava,Lava Iris 356,https://fdn2.gsmarena.com/vv/bigpic/lava-iris-356.jpg,GSM / HSPA,GSM 900 / 1800 - SIM 1 & SIM 2,HSDPA 2100,"Yes, 384 kbps","2014, April. Released 2014, April",Discontinued,116.9 x 62.5 x 12.6 mm (4.60 x 2.46 x 0.50 in),112 g (3.95 oz),,Dual SIM,"Capacitive touchscreen, 16M colors","3.5 inches, 36.5 cm2 (~49.9% screen-to-body ratio)","320 x 480 pixels, 3:2 ratio (~165 ppi density)",Flashlight,Android 4.2 (Jelly Bean),Dual-core 1.2 GHz,microSDHC,512MB 256MB RAM,1.3 MP,Yes,VGA,,Yes,Yes,Wi-Fi 802.11 b/g/n,2.0,"Yes, with A-GPS","FM radio, recording",microUSB,"Accelerometer, proximity",,,"Li-Ion 1500 mAh, removable",Up to 200 h,Up to 5 h,"Crystal White, Black, Grey",,,,,,,,,,,,,,,,,,,,,,,,,,,,,,,,,,,,,,
lava,Lava Iris 450 Colour,https://fdn2.gsmarena.com/vv/bigpic/lava-iris-450.jpg,GSM / HSPA,GSM 850 / 900 / 1800 / 1900 - SIM 1 & SIM 2,HSDPA 2100,HSPA,"2014, April. Released 2014, April",Discontinued,136 x 63.5 x 10.5 mm (5.35 x 2.5 x 0.41 in),136 g (4.80 oz),,Dual SIM,"IPS LCD capacitive touchscreen, 16M colors","4.5 inches, 55.8 cm2 (~64.6% screen-to-body ratio)","480 x 854 pixels, 16:9 ratio (~218 ppi density)",,Android 4.2 (Jelly Bean),Dual-core 1.3 GHz,microSDHC,4GB 512MB RAM,5 MP,720p,VGA,,Yes,Yes,Wi-Fi 802.11 b/g/n,"4.0, A2DP","Yes, with A-GPS","FM radio, recording",microUSB 2.0,"Accelerometer, proximity",,,"Li-Ion 1800 mAh, removable",,Up to 9 h 15 min,"Blue, Tan Brown, Raspberry Pink, Ivory White, Pro Black",About 100 EUR,,Mali-400,"LED flash, panorama, HDR",,,,,,,,,,,,,,,,,,,,,,,,,,,,,,,,,,
lava,Lava Iris 406Q,https://fdn2.gsmarena.com/vv/bigpic/lava-iris-406q.jpg,GSM / HSPA,GSM 850 / 900 / 1800 / 1900 - SIM 1 & SIM 2,HSDPA 2100,HSPA,"2014, April. Released 2014, April",Discontinued,124 x 64.5 x 10.3 mm (4.88 x 2.54 x 0.41 in),-,,Dual SIM,"TFT capacitive touchscreen, 16M colors","4.0 inches, 45.5 cm2 (~56.9% screen-to-body ratio)","480 x 800 pixels, 5:3 ratio (~233 ppi density)",eMMC 4.5,"Android 4.3 (Jelly Bean), upgradable to 4.4.2 (KitKat)",Quad-core 1.2 GHz Cortex-A7,microSDHC,4GB 1GB RAM,5 MP,720p,VGA,,Yes,Yes,"Wi-Fi 802.11 b/g/n, hotspot","4.0, A2DP, LE","Yes, with A-GPS","FM radio, recording",microUSB 2.0,"Accelerometer, proximity",,,"Li-Ion 1700 mAh, removable",,,"Black, White",About 80 EUR,Qualcomm MSM8610 Snapdragon 200 (28 nm),Adreno 302,"LED flash, panorama, HDR",,,,,,,,,,,,,,,,,,,,,,,,,,,,,,,,,,
lava,Lava Iris 550Q,https://fdn2.gsmarena.com/vv/bigpic/lava-iris-550q.jpg,GSM / HSPA,GSM 900 / 1800 - SIM 1 & SIM 2,HSDPA 2100,HSPA 21.1/5.76 Mbps,"2014, April. Released 2014, April",Discontinued,156 x 77.8 x 9.8 mm (6.14 x 3.06 x 0.39 in),177 g (6.24 oz),,Dual SIM,"IPS LCD capacitive touchscreen, 16M colors","5.5 inches, 83.4 cm2 (~68.7% screen-to-body ratio)","720 x 1280 pixels, 16:9 ratio (~267 ppi density)",,Android 4.2 (Jelly Bean),Quad-core 1.2 GHz,microSDHC,4GB 1GB RAM,"8 MP, AF",1080p@30fps,2 MP,,Yes,Yes,Wi-Fi 802.11 b/g/n,"4.0, A2DP","Yes, with A-GPS","FM radio, recording",microUSB 2.0,"Accelerometer, proximity",,,Li-Po 2600 mAh battery,Up to 500 h,Up to 10 h (2G) / Up to 5 h (3G),"Black, White",About 150 EUR,,PowerVR SGX544,"LED flash, panorama, HDR",,,,,,,,,,,,,,,,,,,,,,,,,,,,,,,,,,
lava,Lava Iris Pro 20,https://fdn2.gsmarena.com/vv/bigpic/lava-iris-pro-20.jpg,GSM / HSPA,GSM 850 / 900 / 1800 / 1900 - SIM 1 & SIM 2,HSDPA 2100,HSPA,"2014, April. Released 2014, April",Discontinued,138 x 67.5 x 7.7 mm (5.43 x 2.66 x 0.30 in),112 g (3.95 oz),,Dual SIM,"IPS LCD capacitive touchscreen, 16M colors","4.7 inches, 60.9 cm2 (~65.4% screen-to-body ratio)","540 x 960 pixels, 16:9 ratio (~234 ppi density)",,Android 4.2.1 (Jelly Bean),Quad-core 1.2 GHz,microSDHC,4GB 1GB RAM,"8 MP, AF",1080p@30fps,VGA,,Yes,Yes,Wi-Fi 802.11 b/g/n,"4.0, A2DP","Yes, with A-GPS",FM radio,microUSB 2.0,"Accelerometer, proximity",,,"Li-Po 2000 mAh, removable",Up to 400 h,Up to 7 h 30 min,Dark Blue,About 150 EUR,,PowerVR SGX544,"Dual-LED flash, panorama, HDR",,,,,,,,,,,,,,,,,,,,,,,,,,,Corning Gorilla Glass,,,,,,,
lava,Lava Iris Pro 30,https://fdn2.gsmarena.com/vv/bigpic/lava-iris-pro-30.jpg,GSM / HSPA,GSM 850 / 900 / 1800 / 1900 - SIM 1 & SIM 2,HSDPA 2100,HSPA,"2014, January. Released 2014, January",Discontinued,138 x 66.7 x 7.5 mm (5.43 x 2.63 x 0.30 in),114 g (4.02 oz),,Dual SIM,"IPS LCD capacitive touchscreen, 16M colors","4.7 inches, 60.9 cm2 (~66.2% screen-to-body ratio)","720 x 1280 pixels, 16:9 ratio (~312 ppi density)",,Android 4.2.1 (Jelly Bean),Quad-core 1.2 GHz,microSDHC,4GB 1GB RAM,"8 MP, AF",1080p@30fps,3 MP,,Yes,Yes,Wi-Fi 802.11 b/g/n,"4.0, A2DP","Yes, with A-GPS",FM radio,microUSB 2.0,"Accelerometer, proximity",,,"Li-Po 2000 mAh, removable",Up to 400 h,Up to 7 h 30 min,Grey/Black,About 180 EUR,,PowerVR SGX544,"Dual-LED flash, panorama, HDR",,,,,,,,,,,,,,,,,,,,,,,,,,,Corning Gorilla Glass,,,,,,,
lava,Lava Iris 401e,https://fdn2.gsmarena.com/vv/bigpic/lava-iris-401e.jpg,GSM,GSM 900 / 1800 - SIM 1 & SIM 2,,,"2013, June. Released 2013, June",Discontinued,124 x 63 x 10 mm (4.88 x 2.48 x 0.39 in),133 g (4.69 oz),,Dual SIM,"TFT touchscreen, 256K colors","4.0 inches, 45.5 cm2 (~58.3% screen-to-body ratio)","480 x 800 pixels, 5:3 ratio (~233 ppi density)",Flashlight,Android 2.3.5 (Gingerbread),1.0 GHz,microSDHC,512MB 256MB RAM,3.15 MP,Yes,,,Yes,Yes,Wi-Fi 802.11 b/g/n,Yes,A-GPS only,FM radio,Proprietary,Accelerometer,,No,"Li-Ion 1500 mAh, removable",Up to 210 h,Up to 10 h 40 min,Grey/Blue,About 50 EUR,,,,,,Yes,Yes,,,,,,,,,,,,,,,,,,,,,,,,,,,,,,
lava,Lava Iris 349S,https://fdn2.gsmarena.com/vv/bigpic/lava-iris-349s.jpg,GSM,GSM 900 / 1800 - SIM 1 & SIM 2,,,"2013, June. Released 2013, June",Discontinued,115 x 61.5 x 13.3 mm (4.53 x 2.42 x 0.52 in),115.4 g (4.06 oz),,Dual SIM,"TFT touchscreen, 256K colors","3.5 inches, 36.5 cm2 (~51.6% screen-to-body ratio)","320 x 480 pixels, 3:2 ratio (~165 ppi density)",,Android 2.3 (Gingerbread),1.0 GHz,microSDHC,512MB 256MB RAM,2 MP,Yes,VGA,,Yes,Yes,Wi-Fi 802.11 b/g/n,Yes,"Yes, with A-GPS",FM radio,Proprietary,Accelerometer,,,"Li-Ion 1400 mAh, removable",Up to 250 h,Up to 5 h,Brown/cool gold,About 40 EUR,,,,,,Yes,Yes,,,,,,,,,,,,,,,,,,,,,,,,,,,,,,
lava,Lava Iris 349+,https://fdn2.gsmarena.com/vv/bigpic/lava-iris-349-plus.jpg,GSM,GSM 900 / 1800 - SIM 1 & SIM 2,,,"2013, July. Released 2013, July",Discontinued,115 x 61.5 x 13.3 mm (4.53 x 2.42 x 0.52 in),115.4 g (4.06 oz),,Dual SIM,"TFT touchscreen, 256K colors","3.5 inches, 36.5 cm2 (~51.6% screen-to-body ratio)","320 x 480 pixels, 3:2 ratio (~165 ppi density)",No,Android 2.3 (Gingerbread),1.0 GHz,microSDHC,512MB 256MB RAM,2 MP,Yes,,,Yes,Yes,Wi-Fi 802.11 b/g/n,Yes,"Yes, with A-GPS",FM radio,Proprietary,Accelerometer,,,"Li-Ion 1400 mAh, removable",Up to 250 h,Up to 5 h,Brown/cool gold,About 40 EUR,,,,,,Yes,Yes,,,,,,,,,,,,,,,,,,,,,,,,,,,,,,
lava,Lava Iris 404e,https://fdn2.gsmarena.com/vv/bigpic/lava-iris-404.jpg,GSM,GSM 900 / 1800 - SIM 1 & SIM 2,,,"2013, December. Released 2013, December",Discontinued,125 x 64 x 9.9 mm (4.92 x 2.52 x 0.39 in),113 g (3.99 oz),,Dual SIM,"TFT touchscreen, 256K colors","4.0 inches, 45.5 cm2 (~56.9% screen-to-body ratio)","480 x 800 pixels, 5:3 ratio (~233 ppi density)",,Android 4.2 (Jelly Bean),Dual-core 1.2 GHz,microSDHC,2GB 256MB RAM,2 MP,Yes,VGA,,Yes,Yes,Wi-Fi 802.11 b/g/n,"3.0, A2DP",No,FM radio,microUSB 2.0,Accelerometer,,,"Li-Ion 1400 mAh, removable",Up to 150 h,Up to 7 h,Black/White,About 50 EUR,,Mali-400,Panorama,,,Yes,Yes,,,,,,,,,,,,,,,,,,,,,,,,,,,,,,
lava,Lava Iris 503e,https://fdn2.gsmarena.com/vv/bigpic/lava-iris-503.jpg,GSM,GSM 900 / 1800 - SIM 1 & SIM 2,,,"2013, October. Released 2013, October",Discontinued,143.2 x 73.3 x 10.5 mm (5.64 x 2.89 x 0.41 in),175 g (6.17 oz),,Dual SIM,"TFT capacitive touchscreen, 16M colors","5.0 inches, 68.9 cm2 (~65.6% screen-to-body ratio)","480 x 854 pixels, 16:9 ratio (~196 ppi density)",,Android 4.2 (Jelly Bean),Dual-core 1.0 GHz,microSDHC,4GB 512MB RAM,3.15 MP,Yes,1.3 MP,,Yes,Yes,Wi-Fi 802.11 b/g/n,Yes,"Yes, with A-GPS",FM radio,microUSB 2.0,Accelerometer,,,"Li-Ion 2000 mAh, removable",,,Black,About 90 EUR,,Mali-400,LED flash,,,Yes,Yes,,,,,,,,,,,,,,,,,,,,,,,,,,,,,,
lava,Lava Iris 506Q,https://fdn2.gsmarena.com/vv/bigpic/lava-iris-506q.jpg,GSM / HSPA,GSM 900 / 1800 - SIM 1 & SIM 2,HSDPA 2100,HSPA,"2013, September. Released 2013, September",Discontinued,143 x 73 x 8.9 mm (5.63 x 2.87 x 0.35 in),143.5 g (5.04 oz),,Dual SIM,"TFT capacitive touchscreen, 16M colors","5.0 inches, 68.9 cm2 (~66.0% screen-to-body ratio)","540 x 960 pixels, 16:9 ratio (~220 ppi density)",,Android 4.2 (Jelly Bean),Quad-core 1.2 GHz,microSDHC,4GB 512MB RAM,"5 MP, AF",Yes,VGA,,Yes,Yes,Wi-Fi 802.11 b/g/n,Yes,"Yes, with A-GPS",FM radio,microUSB 2.0,"Accelerometer, proximity",,,"Li-Po 2000 mAh, removable",Up to 230 h,Up to 5 h 20 min,Dark Grey,About 110 EUR,,PowerVR SGX544,"LED flash, panorama, HDR",,,,,,,,,,,,,,,,,,,,,,,,,,,,,,,,,,
lava,Lava Iris 505,https://fdn2.gsmarena.com/vv/bigpic/lava-iris-505.jpg,GSM / HSPA,GSM 900 / 1800 - SIM 1 & SIM 2,HSDPA 2100,HSPA,"2013, August. Released 2013, August",Discontinued,149.6 x 75 x 9.5 mm (5.89 x 2.95 x 0.37 in),-,,Dual SIM,"TFT capacitive touchscreen, 16M colors","5.0 inches, 68.9 cm2 (~61.4% screen-to-body ratio)","480 x 854 pixels, 16:9 ratio (~196 ppi density)",,Android 4.2 (Jelly Bean),Dual-core 1.2 GHz,microSDHC,4GB 512MB RAM,"5 MP, AF",Yes,VGA,,Yes,Yes,Wi-Fi 802.11 b/g/n,Yes,"Yes, with A-GPS",FM radio,microUSB 2.0,"Accelerometer, proximity",,,"Li-Po 2000 mAh, removable",,Up to 6 h,Dark Grey,About 100 EUR,,Mali-400,"LED flash, panorama, HDR",,,,,,,,,,,,,,,,,,,,iris505,,,,,,,,,,,,,,
lava,Lava Iris 504q,https://fdn2.gsmarena.com/vv/bigpic/lava-iris-504q.jpg,GSM / HSPA,GSM 900 / 1800 - SIM 1 & SIM 2,HSDPA 2100,HSPA,"2013, June. Released 2013, June",Discontinued,142.9 x 72.9 x 8.4 mm (5.63 x 2.87 x 0.33 in),140 g (4.94 oz),,Dual SIM,"TFT capacitive touchscreen, 16M colors","5.0 inches, 68.9 cm2 (~66.2% screen-to-body ratio)","720 x 1280 pixels, 16:9 ratio (~294 ppi density)",,Android 4.2 (Jelly Bean),Quad-core 1.2 GHz,microSDHC,4GB 1GB RAM,"8 MP, AF",Yes,2 MP,,Yes,Yes,Wi-Fi 802.11 b/g/n,Yes,"Yes, with A-GPS",FM radio,microUSB 2.0,Accelerometer,,,"Li-Po 2000 mAh, removable",Up to 230 h,Up to 4 h,Dark Grey,About 170 EUR,,PowerVR SGX544,LED flash,,,,,,,,,,,,,,,,,,,,,,,,,,,,,,,,,,
lava,Lava 3G 402+,https://fdn2.gsmarena.com/vv/bigpic/lava-iris-402.jpg,GSM / HSPA,GSM 900 / 1800 - SIM 1 & SIM 2,HSDPA 2100,HSPA,"2013, December. Released 2013, December",Discontinued,125.5 x 64.5 x 11.4 mm (4.94 x 2.54 x 0.45 in),124 g (4.37 oz),,Dual SIM,"TFT capacitive touchscreen, 16M colors","4.0 inches, 45.5 cm2 (~56.3% screen-to-body ratio)","480 x 800 pixels, 5:3 ratio (~233 ppi density)",,Android 4.2 (Jelly Bean),Quad-core 1.2 GHz,microSDHC,4GB 512MB RAM,3.15 MP,720p@30fps,VGA,,Yes,Yes,Wi-Fi 802.11 b/g/n,Yes,A-GPS only,FM radio,microUSB 2.0,"Accelerometer, proximity",,,"Li-Ion 1500 mAh, removable",Up to 200 h,Up to 4 h,"White, Black, Brown",About 70 EUR,,Mali-400,,,,,,,,,,,,,,,,,,,,,,,,,,,,,,,,,,,
lava,Lava 3G 402,https://fdn2.gsmarena.com/vv/bigpic/lava-iris-402.jpg,GSM / HSPA,GSM 900 / 1800 - SIM 1 & SIM 2,HSDPA 2100,HSPA,"2013, August. Released 2013, August",Discontinued,125.5 x 64.5 x 11.4 mm (4.94 x 2.54 x 0.45 in),124 g (4.37 oz),,Dual SIM,"TFT capacitive touchscreen, 16M colors","4.0 inches, 45.5 cm2 (~56.3% screen-to-body ratio)","480 x 800 pixels, 5:3 ratio (~233 ppi density)",,Android 4.2 (Jelly Bean),Dual-core 1.2 GHz,microSDHC,512MB 256MB RAM,"3.15 MP, AF",720p@30fps,VGA,,Yes,Yes,Wi-Fi 802.11 b/g/n,Yes,"Yes, with A-GPS","FM radio, recording",microUSB 2.0,"Accelerometer, proximity",,,"Li-Ion 1500 mAh, removable",Up to 200 h,Up to 4 h,"Metallic Brown, Metallic Grey, Metallic White",About 60 EUR,,Mali-400,Panorama,,,,,,,,,,,,,,,,,,,,,,,,,,,,,,,,,,
lava,Lava Iris 405+,https://fdn2.gsmarena.com/vv/bigpic/lava-iris-405-plus.jpg,GSM / HSPA,GSM 900 / 1800 - SIM 1 & SIM 2,HSDPA 2100,HSPA 21.1/5.76 Mbps,"2013, December. Released 2013, December",Discontinued,125 x 64 x 9 mm (4.92 x 2.52 x 0.35 in),127 g (4.48 oz),,Dual SIM,"TFT capacitive touchscreen, 16M colors","4.0 inches, 45.5 cm2 (~56.9% screen-to-body ratio)","480 x 800 pixels, 5:3 ratio (~233 ppi density)",Flashlight,Android 4.2 (Jelly Bean),Dual-core 1.3 GHz,microSDHC,4GB 512MB RAM,5 MP,Yes,VGA,,Yes,Yes,Wi-Fi 802.11 b/g/n,Yes,A-GPS only,"FM radio, recording",microUSB 2.0,"Accelerometer, proximity",,,"Li-Po 1400 mAh, removable",Up to 200 h,Up to 6 h 30 min,"Black, White",About 70 EUR,,Mali-400,LED flash,,,,,,,,,,,,,,,,,,,,,,,,,,,,,,,,,,
lava,Lava Iris 503,https://fdn2.gsmarena.com/vv/bigpic/lava-iris-503.jpg,GSM / HSPA,GSM 900 / 1800 - SIM 1 & SIM 2,HSDPA 2100,HSPA,"2013, October. Released 2013, October",Discontinued,143.2 x 73.3 x 10.5 mm (5.64 x 2.89 x 0.41 in),175 g (6.17 oz),,Dual SIM,"IPS LCD capacitive touchscreen, 16M colors","5.0 inches, 68.9 cm2 (~65.7% screen-to-body ratio)","540 x 960 pixels, 16:9 ratio (~220 ppi density)",,Android 4.2 (Jelly Bean),Dual-core 1.0 GHz,microSDHC,4GB 512MB RAM,3.15 MP,Yes,1.3 MP,,Yes,Yes,Wi-Fi 802.11 b/g/n,Yes,"Yes, with A-GPS",FM radio,microUSB 2.0,Accelerometer,,,"Li-Ion 2000 mAh, removable",,,Black,About 90 EUR,,Mali-400,Panorama,,,,,,,,,,,,,,,,,,,,,,,,,,,,,,,,,,
