Brand,Model Name,Model Image,Technology,2G bands,,3G bands,_1,4G bands,5G bands,Speed,Announced,Status,Dimensions,Weight,Build,SIM,_1_1,Type,Size,Resolution,OS,Chipset,CPU,GPU,Card slot,Internal,Single,Features,Video,Single_1,Features_1,Video_1,Loudspeaker,3.5mm jack,WLAN,Bluetooth,GPS,NFC,Radio,USB,Sensors,Type_1,Charging,Colors,Price,256GB 8GB RAM,Quad,Models,128GB 4GB RAM,Dual,64GB 4GB RAM,Triple,Performance,Display,Camera,Loudspeaker_1,Battery life,128GB 6GB RAM,SAR,32GB 3GB RAM,32GB 2GB RAM,Protection,256GB 12GB RAM,SAR EU,Audio quality,Infrared port,Dual_1,Talk time,Stand-by,GPRS,EDGE,Keyboard,Phonebook,Call records,Messaging,Games,Java,Music play,Browser,Alert types,Languages,Clock,Alarm
nec,NEC Terrain,https://fdn2.gsmarena.com/vv/bigpic/nec-terrain.jpg,GSM / HSPA / LTE,GSM 850 / 900 / 1800 / 1900,IP67 dust/water resistant (up to 1m for 30 mins) MIL-STD-810G compliant,HSDPA 850 / 1900 / 2100,,"4, 17",,"HSPA, LTE","2013, June. Released 2013, June",Discontinued,127.5 x 64.5 x 14.5 mm (5.02 x 2.54 x 0.57 in),171.8 g (6.07 oz),,Yes,,"TFT capacitive touchscreen, 16M colors","3.1 inches, 29.8 cm2 (~36.2% screen-to-body ratio)","640 x 480 pixels, 4:3 ratio (~258 ppi density)",Android 4.0 (Ice Cream Sandwich),Qualcomm MSM8960 Snapdragon S4 Plus,Dual-core 1.5 GHz Krait,Adreno 225,microSDHC (dedicated slot),8GB 1GB RAM,"5 MP, AF",LED flash,720p@30fps,VGA,,,"Yes, with stereo speakers",Yes,"Wi-Fi 802.11 b/g/n, hotspot","4.0, A2DP","Yes, with A-GPS",Yes,FM radio,microUSB 2.0,"Accelerometer, proximity, compass","Li-Ion 1900 mAh, removable",,Black,About 330 EUR,,,,,,,,,,,,,,,,,Corning Gorilla Glass 2,,,,,,Up to 10 h,Up to 348 h,,,QWERTY,,,,,,,,,,,
nec,NEC 804N,https://fdn2.gsmarena.com/vv/bigpic/nec-804N.gif,GSM / UMTS,GSM 900 / 1800 / 1900,"Second external 0.9-inch STN, 65K colors display (96 x 64 pixels)",UMTS 2100,"MP3 player with music assist buttons Mail art PC Sync Bilungual menus OR code reading Document viewer (Word, Excel, PowerPoint, PDF) Organizer",,,"Yes, 384 kbps","2006, April",Discontinued,93 x 48 x 23 mm (3.66 x 1.89 x 0.91 in),115 g (4.06 oz),,Mini-SIM,,"TFT, 65K colors","2.2 inches, 15.0 cm2 (~33.6% screen-to-body ratio)","240 x 320 pixels, 4:3 ratio (~182 ppi density)",,,,,microSD (dedicated slot),450MB,2 MP,,Yes,Videocall camera,,,Yes,No,No,1.2,No,,No,2.0,,Removable Li-Ion 720 mAh battery,,"Plumeria White, Coral Pink, Lapis Blue",,,,,,,,,,,,,,,,,,,,,,,,Up to 4 h 20 min,Up to 210 h,,,,Yes,"20 dialed, 20 received, 20 missed calls","SMS, MMS",Downloadable,No,,WAP 2.0,"Vibration; Downloadable polyphonic, MP3, MIDI ringtones",,,
nec,NEC e1108,https://fdn2.gsmarena.com/vv/bigpic/nec-e1108.gif,GSM,GSM 900 / 1800 / 1900,No,,MP3 player Predictive text input Organizer,,,,2006,Discontinued,103 x 44 x 18.5 mm (4.06 x 1.73 x 0.73 in),84 g (2.96 oz),,Mini-SIM,,"TFT, 65K colors","1.8 inches, 10.2 cm2 (~22.5% screen-to-body ratio)",128 x 160 pixels (~114 ppi density),,,,,microSD (dedicated slot),28MB,1.3 MP,,Yes,,,,Yes,No,No,No,No,,No,Proprietary,,Removable Li-Ion battery,,"Fluorescent Green, Metallic Orange",,,,,,,,,,,,,,,,,,,,,,,,Up to 2 h 20 min,Up to 100 h,Class 10,No,,Yes,"20 dialed, 20 received, 20 missed calls","SMS, MMS",Yes,"Yes, MIDP 2.0",,WAP 2.0/xHTML,"Vibration; Downloadable polyphonic, MP3 ringtones",,,
nec,NEC N344i,https://fdn2.gsmarena.com/vv/bigpic/nec-N344i.gif,GSM,GSM 900 / 1800 / 1900,No,,Predictive text input Organizer PC Sync Photo editor Exchangable covers,,,,2005,Cancelled,109 x 47 x 11.9 mm (4.29 x 1.85 x 0.47 in),95 g (3.35 oz),,Mini-SIM,,"TFT, 65K colors","1.8 inches, 10.2 cm2 (~19.9% screen-to-body ratio)",128 x 160 pixels (~114 ppi density),,,,,No,5MB,VGA,,Yes,,,,Yes,No,No,Yes,No,,No,Proprietary,,Removable Li-Ion 720 mAh battery,,Black,,,,,,,,,,,,,,,,,,,,,,,,Up to 3 h,Up to 200 h,Class 10,No,,Yes,"20 dialed, 20 received, 20 missed calls","SMS, MMS, Email",Downloadable,"Yes, DoJa 1.5",,i-mode,Vibration; Downloadable polyphonic ringtones,,,
nec,NEC e373,https://fdn2.gsmarena.com/vv/bigpic/nec-e373.gif,GSM / UMTS,GSM 900 / 1800 / 1900,12 colour led backlight,UMTS 2100,MP3 player Predictive text input Organizer Voice memo,,,"Yes, 384 kbps","2006, May",Discontinued,"92 x 44 x 19.2 mm, 78 cc (3.62 x 1.73 x 0.76 in)",90 g (3.17 oz),,Mini-SIM,,"TFT, 65K colors","1.9 inches, 11.4 cm2 (~28.1% screen-to-body ratio)",176 x 220 pixels (~148 ppi density),,,,,No,32MB,VGA,,Yes,VGA videocall camera,,,Yes,No,No,No,No,,No,Proprietary,,Removable Li-Ion 1000 mAh battery,,Black,,,,,,,,,,,,,,,,,,,,,,,,Up to 3 h 40 min,Up to 250 h,,,,"500 entries, Photocall","20 dialed, 20 received, 20 missed calls","SMS, MMS",Downloadable,"Yes, MIDP 2.0",,WAP 2.0/xHTML,Vibration; Downloadable polyphonic ringtones,,,
nec,NEC e636,https://fdn2.gsmarena.com/vv/bigpic/nec-e636.gif,GSM / UMTS,GSM 900 / 1800 / 1900,Second external mono OLED display,UMTS 2100,CIF videocall camera,,,"Yes, 384 kbps","2006, February",Discontinued,"102 x 48 x 13.9 mm, 65 cc (4.02 x 1.89 x 0.55 in)",110 g (3.88 oz),,Mini-SIM,MP3/AAC/MP4 player Predictive text input Organizer Voice memo SyncML,"TFT, 256K colors","2.2 inches, 33 x 45 mm, 15.0 cm2 (~30.6% screen-to-body ratio)","240 x 320 pixels, 4:3 ratio (~182 ppi density)",,,,,miniSD,32MB,2 MP,,Yes,,,,No,No,No,Yes,No,,No,Proprietary,,Removable Li-Ion 900 mAh battery,,Black,,,,,,,,,,,,,,,,,,,,,,,,Up to 4 h,Up to 270 h,,,,500 entries,"20 dialed, 20 received, 20 missed calls","SMS, EMS, MMS, Email",Yes + downloadable,"Yes, MIDP 2.0",,WAP 2.0/xHTML,Vibration; Downloadable polyphonic ringtones,,,
nec,NEC N500i,https://fdn2.gsmarena.com/vv/bigpic/nec-n500i.gif,GSM,GSM 900 / 1800 / 1900,Second external 4096 colors OLED display,,No,,,,"2006, February",Discontinued,"93 x 46 x 25 mm, 80 cc (3.66 x 1.81 x 0.98 in)",99 g (3.49 oz),,Mini-SIM,MP3/AAC/MP4 player Predictive text input Organizer Voice memo SyncML,"TFT, 65K colors","1.9 inches, 30 x 37 mm, 11.4 cm2 (~26.6% screen-to-body ratio)",176 x 220 pixels (~148 ppi density),,,,,No,54MB,1.3 MP,LED flash,Yes,,,,No,No,No,Yes,No,,No,Proprietary,,Removable Li-Ion 850 mAh battery,,Black,,,,,,,,,,,,,,,,,,,,,,,,Up to 2 h 50 min,Up to 200 h,Class 10,Class 10,,500 entries,"20 dialed, 20 received, 20 missed calls","SMS, EMS, MMS, Email",Yes + downloadable,"Yes, MIDP 2.0",,i-mode,Vibration; Downloadable polyphonic ringtones,,,
nec,NEC N500iS,https://fdn2.gsmarena.com/vv/bigpic/nec-n500is.gif,GSM,GSM 900 / 1800 / 1900,Second external mono OLED display (39x96 pixels),,No,,,,"2006, February",Discontinued,101 x 48 x 13.6 mm (3.98 x 1.89 x 0.54 in),95 g (3.35 oz),,Mini-SIM,MP3/AAC/MP4 player Predictive text input Organizer Voice memo SyncML,"TFT, 65K colors",,"176 x 220 pixels, 1.9 inch",,,,,No,54MB,1.3 MP,,Yes,,,,No,No,No,Yes,No,,No,Proprietary,,Removable Li-Ion 820 mAh battery,,Black,,,,,,,,,,,,,,,,,,,,,,,,Up to 3 h,Up to 200 h,Class 10,Class 10,,500 entries,"20 dialed, 20 received, 20 missed calls","SMS, EMS, MMS, Email",Yes + downloadable,"Yes, MIDP 2.0",,"WAP(Nec e959),  iMode(Nec N500iS)",Vibration; Downloadable polyphonic ringtones,,,
nec,NEC N908,https://fdn2.gsmarena.com/vv/bigpic/nec-n908.gif,GSM,GSM 900 / 1800 / 1900,Handwriting recognition,,No,,,,"2006, July",Discontinued,83.4 x 53.2 x 12.8 mm (3.28 x 2.09 x 0.50 in),84 g (2.96 oz),,Mini-SIM,Photo editor MP3 player Stopwatch Unit/Currency converter Calculator,"TFT resistive touchscreen, 256K colors","2.2 inches, 15.0 cm2 (~33.8% screen-to-body ratio)","240 x 320 pixels, 4:3 ratio (~182 ppi density)",,,,,microSD (dedicated slot),31MB,1.3 MP,,Yes,,,,No,No,No,1.2,No,,No,,,Removable Li-Ion battery,,"Silver , Black",,,,,,,,,,,,,,,,,,,,,,,,Up to 3 h 20 min,Up to 100 h,Class 10,No,,Yes,"20 dialed, 20 received, 20 missed calls","SMS, MMS, Email",,"Yes, MIDP 2.0",,WAP 2.0/xHTML,"Vibration; Downloadable polyphonic, MP3 ringtones",,,
nec,NEC N938,https://fdn2.gsmarena.com/vv/bigpic/nec-n938.gif,GSM,GSM 900 / 1800,Handwriting recognition Downloadable pictures,,No,,,,"2005, Q2",Discontinued,87 x 56 x 14 mm (3.43 x 2.20 x 0.55 in),79 g (2.79 oz),,Mini-SIM,Organizer,"TFT resistive touchscreen, 65K colors",,176 x 220 pixels,,,,,No,2MB,VGA,LED flash,No,,,,No,No,No,1.1,No,,No,,,Removable Li-Ion 550 mAh battery,,White,,,,,,,,,,,,,,,,,,,,,,,,Up to 2 h,Up to 130 h,Yes,No,,500 entries,"20 dialed, 20 received, 20 missed calls","SMS, MMS",,Yes,,WAP 2.0/xHTML,Vibration; Downloadable polyphonic ringtones,,,
nec,NEC e353,https://fdn2.gsmarena.com/vv/bigpic/nec-e353.gif,GSM / UMTS,GSM 900 / 1800 / 1900,Downloadable pictures,UMTS 2100,CIF videocall camera,,,"Yes, 384 kbps","2005, Q4",Discontinued,117 x 46 x 16 mm (4.61 x 1.81 x 0.63 in),90 g (3.17 oz),,Mini-SIM,MP3 player Predictive text input Organizer,"TFT, 65K colors",,176 x 220 pixels,,,,,No,32MB,VGA,,Yes,,,,Yes,No,No,No,No,,No,Proprietary,,Removable Li-Ion 770 mAh battery,,"Silver, Black",,,,,,,,,,,,,,,,,,,,,,,,Up to 3 h,Up to 190 h,,,,"500 entries, Photocall","20 dialed, 20 received, 20 missed calls","SMS, EMS, MMS",,"Yes, MIDP 2.0",,WAP 2.0/xHTML,Vibration; Downloadable polyphonic ringtones,,,
nec,NEC e121,https://fdn2.gsmarena.com/vv/bigpic/nec-e121.gif,GSM,GSM 900 / 1800 / 1900,Downloadable pictures,,No,,,,"2005, Q4",Discontinued,106 x 44 x 12.4 mm (4.17 x 1.73 x 0.49 in),95 g (3.35 oz),,Mini-SIM,Predictive text input Organizer Voice memo,"CSTN, 65K colors","1.8 inches, 29 x 35 mm, 10.2 cm2 (~21.9% screen-to-body ratio)",128 x 160 pixels (~114 ppi density),,,,,No,3.6MB,VGA,,No,,,,Yes,No,No,No,No,,No,Proprietary,,Removable Li-Ion 800 mAh battery,,Silver,,,,,,,,,,,,,,,,,,,,,,,,Up to 2 h 30 min,Up to 150 h,Class 10,No,,Yes,"20 dialed, 20 received, 20 missed calls","SMS, EMS, MMS",Yes,"Yes, MIDP 2.0",,WAP 2.0/xHTML,Vibration; Downloadable polyphonic ringtones,,,
nec,NEC e122,https://fdn2.gsmarena.com/vv/bigpic/nec-e122.gif,GSM,GSM 900 / 1800 / 1900,Downloadable pictures,,No,,,,"2005, Q4",Discontinued,102.5 x 43 x 18 mm (4.04 x 1.69 x 0.71 in),90 g (3.17 oz),,Mini-SIM,Predictive text input Organizer,"CSTN, 65K colors",,"128 x 128 pixels, 1:1 ratio",,,,,No,2.5MB,VGA,,No,,,,No,No,No,No,No,,No,Proprietary,,Removable Li-Ion 720 mAh battery,,"Silver, Black",,,,,,,,,,,,,,,,,,,,,,,,Up to 3 h,Up to 180 h,Class 10,No,,"250 entries, Photocall","20 dialed, 20 received, 20 missed calls","SMS, EMS, MMS",Yes,No,,WAP 2.0/xHTML,Vibration; Downloadable polyphonic ringtones,,,
nec,NEC e949/L1,https://fdn2.gsmarena.com/vv/bigpic/nec-l1-e949.gif,GSM,GSM 900 / 1800 / 1900,Second external mono OLED display (96x39 pixels),,No,,,,"2005, Q2",Discontinued,102 x 47.9 x 11.9 mm (4.02 x 1.89 x 0.47 in),96 g (3.39 oz),,Mini-SIM,MP3/AAC/MP4 player Predictive text input Organizer Voice memo Currency convertor SyncML,"TFT, 65K colors","1.9 inches, 30 x 37 mm, 11.4 cm2 (~23.3% screen-to-body ratio)",176 x 220 pixels (~148 ppi density),,,,,No,25MB,1.3 MP,,Yes,,,,No,No,No,1.2,No,,No,Proprietary,,Removable Li-Ion 600 mAh battery,,Black,,,,,,,,,,,,,,,,,,,,,,,,Up to 2 h 20 min,Up to 140 h,Class 10,No,,500 entries,"20 dialed, 20 received, 20 missed calls","SMS, EMS, MMS, Email",Yes + downloadable,"Yes, MIDP 2.0",,WAP 2.0/xHTML,Vibration; Downloadable polyphonic ringtones,,,
nec,NEC N600i,https://fdn2.gsmarena.com/vv/bigpic/nec-n600i.gif,GSM / UMTS,GSM 900 / 1800 / 1900,Second external B/W STN display (30 x 120 pixels) Incoming LED indicator Downloadable pictures,UMTS 2100,MP3 player Predictive text input Organizer,,,"Yes, 384 kbps","2005, Q3",Discontinued,94.4 x 47.5 x 24.5 mm (3.72 x 1.87 x 0.96 in),113 g (3.99 oz),,Mini-SIM,,"TFT, 65K colors","2.0 inches, 30 x 40 mm, 12.4 cm2 (~27.6% screen-to-body ratio)","240 x 320 pixels, 4:3 ratio (~200 ppi density)",,,,,microSD (dedicated slot),20MB,1.3 MP,LED flash,Yes,VGA videocall camera,,,Yes,No,No,1.1,No,,No,Proprietary,,Removable Li-Ion 1000 mAh battery,,Silver,,,,,,,,,,,,,,,,,,,,,,,,Up to 3 h 20 min,Up to 200 h,,,,"500 entries, Photocall","20 dialed, 20 received, 20 missed calls","SMS, EMS, MMS, Email",Yes + downloadable,"Yes, DoJa 2.5",,i-mode,Vibration; Downloadable polyphonic ringtones,,,
nec,NEC e540/N411i,https://fdn2.gsmarena.com/vv/bigpic/nec-n411i-e540.gif,GSM,GSM 900 / 1800 / 1900,Second external 4096 colors STN display (128 x 128 pixels) Incoming LED indicator Downloadable pictures,,400 short messages 400 emails,,,,"2005, Q1",Discontinued,93 x 46 x 24 mm (3.66 x 1.81 x 0.94 in),95 g (3.35 oz),,Mini-SIM,MP3 player Predictive text input SyncML  Organizer Voice memo/dial,"TFT, 65K colors","1.9 inches, 30 x 37 mm, 11.4 cm2 (~26.6% screen-to-body ratio)",176 x 220 pixels (~148 ppi density),,,,,No,26MB,1.3 MP,,Yes,,,,No,No,No,1.2,No,,No,Proprietary,,Removable Li-Ion 850 mAh battery,,Silver,,,,,,,,,,,,,,,,,,,,,,Yes,,Up to 3 h,Up to 200 h,Class 10,No,,500 entries,"20 dialed, 20 received, 20 missed calls","SMS, EMS, MMS, Email",Yes + downloadable,"Yes, DoJa 1.5",,"WAP 2.0/xHTML, iMode (N411i only)",Vibration; Downloadable polyphonic ringtones,,,
nec,NEC N401i,https://fdn2.gsmarena.com/vv/bigpic/nec-n401i.gif,GSM,GSM 900 / 1800 / 1900,Second external 4096 colors LCD display (30 x 120 pixels) Incoming LED indicator Downloadable pictures,,No,,,,"2005, Q1",Discontinued,"90 x 44 x 23 mm, 85 cc (3.54 x 1.73 x 0.91 in)",90 g (3.17 oz),,Mini-SIM,MP3 player Predictive text input Organizer Voice memo/dial,65K colors,"1.9 inches, 30 x  37 mm, 11.4 cm2 (~28.7% screen-to-body ratio)",176 x 220 pixels (~148 ppi density),,,,,No,22MB,VGA,LED flash,Yes,,,,No,No,No,No,No,,No,Proprietary,,Removable Li-Ion 850 mAh battery,,,,,,,,,,,,,,,,,,,,,,,,Yes,,Up to 3 h 20 min,Up to 200 h,Yes,No,,"500 entries, Photocall","20 dialed, 20 received, 20 missed calls","SMS, EMS, MMS, EMail",Yes + downloadable,"Yes, DoJa 1.5",,iMode,Vibration; Downloadable polyphonic ringtones,,,
nec,NEC N343i,https://fdn2.gsmarena.com/vv/bigpic/nec-n343i.gif,GSM,GSM 900 / 1800 / 1900,Downloadable pictures,,No,,,,"2005, Q2",Discontinued,109 x 43 x 12.7 mm (4.29 x 1.69 x 0.5 in),95 g (3.35 oz),,Mini-SIM,Predictive text input Organizer,"CSTN, 65K colors",,128 x 160 pixels,,,,,No,1.3MB,VGA,,Yes,,,,No,No,No,No,No,,No,Proprietary,,Removable Li-Ion 800 mAh battery,,,,,,,,,,,,,,,,,,,,,,,,,,Up to 3 h,Up to 200 h,Class 10,No,,255 entries,"20 dialed, 20 received, 20 missed calls","SMS, EMS, MMS, EMail",Yes + downloadable,"Yes, DoJa 1.5",,iMode,Vibration; Downloadable polyphonic ringtones,,,
nec,NEC N900iG,https://fdn2.gsmarena.com/vv/bigpic/nen900g.gif,GSM / UMTS,GSM 900 / 1800 / 1900,Second external 65K colors TFT display (90 x 120 pixels) Downloadable pictures,UMTS 2100,CIF videocall camera,,,"Yes, 384 kbps","2004, Q4",Discontinued,103 x 50 x 28 mm (4.06 x 1.97 x 1.10 in),132 g (4.66 oz),,Mini-SIM,Bar-code reader Predictive text input Organizer,"TFT, 65K colors",,"240 x 320 pixels, 4:3 ratio",,,,,miniSD,,1.3 MP,,Yes,,,,No,No,No,No,No,,No,Proprietary,,Removable Li-Ion battery,,Ocean Blue,,,,,,,,,,,,,,,,,,,,,,Yes,,Up to 2 h,Up to 150 h,,,,"700 entries, Photo call","20 dialed, 20 received, 20 missed calls","SMS, MMS, EMail",Yes + downloadable,Yes,,"WAP 2.0/xHTML, iMode",Vibration; Downloadable polyphonic ringtones,,,
nec,NEC N200,https://fdn2.gsmarena.com/vv/bigpic/nen200.gif,GSM,GSM 900 / 1800,Wallpapers Downloadable pictures,,No,,,,"2005, Q1",Discontinued,70 x 51 x 18.6 mm (2.76 x 2.01 x 0.73 in),70 g (2.47 oz),,Mini-SIM,Predictive text input Organizer Voice memo,"TFT, 65K colors",,128 x 160 pixels,,,,,No,,VGA,,Yes,,,,No,No,No,No,No,,No,,,Removable Li-Ion battery,,,,,,,,,,,,,,,,,,,,,,,,,,Up to 2 h,Up to 110 h,Yes,No,,300 entries,"20 dialed, 20 received, 20 missed calls","SMS, MMS",Yes,No,,WAP 2.0/xHTML,Vibration; Downloadable polyphonic ringtones,,,
nec,NEC N160,https://fdn2.gsmarena.com/vv/bigpic/nen160.gif,GSM,GSM 900 / 1800,"Second external 65K colors display, (96 x 64 pixels) Downloadable pictures",,No,,,,"2004, Q4",Discontinued,82.5 x 45 x 22.6 mm (3.25 x 1.77 x 0.89 in),80 g (2.82 oz),,Mini-SIM,Predictive text input Organizer,"CSTN, 65K colors",,"128 x 128 pixels, 1:1 ratio",,,,,No,30MB,VGA,,Yes,,,,No,No,No,No,No,,No,,,Removable Li-Ion 720 mAh battery,,Black,,,,,,,,,,,,,,,,,,,,,,,,,,Class 10,No,,500 entries,"20 dialed, 20 received, 20 missed calls","SMS, EMS, MMS",4,Yes,,WAP 1.2.1,Vibration; Downloadable polyphonic ringtones,,,
nec,NEC N923,https://fdn2.gsmarena.com/vv/bigpic/nen923.gif,GSM,GSM 900 / 1800,"Wallpapers, screensavers Downloadable logos",,No,,,,"2004,Q4",Discontinued,85 x 54 x 9.5 mm (3.35 x 2.13 x 0.37 in),70 g (2.47 oz),,Mini-SIM,Predictive text input Organizer,"TFT, 65K colors",,"120 x 160 pixels, 4:3 ratio",,,,,No,2.7MB,VGA,,Yes,,,,No,No,No,No,No,,No,,,Removable Li-Ion 300 mAh battery,,,,,,,,,,,,,,,,,,,,,,,,,,Up to 2 h,Up to 120 h,Yes,No,,Yes,"20 dialed, 20 received, 20 missed calls","SMS, EMS, MMS",Yes,No,,WAP 1.2.1,Vibration; Downloadable polyphonic ringtones,,,
nec,NEC N150,https://fdn2.gsmarena.com/vv/bigpic/nen150.gif,GSM,GSM 900 / 1800,Downloadable pictures,,No,,,,"2004, Q4",Discontinued,91 x 44 x 20 mm (3.58 x 1.73 x 0.79 in),80 g (2.82 oz),,Mini-SIM,MP3 player Predictive text input Organizer Voice memo,"STN, 65K colors",,"128 x 128 pixels, 1:1 ratio",,,,,No,3MB,VGA,,Yes,,,,No,No,No,No,No,,No,Proprietary,,Removable Li-Ion battery,,"Silver, Blue",,,,,,,,,,,,,,,,,,,,,,Yes,,Up to 2 h 30 min,Up to 180 h,Class 10,No,,300 entries,"20 dialed, 20 received, 20 missed calls","SMS, EMS, MMS",3,"Yes, MIDP 2.0",,WAP 2.0/xHTML,Vibration; Downloadable polyphonic ringtones,,,
nec,NEC e238,https://fdn2.gsmarena.com/vv/bigpic/nee238.gif,GSM,GSM 900 / 1800 / 1900,"Second external 4096 colors display (STN, 30 x 120 pixels) Downloadable pictures",,400 short messages,,,,"2004, Q4",Discontinued,90 x 44 x 23 mm (3.54 x 1.73 x 0.91 in),95 g (3.35 oz),,Mini-SIM,MP3 player Predictive text input Organizer,"TFT, 65K colors",,176 x 220 pixels,,,,,No,26MB,VGA,LED flash,Yes,,,,No,No,No,No,No,,No,Proprietary,,Removable Li-Ion 850 mAh battery,,"Silver, Blue",,,,,,,,,,,,,,,,,,,,,,Yes,,Up to 3 h,Up to 200 h,Class 10,No,,"500 x 15 fields, Photo call, 20 groups","20 dialed, 20 received, 20 missed calls","SMS, EMS, MMS, Email",Yes + downloadable,"Yes, MIDP 2.0",,WAP 2.0/xHTML,Vibration; Downloadable polyphonic ringtones,,,
nec,NEC N940,https://fdn2.gsmarena.com/vv/bigpic/nen940.gif,GSM,GSM 900 / 1800,Handwriting recognition Downloadable pictures,,No,,,,"2004, Q4",Discontinued,101.5 x 51.5 x 20.7 mm (4.00 x 2.03 x 0.81 in),112 g (3.95 oz),,Mini-SIM,TV tuner Organizer,"TFT tochscreen, 256K colors",,176 x 220 pixels,,,,,No,,VGA,LED flash,Yes,,,,No,No,No,No,No,,No,,,Removable Li-Ion 1200 mAh battery,,"Black, Silver",,,,,,,,,,,,,,,,,,,,,,,,,,Yes,No,,Yes,"20 dialed, 20 received, 20 missed calls","SMS, MMS, Email",Yes,"Yes, MIDP 2.0",,WAP 1.2.1,Vibration; Downloadable polyphonic ringtones,,,
nec,NEC N930,https://fdn2.gsmarena.com/vv/bigpic/nec-n930.gif,GSM,GSM 900 / 1800,Handwriting recognition Downloadable pictures,,No,,,,"2004, Q4",Discontinued,85.5 x 54 x 11.9 mm (3.37 x 2.13 x 0.47 in),72 g (2.54 oz),,Mini-SIM,Organizer,"TFT tochscreen, 65K colors",,176 x 220 pixels,,,,,No,2MB,VGA,LED flash,Yes,,,,No,No,No,1.1,No,,No,,,Removable Li-Ion battery,,"Black, Silver",,,,,,,,,,,,,,,,,,,,,,,,Up to 2 h,Up to 100 h,Yes,No,,Yes,"20 dialed, 20 received, 20 missed calls","SMS, EMS, MMS",Yes,"Yes, MIDP 2.0",,WAP 2.0/xHTML,Vibration; Downloadable polyphonic ringtones,,,
nec,NEC N630,https://fdn2.gsmarena.com/vv/bigpic/nec-n630.gif,GSM,GSM 900 / 1800 / 1900,Flashlight,,Chinese handwriting recognition Downloadable pictures,,,,"2005, Q1",Discontinued,99 x 47 x 22 mm (3.90 x 1.85 x 0.87 in),95 g (3.35 oz),,Mini-SIM,Push to talk (VoIP service) Predictive text input Organizer Stopwatch Improved durability Thermometer Automatic volume control,"TFT resistive touchscreen, 65K colors",,176 x 220 pixels,,,,,No,2MB,VGA,,No,,,,No,No,No,No,No,,FM radio,Proprietary,"Compass, thermometer, sound level meter",Removable Li-Ion 700 mAh battery,,Silver,,,,,,,,,,,,,,,,,,,,,,Yes,,Up to 2 h,Up to 140 h,Class 8,No,,500 entries,"20 dialed, 20 received, 20 missed calls","SMS, EMS, MMS",Yes,No,,WAP 2.0/xHTML,"Vibration; Downloadable polyphonic, MP3 ringtones",,,
nec,NEC N850,https://fdn2.gsmarena.com/vv/bigpic/nec-n850.gif,GSM,GSM 900 / 1800 / 1900,"Second external STN, 4096 colors display (128 x 128 pixels) Downloadable pictures",,No,,,,"2005, Q1",Discontinued,93 x 46 x 24 mm (3.66 x 1.81 x 0.94 in),95 g (3.35 oz),,Mini-SIM,MP3 player Predictive text input Organizer Voice dial/memo,"TFT, 65K colors","1.9 inches, 30 x 37 mm, 11.4 cm2 (~26.6% screen-to-body ratio)",176 x 220 pixels (~148 ppi density),,,,,No,26MB,1.3 MP,,QCIF,,,,No,No,No,1.2,No,,No,Proprietary,,Removable Li-Ion battery,,Silver,,,,,,,,,,,,,,,,,,,,,,Yes,,Up to 2 h 30 min,Up to 100 h,Class 10,No,,"Yes, Photo call","20 dialed, 20 received, 20 missed calls","SMS, MMS, Email",Yes,"Yes, MIDP 2.0",,WAP 2.0/xHTML,"Vibration; Downloadable polyphonic, MP3 ringtones",,,
nec,NEC N840,https://fdn2.gsmarena.com/vv/bigpic/nen840.gif,GSM,GSM 850 / 900 / 1800 / 1900,"Second external STN, 65K colors display (120 x 30 pixels) Downloadable pictures",,No,,,,"2004, Q4",Discontinued,100 x 48 x 25 mm (3.94 x 1.89 x 0.98 in),118 g (4.16 oz),,Mini-SIM,MP3 player Predictive text input Organizer Voice memo,"TFT, 256K colors","2.2 inches, 33 x 45 mm, 15.0 cm2 (~31.2% screen-to-body ratio)","240 x 320 pixels, 4:3 ratio (~182 ppi density)",,,,,"miniSD, 128 MB included",32MB,2 MP,LED flash,Yes,,,,No,No,No,1.2,No,,No,Proprietary,,Removable Li-Ion 1100 mAh battery,,Silver,,,,,,,,,,,,,,,,,,,,,,Yes,,Up to 2 h 40 min,Up to 100 h,Class 10,No,,"Yes, Photo call","20 dialed, 20 received, 20 missed calls","SMS, MMS, Email",Yes,"Yes, MIDP 2.0",,WAP 2.0/xHTML,Vibration; Downloadable polyphonic ringtones,,,
nec,NEC N750,https://fdn2.gsmarena.com/vv/bigpic/nec-n750.gif,GSM,GSM 900 / 1800 / 1900,"Second external OLED, 65K colors display (96 x 64 pixels) Downloadable pictures",,No,,,,"2005, Q1",Discontinued,92.9 x 45.8 x 23.6 mm (3.66 x 1.80 x 0.93 in),97 g (3.42 oz),,Mini-SIM,Predictive text input Organizer,"TFT, 256K colors",,176 x 220 pixels,,,,,No,,1.3 MP,,Yes,,,,No,No,No,1.1,No,,No,Proprietary,,Removable Li-Ion 700 mAh battery,,Silver,,,,,,,,,,,,,,,,,,,,,,,,Up to 2 h,Up to 140 h,Class 10,No,,"Yes, Photo call","20 dialed, 20 received, 20 missed calls","SMS, MMS, Email",Yes,"Yes, MIDP 2.0",,WAP 2.0/xHTML,Vibration; Downloadable polyphonic ringtones,,,
nec,NEC 802,https://fdn2.gsmarena.com/vv/bigpic/ne802.gif,GSM / UMTS,GSM 900 / 1800,"Second external TFT display, (120 x 90 pixels), 65K colors Downloadable pictures",UMTS 2100,Videocall camera,,,"Yes, 384 kbps","2004, Q3",Discontinued,100 x 50 x 26 mm (3.94 x 1.97 x 1.02 in),125 g (4.41 oz),,Mini-SIM,Predictive text input Photo editor Organizer,"TFT, 65K colors",,"240 x 320 pixels, 4:3 ratio",,,,,miniSD,,1.3 MP,,Yes,,,,No,No,No,No,No,,No,Proprietary,,Removable Li-Ion battery,,"Royal bronze, Turquoise blue, Platinum silver",,,,,,,,,,,,,,,,,,,,,,Yes,,Up to 2 h 20 min,Up to 430 h,,,,Yes,"20 dialed, 20 received, 20 missed calls","SMS, EMS, MMS, Email",Yes + downloadable,Yes,,WAP,Vibration; Downloadable polyphonic ringtones,,,
nec,NEC N500,https://fdn2.gsmarena.com/vv/bigpic/nen500.gif,GSM,GSM 900 / 1800,Downloadable pictures,,No,,,,"2004, Q4",Discontinued,86 x 48 x 14.5 mm (3.39 x 1.89 x 0.57 in),80 g (2.82 oz),,Mini-SIM,Predictive text input Organizer,"TFT resistive touchscreen, 256K colors",,176 x 220 pixels,,,,,No,,VGA,,Yes,,,,No,No,No,No,No,,No,,,Removable Li-Ion battery,,"White, black",,,,,,,,,,,,,,,,,,,,,,,,Up to 2 h,Up to 120 h,Yes,No,,300 entries,"20 dialed, 20 received, 20 missed calls","SMS, MMS",Yes+ downloadable,No,,WAP 2.0/xHTML,Vibration; Downloadable polyphonic ringtones,,,
nec,NEC N342i,https://fdn2.gsmarena.com/vv/bigpic/nen342i.gif,GSM,GSM 900 / 1800 / 1900,Second external STN mono display (96 x 64 pixels) Downloadable wallpapers,,No,,,,"2004, Q4",Discontinued,86 x 47 x 24 mm (3.39 x 1.85 x 0.94 in),90 g (3.17 oz),,Mini-SIM,Predictive text input Organizer Voice memo,"CSTN, 65K colors",,128 x 160 pixels,,,,,No,2MB,VGA,,No,,,,No,No,No,No,No,,No,Proprietary,,Removable Li-Ion 780 mAh battery,,Silver,,,,,,,,,,,,,,,,,,,,,,,,Up to 3 h,Up to 200 h,Class 10,No,,250 entries,"20 dialed, 20 received, 20 missed calls","SMS, EMS, MMS, Email","2 - Raida, DeepWar + downloadable","Yes, DoJa 1.5",,i-mode,Vibration; Downloadable polyphonic ringtones,,,
nec,NEC e101,https://fdn2.gsmarena.com/vv/bigpic/nee101.gif,GSM,GSM 900 / 1800 / 1900,Second external STN mono display (96 x 64 pixels) Downloadable pictures,,1.5 MB user memory MMS 700KB Java 600KB,,,,"2004, Q4",Discontinued,"84 x 45 x 24 mm, 80 cc (3.31 x 1.77 x 0.94 in)",85 g (3.00 oz),,Mini-SIM,Predictive text input Organizer Voice memo,"CSTN, 65K colors","1.8 inches, 29 x 35 mm, 10.2 cm2 (~27.0% screen-to-body ratio)",128 x 160 pixels (~114 ppi density),,,,,No,,VGA,,No,,,,No,No,No,No,No,,No,,,Removable Li-Ion 780 mAh battery,,Silver,,,,,,,,,,,,,,,,,,,,,,,,Up to 3 h 20 min,Up to 200 h,Class 10,No,,250 entries,"20 dialed, 20 received, 20 missed calls","SMS, EMS, MMS, Email",Yes+ downloadable,Yes,,WAP 2.0/xHTML,"Vibration; Downloadable polyphonic ringtones, composer",,,
nec,NEC N110,https://fdn2.gsmarena.com/vv/bigpic/nen110.gif,GSM,GSM 900 / 1800,Second external mono display (96 x 64 pixels) Downloadable pictures,,No,,,,"2004, Q3",Discontinued,84 x 45 x 24 mm (3.31 x 1.77 x 0.94 in),85 g (3.00 oz),,Mini-SIM,Predictive text input Organizer,"STN, 65K colors",,128 x 160 pixels,,,,,No,2.3MB,VGA,,Yes,,,,No,No,No,No,No,,No,,,Removable Li-Ion 780 mAh battery,,"Silver, Blue",,,,,,,,,,,,,,,,,,,,,,,,,Up to 250 h,Class 10,No,,250,"20 dialed, 20 received, 20 missed calls","SMS, EMS, MMS",Yes + downloadable,Yes,,,"Vibration; Downloadable polyphonic ringtones, composer",,,
nec,NEC N109,https://fdn2.gsmarena.com/vv/bigpic/nen109.gif,GSM,GSM 900 / 1800,Downloadable pictures,,No,,,,"2004, Q3",Discontinued,102 x 45 x 15 mm (4.02 x 1.77 x 0.59 in),73 g (2.57 oz),,Mini-SIM,Predictive text input Organizer World clock,"CSTN, 65K colors",,128 x 160 pixels,,,,,No,2MB,VGA,LED flash,Yes,,,,No,No,No,No,No,,No,,,Removable Li-Ion 570 mAh battery,,"Silver, Black, Blue",,,,,,,,,,,,,,,,,,,,,,Yes,,Up to 2 h 40 min,Up to 120 h,Yes,No,,500,"20 dialed, 20 received, 20 missed calls","SMS, EMS, MMS",Yes + downloadable,"Yes, MIDP 1.0",,WAP 1.2.1,"Vibration; Downloadable polyphonic ringtones, composer",,,
nec,NEC N100,https://fdn2.gsmarena.com/vv/bigpic/nen100.gif,GSM,GSM 900 / 1800,Downloadable pictures,,No,,,,"2004, Q3",Discontinued,102 x 45 x 16 mm (4.02 x 1.77 x 0.63 in),77 g (2.72 oz),,Mini-SIM,Predictive text input Organizer,"CSTN, 65K colors",,128 x 160 pixels,,,,,No,2MB,VGA,,Yes,,,,No,No,No,No,No,,No,,,Removable Li-Ion 570 mAh battery,,,,,,,,,,,,,,,,,,,,,,,,,,Up to 2 h 40 min,Up to 120 h,Yes,No,,500 fields,"20 dialed, 20 received, 20 missed calls","SMS, EMS, MMS",Yes + downloadable,"Yes, MIDP 1.0",,WAP 1.2.1,Vibration; Downloadable polyphonic ringtones,,,
nec,NEC N920,https://fdn2.gsmarena.com/vv/bigpic/nen920.gif,GSM,GSM 900 / 1800,Wallpapers Downloadable pictures,,No,,,,"2004, Q3",Discontinued,85 x 54 x 9.6 mm (3.35 x 2.13 x 0.38 in),70 g (2.47 oz),,Mini-SIM,Predictive text input Organizer,"TFT, 65K colors",,128 x 160 pixels,,,,,No,2MB,VGA,LED flash,Yes,,,,No,No,No,No,No,,No,,,Removable Li-Ion battery,,,,,,,,,,,,,,,,,,,,,,,,,,Up to 3 h,Up to 200 h,Yes,No,,300,"20 dialed, 20 received, 20 missed calls","SMS, EMS, MMS",Yes,No,,WAP 2.0/xHTML,Vibration; Downloadable polyphonic ringtones,,,
nec,NEC e338,https://fdn2.gsmarena.com/vv/bigpic/nee338.gif,GSM / UMTS,GSM 900 / 1800 / 1900,In 18 MB internal memory: - 4 MB maximum for MMS - 960 KB maximum for JAVA appl. - 5 MB for personal files,UMTS 2100,No,,,"Yes, 384 kbps","2004, Q3",Discontinued,"93.8 x 47.1 x 23.3 mm, 89 cc (3.69 x 1.85 x 0.92 in)",114 g (4.02 oz),,Mini-SIM,Video and audio streaming SyncML Audio/video player Predictive text input Organizer Voice memo,"TFT, 65K colors","2.0 inches, 31 x 39 mm, 12.6 cm2 (~28.5% screen-to-body ratio)",176 x 220 pixels (~141 ppi density),,,,,No,,"CIF, rotating lens",,No,,,,Yes,No,No,No,No,,No,Proprietary,,Removable Li-Ion 1300 mAh battery,,,,,,,,,,,,,,,,,,,,,,,,,,Up to 2 h 30 min,Up to 180 h,,,,500 entries,"20 dialed, 20 received, 20 missed calls","SMS, MMS, Email",Yes + downloadable,"Yes, MIDP 2.0",,WAP 2.0/xHTML,"Vibration; Downloadable polyphonic ringtones, composer",,,
nec,NEC N620,https://fdn2.gsmarena.com/vv/bigpic/nen620.gif,GSM,GSM 900 / 1900,"Wallpapers, screensavers Chinese handwriting recognition  Downloadable logos",,No,,,,"2004, Q3",Discontinued,99.5 x 52.5 x 20 mm (3.92 x 2.07 x 0.79 in),102 g (3.60 oz),,Mini-SIM,Predictive text input Organizer,"TFT resistive touchscreen, 256K colors",,176 x 220 pixels,,,,,No,2MB,VGA,,Yes,,,,No,No,No,No,No,,No,,,Removable Li-Ion 800 mAh battery,,Silver and Dark Blue,,,,,,,,,,,,,,,,,,,,,,,,Up to 2 h,Up to 200 h,Yes,No,,1000 entries,"20 dialed, 20 received, 20 missed calls","SMS, MMS, Email",Yes + downloadable,"Yes, MIDP 2.0",,WAP 1.2.1,Vibration; Downloadable polyphonic ringtones,,,
nec,NEC N610,https://fdn2.gsmarena.com/vv/bigpic/nen610.gif,GSM,GSM 900 / 1900,"Wallpapers, screensavers Chinese handwriting recognition Downloadable logos",,No,,,,"2004, Q3",Discontinued,89 x 48.5 x 21.2 mm (3.50 x 1.91 x 0.83 in),95 g (3.35 oz),,Mini-SIM,Predictive text input Organizer,"TFT resistive touchscreen, 256K colors",,176 x 220 pixels,,,,,No,,VGA,,Yes,,,,No,No,No,No,No,,No,,,Removable Li-Ion battery,,"Red, Black, Silver",,,,,,,,,,,,,,,,,,,,,,,,Up to 2 h,Up to 150 h,Yes,No,,Yes,"20 dialed, 20 received, 20 missed calls","SMS, MMS",Yes + downloadable,"Yes, MIDP 1.0",,WAP 1.2.1,Vibration; Downloadable polyphonic ringtones,,,
nec,NEC e228,https://fdn2.gsmarena.com/vv/bigpic/nee228.gif,GSM / UMTS,GSM 900 / 1800,SyncML MP3/MP4 player Predictive text input Organizer Voice memo,UMTS 2100,,,,"Yes, 384 kbps","2004, Q2",Discontinued,129 x 54 x 21 mm (5.08 x 2.13 x 0.83 in),125 g (4.41 oz),,Mini-SIM,,"TFT, 65K colors","2.2 inches, 35 x 44 mm, 15.2 cm2 (~21.9% screen-to-body ratio)",176 x 220 pixels (~128 ppi density),,,,,Memory Stick Duo,19MB,VGA,,Yes,Yes,,,No,No,No,No,No,,No,,,Removable Li-Ion 1100 mAh battery,,,,,,,,,,,,,,,,,,,,,,,,,,Up to 2 h,Up to 100 h,,,,500,"20 dialed, 20 received, 20 missed calls","SMS, MMS, Email",Yes,Yes,,WAP 2.0/xHTML,Vibration; Downloadable polyphonic ringtones,,,
nec,NEC N410i,https://fdn2.gsmarena.com/vv/bigpic/nen410i.gif,GSM,GSM 900 / 1800 / 1900,"Second STN, 65K colors (108 x 80 pixels) Incoming call LED with 12 colors Wallpapers Downloadable wallpapers, animations",,No,,,,"2004, March",Discontinued,"101 x 49 x 24 mm, 103 cc (3.98 x 1.93 x 0.94 in)",118 g (4.16 oz),,Mini-SIM,MP4 player Predictive text input Organizer Voice memo  Profiles,"TFT, 65K colors","2.2 inches, 33 x 45 mm, 15.0 cm2 (~30.3% screen-to-body ratio)","240 x 320 pixels, 4:3 ratio (~182 ppi density)",,,,,No,32MB,1.3 MP,LED flash,Yes,,,,No,No,No,No,No,,No,Proprietary,,Removable Li-Ion 950 mAh battery,,,,,,,,,,,,,,,,,,,,,,,,Yes,,Up to 4 h 30 min,Up to 270 h,Class 8,No,,"500 entries, Photo call","10 dialed, 10 received, 10 missed calls","SMS, EMS, MMS, Email",Yes + downloadable,Yes,,iMode,Vibration; Downloadable polyphonic ringtones,,,
nec,NEC N400i,https://fdn2.gsmarena.com/vv/bigpic/nen400i.gif,GSM,GSM 900 / 1800 / 1900,"Second LCD 65K colors (108 x 80 pixels) Incoming call LED with 12 colors Wallpapers Downloadable wallpapers, animations",,Total inbox mail size 600KB  60 sec. voice memo,,,,"2004, March",Discontinued,"101 x 49 x 24 mm, 100 cc (3.98 x 1.93 x 0.94 in)",110 g (3.88 oz),,Mini-SIM,Predictive text input Organizer Voice dial/memo Profiles,65K colors,"2.2 inches, 33 x 45 mm, 15.0 cm2 (~30.3% screen-to-body ratio)","240 x 320 pixels, 4:3 ratio (~182 ppi density)",,,,,No,4MB,VGA,LED flash,Yes,,,,No,No,No,No,No,,No,Proprietary,,Removable Li-Ion 950 mAh battery,,,,,,,,,,,,,,,,,,,,,,,,Yes,,Up to 4 h,Up to 270 h,Class 8,No,,500 entries,"10 dialed, 10 received, 10 missed calls","SMS, EMS, MMS, Email",Yes + downloadable,"Yes, DoJa 1.5",,iMode,Vibration; Downloadable polyphonic ringtones,,,
nec,NEC N331i,https://fdn2.gsmarena.com/vv/bigpic/nen331i.gif,GSM,GSM 900 / 1800 / 1900,"Second LCD display with 12 colors (30x96 pixels) Wallpapers Downloadable wallpapers, animations",,No,,,,"2004, March",Discontinued,"101 x 48 x 24 mm, 90 cc (3.98 x 1.89 x 0.94 in)",110 g (3.88 oz),,Mini-SIM,Predictive text input Organizer Voice memo  Profiles,"TFT, 65K colors",,128 x 160 pixels,,,,,No,,CIF,,No,,,,No,No,No,No,No,,No,,,Removable Li-Ion 700 mAh battery,,,,,,,,,,,,,,,,,,,,,,,,,,Up to 4 h,Up to 200 h,Class 10,No,,"500 entries, Photo call","10 dialed, 10 received, 10 missed calls","SMS, EMS, MMS, Email",Yes,No,,iMode,Vibration; Downloadable polyphonic ringtones,,,
nec,NEC e313,https://fdn2.gsmarena.com/vv/bigpic/nee313.gif,GSM / UMTS,GSM 900 / 1800,4 MB max for MMS,UMTS 2100,No,,,"Yes, 384 kbps","2004, Q1",Discontinued,"146 x 54 x 20 mm, 125 cc (5.75 x 2.13 x 0.79 in)",126 g (4.44 oz),,Mini-SIM,MP3/MP4 player Predictive text input Organizer,"TFT, 65K colors",,220 x 176 pixels,,,,,Memory Stick Duo,19MB,VGA,,No,,,,No,No,No,No,Yes,,No,,,Removable Li-Ion 1100 mAh battery,,Silver,,,,,,,,,,,,,,,,,,,,,,,,Up to 2 h,Up to 110 h,,,,500 entries,"20 dialed, 20 received, 20 missed calls","SMS, MMS, Email",Yes,Yes,,WAP 2.0/xHTML,Vibration; Downloadable polyphonic ringtones,,,
nec,NEC N910,https://fdn2.gsmarena.com/vv/bigpic/nen910.gif,GSM,GSM 900 / 1800,Second external display 96 x 64 pixels (256 colors OLED) Wallpapers,,No,,,,"2004, Q1",Discontinued,57 x 52 x 22 mm (2.24 x 2.05 x 0.87 in),76 g (2.68 oz),,Mini-SIM,Predictive text input Organizer,"TFT, 65K colors",,128 x 160 pixels,,,,,No,,VGA,,No,,,,No,No,No,No,No,,No,,,Removable Li-Ion battery,,,,,,,,,,,,,,,,,,,,,,,,,,Up to 3 h,Up to 200 h,Yes,No,,Yes,"20 dialed, 20 received, 20 missed calls","SMS, EMS, MMS",Yes,No,,WAP 2.0/xHTML,Vibration; Downloadable polyphonic ringtones,,,
nec,NEC N900,https://fdn2.gsmarena.com/vv/bigpic/nen900.gif,GSM,GSM 900 / 1800,"Wallpapers, screensavers Downloadable logos",,No,,,,"2004, Q1",Discontinued,85 x 54 x 8.6 mm (3.35 x 2.13 x 0.34 in),70 g (2.47 oz),,Mini-SIM,Predictive text input Organizer Voice memo,"TFT, 65K colors","1.8 inches, 29 x 35 mm, 10.0 cm2 (~21.9% screen-to-body ratio)","120 x 160 pixels, 4:3 ratio (~111 ppi density)",,,,,No,2MB,VGA,LED flash,No,,,,No,No,No,No,No,,No,,,Removable Li-Ion battery,,,,,,,,,,,,,,,,,,,,,,,,,,Up to 2 h,Up to 70 h,Class 8,No,,Yes,"20 dialed, 20 received, 20 missed calls","SMS, MMS",Yes,No,,WAP 1.2.1,Vibration; Downloadable polyphonic ringtones,,,
nec,NEC N830,https://fdn2.gsmarena.com/vv/bigpic/nen830.gif,GSM,GSM 900 / 1800 / 1900,"Second STN 65K colors (108 x 80 pixels) Downloadable wallpapers, animations",,No,,,,"2004, Q2",Discontinued,101 x 49 x 24 mm (3.98 x 1.93 x 0.94 in),110 g (3.88 oz),,Mini-SIM,Photo editor Predictive text input Organizer Voice recording Profiles,"TFT, 65K colors","2.2 inches, 33 x 45 mm, 15.0 cm2 (~30.3% screen-to-body ratio)","320 x 240 pixels, 4:3 ratio (~182 ppi density)",,,,,No,,1.3 MP,,No,,,,No,No,No,No,No,,No,Proprietary,,Removable Li-Ion battery,,,,,,,,,,,,,,,,,,,,,,,,Yes,,Up to 3 h 30 min,Up to 100 h,Class 8,No,,"500 x 8 fields, Photo call","10 dialed, 10 received, 10 missed calls","SMS, EMS, MMS",,Yes,,WAP 1.2.1,Vibration; Downloadable polyphonic ringtones,,,
nec,NEC N820,https://fdn2.gsmarena.com/vv/bigpic/nen820.gif,GSM,GSM 900 / 1800 / 1900,"Second STN 65K colors (108 x 80 pixels) Downloadable wallpapers, animations",,No,,,,"2003, Q4",Discontinued,"101 x 48 x 24 mm, 90 cc (3.98 x 1.89 x 0.94 in)",110 g (3.88 oz),,Mini-SIM,Photo editor Predictive text input Organizer Voice recording Profiles,"TFT, 65K colors","2.2 inches, 33 x 45 mm, 15.0 cm2 (~30.9% screen-to-body ratio)","320 x 240 pixels, 4:3 ratio (~182 ppi density)",,,,,No,4MB,VGA,LED flash,No,,,,No,No,No,No,No,,No,Proprietary,,Removable Li-Ion battery,,,,,,,,,,,,,,,,,,,,,,,,Yes,,Up to 5 h,Up to 100 h,Class 8,No,,"500 x 8 fields, Photo call","10 dialed, 10 received, 10 missed calls","SMS, EMS, MMS",Field golf 3D,Yes,,WAP 1.2.1,Vibration; Downloadable polyphonic ringtones,,,
nec,NEC N710,https://fdn2.gsmarena.com/vv/bigpic/nen710.gif,GSM,GSM 900 / 1800 / 1900,Second external display 96 x 30 pixels (12 colors LCD) Wallpapers Downloadable pictures and animations,,No,,,,"2004, Q1",Discontinued,91 x 45 x 26 mm (3.58 x 1.77 x 1.02 in),95 g (3.35 oz),,Mini-SIM,Predictive text input Organizer Photo editor Voice memo,"TFT, 65K colors","1.8 inches, 29 x 35 mm, 10.2 cm2 (~24.9% screen-to-body ratio)",128 x 160 pixels (~114 ppi density),,,,,No,2MB,VGA,LED flash,No,,,,No,No,No,No,No,,No,Proprietary,,Removable Li-Ion battery,,"Silver, Pink",,,,,,,,,,,,,,,,,,,,,,,,Up to 5 h,Up to 100 h,Class 8,No,,Yes,"20 dialed, 20 received, 20 missed calls","SMS, MMS",2 + downloadable,Yes,,WAP 1.2.1,Vibration; Downloadable polyphonic ringtones,,,
nec,NEC N700,https://fdn2.gsmarena.com/vv/bigpic/nen700.gif,GSM,GSM 900 / 1800,Second external display 96 x 30 pixels (12 colors LCD) Wallpapers Downloadable pictures and animations,,No,,,,"2003, Q4",Discontinued,90 x 43 x 23 mm (3.54 x 1.69 x 0.91 in),95 g (3.35 oz),,Mini-SIM,Predictive text input Voice memo Organizer,"TFT, 65K colors","1.8 inches, 29 x 35 mm, 10.2 cm2 (~26.3% screen-to-body ratio)",128 x 160 pixels (~114 ppi density),,,,,No,,CIF,LED flash,No,,,,No,No,No,No,No,,No,,,Removable Li-Ion battery,,"Silver, Gold",,,,,,,,,,,,,,,,,,,,,,,,Up to 5 h,Up to 240 h,Class 8,No,,"500 x 9 fields, Photo call","20 dialed, 20 received, 20 missed calls","SMS, EMS, MMS",2,No,,WAP 1.2.1,Vibration; Downloadable polyphonic ringtones,,,
nec,NEC N600,https://fdn2.gsmarena.com/vv/bigpic/nen600.gif,GSM,GSM 900 / 1800,Second external mono LCD display (96 x 64 pixels) Wallpapers Downloadable pictures and animations,,Handwriting recognition software,,,,"2003, Q4",Discontinued,93.5 x 48 x 25 mm (3.68 x 1.89 x 0.98 in),110 g (3.88 oz),,Mini-SIM,Predictive text input Voice memo Organizer,"TFT resistive touchscreen, 65K colors",,"176 x 240 pixels, 4:3 ratio",,,,,No,,VGA,,No,,,,No,No,No,No,No,,No,,,Removable Li-Ion battery,,Silver,,,,,,,,,,,,,,,,,,,,,,,,Up to 2 h 20 min,Up to 110 h,Yes,No,,Yes,"20 dialed, 20 received, 20 missed calls","SMS, EMS, MMS",Yes,No,,WAP 2.0/xHTML,Vibration; Downloadable polyphonic ringtones,,,
nec,NEC c616v,https://fdn2.gsmarena.com/vv/bigpic/nec616v.gif,GSM / UMTS,GSM 900 / 1800,Second external monochrome display (120 x 30 pixels) Wallpapers Downloadable pictures,UMTS 2100,Predictive text input MP3 player H.263 player Organizer Voice recorder,,,"Yes, 384 kbps","2003, Q4",Discontinued,"103 x 53 x 26 mm, 120 cc (4.06 x 2.09 x 1.02 in)",130 g (4.59 oz),,Mini-SIM,,"TFT, 65K colors","2.2 inches, 35 x 43 mm, 14.9 cm2 (~27.3% screen-to-body ratio)","176 x 240 pixels, 4:3 ratio (~135 ppi density)",,,,,Memory Stick Duo,19MB,VGA,,Yes,Yes,,,No,No,No,1.1,"Yes, with A-GPS",,No,Proprietary,,Removable Li-Ion 780 mAh battery,,Silver or Graphite,,,,,,,,,,,,,,,,,,,,,,,,Up to 1h 50 min,Up to 120 h,,,,500,"20 dialed, 20 received, 20 missed calls","SMS, EMS, MMS, Email",Yes + downloadable,Yes,,,Vibration; Downloadable polyphonic ringtones,,,
nec,NEC e616,https://fdn2.gsmarena.com/vv/bigpic/nee616.gif,GSM / UMTS,GSM 900 / 1800,Second external monochrome display (120 x 30 pixels) Wallpapers Downloadable pictures and animations,UMTS 2100,MP3/H.263 player Predictive text input Organizer,,,"Yes, 384 kbps","2003, Q4",Discontinued,"103 x 53 x 26 mm, 120 cc (4.06 x 2.09 x 1.02 in)",130 g (4.59 oz),,Mini-SIM,,"TFT, 65K colors","2.2 inches, 35 x 43 mm, 14.9 cm2 (~27.3% screen-to-body ratio)","176 x 240 pixels, 4:3 ratio (~135 ppi density)",,,,,Memory Stick Duo,19MB,CIF,LED flash,Yes,Yes,,,No,No,No,1.1,Yes,,No,Proprietary,,Removable Li-Ion 780 mAh battery,,Silver,,,,,,,,,,,,,,,,,,,,,,,,Up to 1 h 50 min,Up to 120 h,,,,500,"20 dialed, 20 received, 20 missed calls","SMS, EMS, MMS, EMail",Yes,Yes,,WAP 2.0/xHTML,Vibration; Downloadable polyphonic ringtones,,,
nec,NEC e808y,https://fdn2.gsmarena.com/vv/bigpic/nee808y.gif,GSM / UMTS,GSM 900 / 1800,Wallpapers,UMTS 2100,20 sec voice memo 12 sec video recorder,,,"Yes, 384 kbps","2003, Q3",Discontinued,143 x 75 x 20 mm (5.63 x 2.95 x 0.79 in),190 g (6.70 oz),,Mini-SIM,"Media player (audio and video) Organizer Voice dial/memo Video download Formats: MP4-Video, MP4 AAC, WMA, AMR, JPG, GIF, BMP, MIDI","TFT, 65K colors",,"132 x 160 pixels, 8 lines",,,,,No,64MB,CIF,,Yes,Yes,,,No,No,No,No,No,,No,Proprietary,,Removable Li-Ion battery,,"2 - Gold, Black",,,,,,,,,,,,,,,,,,,,,,,,Up to 3 h,Up to 70 h,,,QWERTY,"500 x 8 entries, Photo call","20 dialed, 20 received, 20 missed calls","SMS, EMS, MMS, Email",Yes,Yes,,WAP,Vibration; Downloadable polyphonic ringtones,,Yes,Yes
nec,NEC e808,https://fdn2.gsmarena.com/vv/bigpic/nee808.gif,GSM / UMTS,GSM 900 / 1800,Wallpapers,UMTS 2100,20 sec voice memo  12 sec video recorder,,,"Yes, 384 kbps","2003, Q1",Discontinued,105 x 80 x 23 mm (4.13 x 3.15 x 0.91 in),200 g (7.05 oz),,Mini-SIM,Media player (audio and video)   Organizer Voice dial  Voice memo  Video download,"TFT, 65K colors",,"162 x 132 pixels, 8 lines",,,,,No,64MB,CIF,,Yes,Yes,,,No,No,No,No,No,,No,Proprietary,,Removable Li-Ion 1200 mAh battery,,"2 - Gold, Black",,,,,,,,,,,,,,,,,,,,,,,,Up to 3 h 20 min,Up to 200 h,,,QWERTY,"500 x 8 entries, Photo call","20 dialed, 20 received, 20 missed calls","SMS, MMS",Yes,Yes,,WAP,Vibration; Downloadable polyphonic ringtones,,Yes,Yes
nec,NEC e606,https://fdn2.gsmarena.com/vv/bigpic/nee606.gif,GSM / UMTS,GSM 900 / 1800,Navi key Wallpapers,UMTS 2100,20 sec voice memo 12 sec video recorder,,,"Yes, 384 kbps","2003, Q1",Discontinued,"109 x 53 x 32 mm, 140 cc (4.29 x 2.09 x 1.26 in)",145 g (5.11 oz),,Mini-SIM,"Media player (audio and video) Predictive text input Organizer Voice dial/memo Video download Formats: MP4-Video, MP4 AAC, WMA, AMR, JPG, GIF, BMP, MIDI","TFT, 65K colors",,"132 x 160 pixels, 8 lines",,,,,No,32MB,CIF,,Yes,Yes,,,No,No,No,1.1,No,,No,Proprietary,,Removable Li-Ion 1200 mAh battery,,,,,,,,,,,,,,,,,,,,,,,,,,Up to 3 h 20 min,Up to 200 h,,,,"500 x 8 entries, Photo call","20 dialed, 20 received, 20 missed calls","SMS, EMS, MMS",Yes,Yes,,WAP,Vibration; Downloadable polyphonic ringtones,,Yes,Yes
nec,NEC e530,https://fdn2.gsmarena.com/vv/bigpic/nee530.gif,GSM,GSM 900 / 1800,"Second LCD 4096 colors (80 x 108 pixels) Download wallpapers, animations",,10 x 15 sec. voice memo,,,,"2003, Q4",Discontinued,"101 x 48 x 24 mm, 90 cc (3.98 x 1.89 x 0.94 in)",110 g (3.88 oz),,Mini-SIM,Predictive text input Organizer Voice memo Profiles,"TFT, 65K colors",,"162 x 216 pixels, 4:3 ratio",,,,,No,2MB,CIF,,No,,,,No,No,No,No,No,,No,Proprietary,,Removable Li-Ion 800 mAh battery,,Silver,,,,,,,,,,,,,,,,,,,,,,Yes,,Up to 3 h 20 min,Up to 200 h,Yes,No,,"500 x 8 fields, Photo call","10 dialed, 10 received, 10 missed calls","SMS, EMS, MMS",Yes,Yes,,WAP 1.2.1,Vibration; Downloadable polyphonic ringtones,,,
nec,NEC e525,https://fdn2.gsmarena.com/vv/bigpic/nee525.gif,GSM,GSM 850 / 900 / 1800 / 1900,Second LCD 4096 colors (80 x 108 pixels),,20 x 20 sec. voice memo,,,,2003,Discontinued,"101 x 48 x 24 mm, 90 cc (3.98 x 1.89 x 0.94 in)",110 g (3.88 oz),,Mini-SIM,Predictive text input Organizer Voice memo Profiles,"TFT, 65K colors",,"162 x 216 pixels, 4:3 ratio",,,,,No,1MB,CIF,,No,,,,No,No,No,No,No,,No,Proprietary,,Removable Li-Ion 800 mAh battery,,Silver,,,,,,,,,,,,,,,,,,,,,,Yes,,Up to 3 h 20 min,Up to 200 h,Class 8,No,,"500 x 8 fields, Photo call","20 dialed, 20 received, 20 missed calls","SMS, MMS, Email",Yes,Yes,,WAP 1.2.1,Vibration; Downloadable polyphonic ringtones,"English, Spanish, French",Yes,Yes
nec,NEC e232,https://fdn2.gsmarena.com/vv/bigpic/nee232.gif,GSM,GSM 900 / 1800 / 1900,"Second 12 colors LED (30 x 96 pixels) Download wallpapers, animations",,10 x 20 sec. voice memo,,,,"2003, Q2",Discontinued,"90 x 43 x 23 mm, 97 cc (3.54 x 1.69 x 0.91 in)",90 g (3.17 oz),,Mini-SIM,Predictive text input Organizer Voice memo,"TFT, 65K colors",,128 x 160 pixels,,,,,No,,CIF,,No,,,,No,No,No,No,No,,No,,,Removable Li-Ion 700 mAh battery,,,,,,,,,,,,,,,,,,,,,,,,,,Up to 3 h 30 min,Up to 220 h,Yes,No,,"500 x 8 fields, Photo call","10 dialed, 10 received, 10 missed calls","SMS, EMS, MMS",5,No,,WAP 1.2.1,Vibration; Downloadable polyphonic ringtones,,,
nec,NEC N341i,https://fdn2.gsmarena.com/vv/bigpic/nen341i.gif,GSM,GSM 900 / 1800,"Second LCD 4096 colors (80 x 108 pixels) Downloadable wallpapers, animations",,No,,,,2003,Discontinued,"101 x 48 x 24 mm, 90 cc (3.98 x 1.89 x 0.94 in)",110 g (3.88 oz),,Mini-SIM,Predictive text input Organizer Voice memo  Profiles,"TFT, 65K colors",,"162 x 216 pixels, 4:3 ratio",,,,,No,,CIF,,No,,,,No,No,No,No,No,,No,Proprietary,,Removable Li-Ion 800 mAh battery,,Silver,,,,,,,,,,,,,,,,,,,,,,Yes,,Up to 3 h 20 min,Up to 200 h,Class 8,No,,"500 x 8 fields, Photo call","10 dialed, 10 received, 10 missed calls","SMS, MMS, Email",Yes,Yes,,iMode,"Vibration; Downloadable polyphonic ringtones, composer",,Yes,Yes
nec,NEC N223i,https://fdn2.gsmarena.com/vv/bigpic/nen223i.gif,GSM,GSM 900 / 1800,"Second LCD (120 x 30 pixels) with 12 color  Download wallpaper, animation",,10 x 20 sec voice memo,,,,2003,Discontinued,"88 x 45 x 26 mm, 90 cc (3.46 x 1.77 x 1.02 in)",110 g (3.88 oz),,Mini-SIM,Predictive text input Organizer Voice memo  Profiles,"CSTN, 4096 colors",,"120 x 160 pixels, 4:3 ratio",,,,,No,,,,,,,,No,No,No,No,No,,No,,,Removable Li-Ion 780 mAh battery,,Silver,,,,,,,,,,,,,,,,,,,,,,,,Up to 3 h 20 min,Up to 200 h,Class 8,No,,"500 x 8 fields, Photo call","10 dialed, 10 received, 10 missed calls","SMS, Email","5 -  Belt, Poker, Puzzle, Thief & UFO",No,,iMode,Vibration; Downloadable polyphonic ringtones,,,
nec,NEC N22i,https://fdn2.gsmarena.com/vv/bigpic/nen22i.gif,GSM,GSM 900 / 1800,"Second LCD (120 x 30 pixels) with 12 color backlight Downloadable wallpapers, animations",,10 x 20 sec voice memo,,,,2003,Discontinued,"101 x 48 x 27 mm, 94 cc (3.98 x 1.89 x 1.06 in)",110 g (3.88 oz),,Mini-SIM,Predictive text input Organizer Voice memo  Profiles Interchangeable covers,"CSTN, 4096 colors",,"120 x 160 pixels, 4:3 ratio",,,,,No,,,,,,,,No,No,No,No,No,,No,,,Removable Li-Ion 800 mAh battery,,Silver,,,,,,,,,,,,,,,,,,,,,,,,Up to 3 h 20 min,Up to 200 h,Class 8,No,,"500 x 8 fields, Photo call","10 dialed, 10 received, 10 missed calls","SMS, Email","5 - Belt, Poker, Puzzle, Thief, UFO",No,,iMode,"Vibration; Downloadable polyphonic ringtones, composer",,Yes,Yes
nec,NEC N21i,https://fdn2.gsmarena.com/vv/bigpic/nen21i.gif,GSM,GSM 900 / 1800,"LED in 7 colors, color assigned to contact groups Dynamic font size Download wallpaper, animation and CLI pictures",,No,,,,2002,Discontinued,102 x 52 x 24.7 mm (4.02 x 2.05 x 0.97 in),120 g (4.23 oz),,Mini-SIM,Predictive text input Organizer Voice memo/dial Profiles Scratchpad,"CSTN, 256 colors",,"120 x 160 pixels, 10 lines, 4:3 ratio",,,,,No,,,,,,,,No,No,No,No,No,,No,,,Removable Li-Ion battery,,Silver,,,,,,,,,,,,,,,,,,,,,,,,3 h,165 h,Class 8,No,,500,"10 dialed, 10 received, 10 missed calls","SMS, Email","2 - Thief, Rolling Band",No,,"WAP, iMode","Vibration; Downloadable polyphonic ringtones, composer",,Yes,Yes
nec,NEC DB7000,https://fdn2.gsmarena.com/vv/bigpic/nedb7000.gif,GSM,GSM 900 / 1800,"LED in 7 colors, color assigned to contact groups Dynamic font size Download wallpaper, animation and CLI pictures",,No,,,,2002,Discontinued,102 x 52 x 24.7 mm (4.02 x 2.05 x 0.97 in),120 g (4.23 oz),,Mini-SIM,Predictive text input Organizer Voice memo  Profiles Scratchpad,"CSTN, 256 colors",,"120 x 160 pixels, 4:3 ratio",,,,,No,,,,,,,,No,No,No,No,No,,No,,,Removable Li-Ion battery,,Silver,,,,,,,,,,,,,,,,,,,,,,,,3 h,165 h,Class 8,No,,500,"10 dialed, 10 received, 10 missed calls",SMS,Yes,No,,WAP,"Vibration; Downloadable monophonic ringtones, composer",,Yes,Yes
nec,NEC DB6000,https://fdn2.gsmarena.com/vv/bigpic/nedb6000.gif,GSM,GSM 900 / 1800,Dynamic font size Wake up picture downloadable via WAP,,No,,,,2001,Discontinued,"94 x 50 x 26 mm, 100 cc (3.70 x 1.97 x 1.02 in)",,,Mini-SIM,Predictive text input Organizer Voice memo Profiles Scratchpad,Monochrome graphic,,"120 x 160 pixels, 4:3 ratio",,,,,No,,,,,,,,No,No,No,No,No,,No,,,Removable Li-Ion battery,,Silver,,,,,,,,,,,,,,,,,,,,,,,,5 h,195 h,No,No,,100,"10 dialed, 10 received, 10 missed calls",SMS,No,No,,WAP,"Vibration; Monophonic ringtones, composer",18,Yes,Yes
nec,NEC DB5000,https://fdn2.gsmarena.com/vv/bigpic/nedb5000.gif,GSM,GSM 900 / 1800,See who is calling feature 7 colour LED Dynamic font size,,No,,,,2001,Discontinued,"90 x 46 x 23 mm, 85 cc (3.54 x 1.81 x 0.91 in)",99 g (3.49 oz),,Mini-SIM,Predictive text input Profiles Organizer Scratchpad,Monochrome graphic,,"97 x 59 pixels, 5:3 ratio",,,,,No,,,,,,,,No,No,No,No,No,,No,,,Removable Li-Ion battery,,Silver,,,,,,,,,,,,,,,,,,,,,,,,5 h,200 h,No,No,,100,"10 dialed, 10 received, 10 missed calls",SMS,No,No,,,"Vibration; Monophonic ringtones, composer",18,Yes,Yes
nec,NEC DB4100,https://fdn2.gsmarena.com/vv/bigpic/nedb4100.gif,GSM,GSM 900 / 1800,Dynamic font size Softkeys,,No,,,,2000,Discontinued,"120 x 42 x 22 mm, 89 cc (4.72 x 1.65 x 0.87 in)",99 g (3.49 oz),,Mini-SIM,Profiles Organizer Scratchpad,Alphanumeric,,"97 x 59 pixels, 5:3 ratio",,,,,No,,,,,,,,No,No,No,No,No,,No,,,Removable Li-Ion battery,,,,,,,,,,,,,,,,,,,,,,,,,,330 min,195 h,No,No,,100,"10 dialed, 10 received, 10 missed calls",SMS,No,No,,,Vibration; Monophonic ringtones,18,Yes,Yes
nec,NEC DB4000,https://fdn2.gsmarena.com/vv/bigpic/ned4000b.gif,GSM,GSM 900 / 1800,Dynamic font size Softkeys,,No,,,,2000,Discontinued,"120 x 42 x 22 mm, 89 cc (4.72 x 1.65 x 0.87 in)",99 g (3.49 oz),,Mini-SIM,Profiles Organizer Scratchpad,Alphanumeric,,"97 x 59 pixels, 5:3 ratio",,,,,No,,,,,,,,No,No,No,No,No,,No,,,Removable Li-Ion battery,,Metallic,,,,,,,,,,,,,,,,,,,,,,,,330 min,195 h,No,No,,100,"10 dialed, 10 received, 10 missed calls",SMS,No,No,,,Vibration; Monophonic ringtones,18,Yes,Yes
nec,NEC DB2000,https://fdn2.gsmarena.com/vv/bigpic/ned2000b.gif,GSM,GSM 900 / 1800,Fixed icons,,No,,,,1999,Discontinued,"131 x 41 x 19 mm, 100 cc (5.16 x 1.61 x 0.75 in)",130 g (4.59 oz),,Mini-SIM,Organizer Scratchpad,Alphanumeric,,4 x 12 chars,,,,,No,,,,,,,,No,No,No,No,No,,No,,,Removable Li-Ion battery,,Metallic,,,,,,,,,,,,,,,,,,,,,,,,200 - 480 min,150 - 300 h,No,No,,,"5 dialed, 5 received, 5 missed calls",SMS,No,No,,,Vibration; Monophonic ringtones,17,Yes,Yes
nec,NEC DB500,https://fdn2.gsmarena.com/vv/bigpic/nedb500b.gif,GSM,GSM 900 / 1800,Fixed icons,,No,,,,1999,Discontinued,"134 x 48 x 26 mm, 120 cc (5.28 x 1.89 x 1.02 in)",135 g (4.76 oz),,Mini-SIM,Organizer Scratchpad Interchangeable front covers,Alphanumeric,,4 x 12 chars,,,,,No,,,,,,,,No,No,No,No,No,,No,,,Removable NiMH battery,,4,,,,,,,,,,,,,,,,,,,,,,,,120 - 400 min,130 - 150 h,No,No,,,"5 dialed, 5 received, 5 missed calls",SMS,No,No,,,Vibration; Monophonic ringtones,17,Yes,Yes
nec,NEC G9D+,https://fdn2.gsmarena.com/vv/bigpic/neg9dpb.gif,GSM,GSM 900,Fixed icons,,No,,,,1997,Discontinued,145 x 49 x 22.5 mm (5.71 x 1.93 x 0.89 in),200 g (7.05 oz),,Mini-SIM,,Alphanumeric,,4 x 12 chars,,,,,No,,,,,,,,No,No,No,No,No,,No,,,Removable NiMH battery,,,,,,,,,,,,,,,,,,,,,,,,,,105 min,28 h,No,No,,,,SMS,No,No,,,Vibration; Monophonic ringtones,,No,No
