Brand,Model Name,Model Image,Technology,2G bands,3G bands,Speed,Announced,Status,Dimensions,Weight,SIM,Type,Size,Resolution,Card slot,Phonebook,Call records,Single,Features,Video,Single_1,Video_1,Loudspeaker,3.5mm jack,WLAN,Bluetooth,GPS,Radio,USB,Sensors,Messaging,Browser,Games,Java,,Type_1,Stand-by,Talk time,Music play,Colors,Price,GPRS,EDGE,_1,Internal,Alert types,_1_1,Protection,Infrared port,SAR EU,OS,CPU,Clock,Alarm,4G bands,Chipset,GPU,Quad,Features_1,Charging,Triple,Models,SAR,128GB 6GB RAM,128GB 8GB RAM,NFC,64GB 6GB RAM,5G bands,32GB 3GB RAM,64GB 4GB RAM,64GB 3GB RAM,Build,Dual,32GB 2GB RAM,Performance,Display,Camera,Loudspeaker_1,Battery life,256GB 12GB RAM,128GB 12GB RAM,RMA161,128GB 4GB RAM,Audio quality,256GB 8GB RAM,16GB 2GB RAM,Keyboard,Languages
qmobile,QMobile Noir A1,https://fdn2.gsmarena.com/vv/bigpic/QMobile_Noir_A1.jpg,GSM / HSPA / LTE,GSM 850 / 900 / 1800 / 1900 - SIM 1 & SIM 2,HSDPA 850 / 900 / 1900 / 2100,"HSPA 42.2/5.76 Mbps, LTE-A (2CA) Cat6 300/50 Mbps","2017, June","Available. Released 2017, July",154.5 x 76.5 x 8.3 mm (6.08 x 3.01 x 0.33 in),182 g (6.42 oz),"Hybrid Dual SIM (Nano-SIM/ Micro-SIM, dual stand-by)","IPS LCD capacitive touchscreen, 16M colors","5.5 inches, 83.4 cm2 (~70.6% screen-to-body ratio)","1080 x 1920 pixels, 16:9 ratio (~401 ppi density)",microSDXC (uses shared SIM slot),,,"13 MP, f/2.0, 1/3.1"", 1.12µm, PDAF","LED flash, panorama, HDR",1080p@30fps,"16 MP, f/2.2, 26mm (wide), 1/3.06"", 1.0µm",,Yes,Yes,"Wi-Fi 802.11 a/b/g/n, Wi-Fi Direct, hotspot","4.0, A2DP","Yes, with A-GPS",FM radio,"microUSB 2.0, USB On-The-Go","Fingerprint (front-mounted), accelerometer, gyro, proximity, compass",,,,,eMMC 5.1,"Li-Ion 4010 mAh, non-removable",,,,"Black, Gray, Gold",About 27500 INR,,,,64GB 4GB RAM,,,Corning Gorilla Glass (unspecified version),,,"Android 7 (Nougat), Amigo OS 4",Octa-core (4x2.0 GHz Cortex-A53 & 4x1.0 GHz Cortex-A53),,,"1, 3, 5, 40, 41",Mediatek MT6755 Helio P10 (28 nm),Mali-T860MP2,,,Charging 10W,,Noir A1,,,,,,,,,,,,,,,,,,,,,,,,,,
qmobile,QMobile Noir E2,https://fdn2.gsmarena.com/vv/bigpic/QMobile_Noir_E2-.jpg,GSM / HSPA / LTE,GSM 850 / 900 / 1800 / 1900 - SIM 1 & SIM 2,HSDPA 850 / 2100,"HSPA 42.2/5.76 Mbps, LTE","2017, June","Available. Released 2017, June",148.7 x 72.4 x 9.1 mm (5.85 x 2.85 x 0.36 in),-,Hybrid Dual SIM,"IPS LCD capacitive touchscreen, 16M colors","5.2 inches, 74.5 cm2 (~69.2% screen-to-body ratio)","720 x 1280 pixels, 16:9 ratio (~282 ppi density)",microSDXC (uses shared SIM slot),,,"13 MP, f/2.2, AF","LED flash, HDR, panorama",1080p@30fps,"8 MP, f/2.2",,Yes,Yes,"Wi-Fi 802.11 b/g/n, Wi-Fi Direct, hotspot","4.0, A2DP","Yes, with A-GPS",FM radio,microUSB 2.0,"Fingerprint (front-mounted), accelerometer, proximity, compass",,,,,eMMC 5.1,"Li-Po 4000 mAh, removable",,,,Gold,About 15500 INR,,,,16GB 3GB RAM,,,,,,Android 7.0 (Nougat),Octa-core (4x2.0 GHz Cortex-A53 & 4x1.0 GHz Cortex-A53),,,"3, 5",Mediatek MT6755 Helio P10 (28 nm),Mali-T860MP2,,,,,E2 Noir,,,,,,,,,,,,,,,,,,,,,,,,,,
qmobile,QMobile J7 Pro,https://fdn2.gsmarena.com/vv/bigpic/QMobile_J7_Pro.jpg,GSM / HSPA / LTE,GSM 850 / 900 / 1800 / 1900 - SIM 1 & SIM 2,HSDPA 850 / 1700(AWS) / 1900 / 2100,"HSPA 42.2/11.5 Mbps, LTE Cat4 150/50 Mbps","2017, May","Available. Released 2017, May",154 x 76.6 x 9.2 mm (6.06 x 3.02 x 0.36 in),175 g (6.17 oz),"Hybrid Dual SIM (Micro-SIM, dual stand-by)","IPS LCD capacitive touchscreen, 16M colors","5.5 inches, 83.4 cm2 (~70.7% screen-to-body ratio)","720 x 1280 pixels, 16:9 ratio (~267 ppi density)",microSDXC (uses shared SIM slot),,,"13 MP, PDAF","LED flash, HDR, panorama",1080p@30fps,8 MP,,Yes,Yes,"Wi-Fi 802.11 b/g/n, Wi-Fi Direct, hotspot","4.0, A2DP","Yes, with A-GPS",FM radio,"microUSB 2.0, USB On-The-Go","Accelerometer, proximity, compass",,,,,eMMC 5.0,"Li-Po 3150 mAh, non-removable",,,,"Gold, Blue",About 18000 INR,,,,32GB 3GB RAM,,,Corning Gorilla Glass 3,,,Android 6.0 (Marshmallow),Quad-core 1.4 GHz Cortex-A53,,,"3, 5, 40, 41",Mediatek MT6737T (28 nm),Mali-T720,,,,,,,,,,,,,,,,,,,,,,,,,,,,,,,
qmobile,QMobile M6,https://fdn2.gsmarena.com/vv/bigpic/QMobile_M6.jpg,GSM / HSPA / LTE,GSM 850 / 900 / 1800 / 1900 - SIM 1 & SIM 2,HSDPA 900 / 1900 / 2100,"HSPA 42.2/5.76 Mbps, LTE-A (2CA) Cat6 300/50 Mbps","2017, March","Available. Released 2017, March",152.3 x 75.3 x 8.2 mm (6.00 x 2.96 x 0.32 in),180 g (6.35 oz),"Dual SIM (Micro-SIM, dual stand-by)","AMOLED capacitive touchscreen, 16M colors","5.5 inches, 83.4 cm2 (~72.7% screen-to-body ratio)","1080 x 1920 pixels, 16:9 ratio (~401 ppi density)",microSDXC (dedicated slot),,,"13 MP, f/2.0, 1/3.1"", 1.12µm, PDAF","LED flash, panorama, HDR",1080p@30fps,"8 MP, f/2.2, 1/4"", 1.12µm",,Yes,Yes,"Wi-Fi 802.11 b/g/n, Wi-Fi Direct, hotspot","4.0, A2DP","Yes, with A-GPS","FM radio, recording","microUSB 2.0, USB On-The-Go","Fingerprint (front-mounted), accelerometer, gyro, proximity, compass",,,,,eMMC 5.1,"Li-Po 5000 mAh, non-removable",,,,"Gold, Coffee",About 29500 INR,,,,64GB 4GB RAM,,,,Yes,,"Android 6.0 (Marshmallow), Amigo 3.5",Octa-core (4x2.0 GHz Cortex-A53 & 4x1.0 GHz Cortex-A53),,,"3, 5, 40",Mediatek MT6755 Helio P10 (28 nm),Mali-T860MP2,,,Charging 10W Reverse charging,,,,,,,,,,,,,,,,,,,,,,,,,,,,
qmobile,QMobile M6 Lite,https://fdn2.gsmarena.com/vv/bigpic/QMobile_M6_Lite.jpg,GSM / HSPA / LTE,GSM 850 / 900 / 1800 / 1900 - SIM 1 & SIM 2,HSDPA 900 / 2100,"HSPA 42.2/5.76 Mbps, LTE","2017, March","Available. Released 2017, March",144 x 71 x 10 mm (5.67 x 2.80 x 0.39 in),184 g (6.49 oz),"Dual SIM (Micro-SIM, dual stand-by)","IPS LCD capacitive touchscreen, 16M colors","5.0 inches, 68.9 cm2 (~67.4% screen-to-body ratio)","720 x 1280 pixels, 16:9 ratio (~294 ppi density)",microSDXC (dedicated slot),,,"13 MP, f/2.2, AF","LED flash, HDR, panorama",1080p@30fps,"5 MP, f/2.2",,Yes,Yes,"Wi-Fi 802.11 b/g/n, Wi-Fi Direct, hotspot","4.0, A2DP","Yes, with A-GPS",FM radio,microUSB 2.0,"Accelerometer, proximity, compass",,,,,eMMC 5.0,"Li-Po 4000 mAh, removable",,,,Gold,About 16500 INR,,,,16GB 3GB RAM,,,,,,Android 6.0 (Marshmallow),Quad-core 1.3 GHz Cortex-A53,,,"3, 5, 40",Mediatek MT6737 (28 nm),Mali-T720MP2,,,,,M6 Lite,,,,,,,,,,,,,,,,,,,,,,,,,,
qmobile,QMobile King Kong Max,https://fdn2.gsmarena.com/vv/bigpic/QMobile_KING_KONG_MAX.jpg,GSM / HSPA / LTE,GSM 850 / 900 / 1800 / 1900 - SIM 1 & SIM 2,HSDPA 900 / 2100,"HSPA 42.2/5.76 Mbps, LTE","2017, January","Available. Released 2017, January",149 x 73.2 x 8.2 mm (5.87 x 2.88 x 0.32 in),162 g (5.71 oz),"Dual SIM (Micro-SIM, dual stand-by)","IPS LCD capacitive touchscreen, 16M colors","5.3 inches, 77.4 cm2 (~71.0% screen-to-body ratio)","720 x 1280 pixels, 16:9 ratio (~277 ppi density)",microSDXC,,,"13 MP, AF","LED flash, HDR, panorama",1080p@30fps,5 MP,,Yes,Yes,"Wi-Fi 802.11 b/g/n, Wi-Fi Direct, hotspot","4.0, A2DP","Yes, with A-GPS",FM radio,microUSB 2.0,"Accelerometer, gyro, proximity, compass",,,,,eMMC 5.1,"Li-Po 4000 mAh, non-removable",,,,Gold,About 18500 INR,,,,32GB 3GB RAM,,,,,,Android 6.0 (Marshmallow),Octa-core (4x1.5 GHz Cortex-A53 & 4x1.0 GHz Cortex-A53),,,"1, 3, 5, 7, 20, 38, 39, 40, 41",Mediatek MT6750 (28 nm),Mali-T860MP2,,,,,,,,,,,,,,,,,,,,,,,,,,,,,,,
qmobile,QMobile M350 Pro,https://fdn2.gsmarena.com/vv/bigpic/QMobile_M350_Pro.jpg,GSM / HSPA,GSM 850 / 900 / 1800 / 1900 - SIM 1 & SIM 2,HSDPA 850 / 2100,HSPA 21.1/5.76 Mbps,"2017, February","Available. Released 2017, February",145.5 x 71 x 9.4 mm (5.73 x 2.80 x 0.37 in),179 g (6.31 oz),"Dual SIM (Micro-SIM, dual stand-by)","IPS LCD capacitive touchscreen, 16M colors","5.0 inches, 68.9 cm2 (~66.7% screen-to-body ratio)","720 x 1280 pixels, 16:9 ratio (~294 ppi density)",microSDXC (dedicated slot),,,"8 MP, f/2.2, 1/4.0"", AF","LED flash, panorama, HDR",1080p@30fps,"5 MP, f/2.4",,Yes,Yes,"Wi-Fi 802.11 b/g/n, dual-band, Wi-Fi Direct, hotspot","4.0, A2DP","Yes, with A-GPS",FM radio,microUSB 2.0,"Accelerometer, gyro, proximity",,,,,,"Li-Ion 5000 mAh, non-removable",,,,"Black, Gold, White",,,,,16GB 2GB RAM,,,,,,"Android 6 (Marshmallow), Amigo 3",Quad-core 1.3 GHz Cortex-7,,,,Mediatek MT6580M (28 nm),Mali-400MP2,,,,,"M350, M350 Pro",,,,,,,,,,,,,,,,,,,,,,,,,,
qmobile,QMobile Energy X2,https://fdn2.gsmarena.com/vv/bigpic/QMobile_Energy_X2.jpg,GSM / HSPA,GSM 850 / 900 / 1800 / 1900 - SIM 1 & SIM 2,HSDPA 850 / 2100,HSPA,"2017, February","Available. Released 2017, February",143 x 73 x 9.9 mm (5.63 x 2.87 x 0.39 in),184 g (6.49 oz),"Dual SIM (Micro-SIM, dual stand-by)","IPS LCD capacitive touchscreen, 16M colors","5.0 inches, 68.9 cm2 (~66.0% screen-to-body ratio)","720 x 1280 pixels, 16:9 ratio (~294 ppi density)",microSDXC (dedicated slot),,,"8 MP, f/2.0, AF","LED flash, HDR, panorama",1080p@30fps,5 MP,,Yes,Yes,"Wi-Fi 802.11 b/g/n, Wi-Fi Direct, hotspot","4.0, A2DP","Yes, with A-GPS",FM radio,"microUSB 2.0, USB On-The-Go","Accelerometer, proximity",,,,,,"Li-Ion 5000 mAh, non-removable",,,,"Gold, Silver, Gray",,,,,16GB 2GB RAM,,,,,,Android 6.0 (Marshmallow),Quad-core 1.3 GHz Cortex-7,,,,Mediatek MT6580M (28 nm),Mali-400MP2,,,,,ENERGY X2,,,,,,,,,,,,,,,,,,,,,,,,,,
qmobile,QMobile E1,https://fdn2.gsmarena.com/vv/bigpic/QMobile_E1.jpg,GSM / HSPA / LTE,GSM 850 / 900 / 1800 / 1900 - SIM 1 & SIM 2,HSDPA 850 / 2100,"HSPA 42.2/11.5 Mbps, LTE Cat4 150/50 Mbps","2017, January","Available. Released 2017, January",143.8 x 72 x 8.9 mm (5.66 x 2.83 x 0.35 in),-,"Dual SIM (Micro-SIM, dual stand-by)","IPS LCD capacitive touchscreen, 16M colors","5.0 inches, 68.9 cm2 (~66.6% screen-to-body ratio)","720 x 1280 pixels, 16:9 ratio (~294 ppi density)",microSDXC,,,"8 MP, f/2.2, AF",LED flash,1080p@30fps,"5 MP, f/2.4",,Yes,Yes,"Wi-Fi 802.11 b/g/n, Wi-Fi Direct, hotspot","4.0, A2DP","Yes, with A-GPS",FM radio,microUSB 2.0,"Accelerometer, proximity, compass",,,,,,"Li-Po 4000 mAh, removable",,,,"Black, Gold",,,,,16GB 3GB RAM,,,,,,Android 6.0 (Marshmallow),Quad-core 1.0 GHz Cortex-A53,,,"3, 5",Mediatek MT6735P (28 nm),Mali-T720MP2,,,,,E1,,,,,,,,,,,,,,,,,,,,,,,,,,
qmobile,QMobile Noir S6 Plus,https://fdn2.gsmarena.com/vv/bigpic/QMobile_S6_Plus.jpg,GSM / HSPA,GSM 850 / 900 / 1800 / 1900 - SIM 1 & SIM 2,HSDPA 900 / 2100,HSPA 21.1/5.76 Mbps,"2016, June","Available. Released 2016, June",144.4 x 72.5 x 8.7 mm (5.69 x 2.85 x 0.34 in),150 g (5.29 oz),Dual SIM,"IPS LCD capacitive touchscreen, 16M colors","5.5 inches, 83.4 cm2 (~79.7% screen-to-body ratio)","720 x 1280 pixels, 16:9 ratio (~267 ppi density)",microSDXC,,,"8 MP, f/2.0, 1/4.0"", AF","LED flash, panorama, HDR",1080p@30fps,"5 MP, f/2.0",,Yes,Yes,"Wi-Fi 802.11 b/g/n, dual-band, Wi-Fi Direct, hotspot","4.0, A2DP","Yes, with A-GPS",FM radio,microUSB 2.0,"Fingerprint (rear-mounted), accelerometer, proximity",,,,,,"Li-Po 2500 mAh, removable",,,,Gold,,,,,16GB 2GB RAM,,,,,,Android 6.0 (Marshmallow),Quad-core 1.3 GHz Cortex-A7,,,,Mediatek MT6580 (28 nm),Mali-400MP2,,,,,"S6, S6S, S6 PLUS",,,,,,,,,,,,,,,,,,,,,,,,,,
qmobile,QMobile Noir J7,https://fdn2.gsmarena.com/vv/bigpic/QMobile_J7.jpg,GSM / HSPA / LTE,GSM 850 / 900 / 1800 / 1900 - SIM 1 & SIM 2,HSDPA 900 / 1900 / 2100,"HSPA 42.2/5.76 Mbps, LTE-A (2CA) Cat6 300/50 Mbps","2016, October","Available. Released 2016, October",154 x 76.8 x 8.8 mm (6.06 x 3.02 x 0.35 in),183 g (6.46 oz),Dual SIM,"IPS LCD capacitive touchscreen, 16M colors","5.5 inches, 83.4 cm2 (~70.5% screen-to-body ratio)","720 x 1280 pixels, 16:9 ratio (~267 ppi density)",microSDXC,,,"13 MP, AF","LED flash, HDR, panorama",1080p@30fps,5 MP,,Yes,Yes,"Wi-Fi 802.11 b/g/n, Wi-Fi Direct, hotspot","4.0, A2DP","Yes, with A-GPS",FM radio,microUSB 2.0,"Accelerometer, proximity, compass",,,,,,"Li-Ion 3100 mAh, non-removable",,,,Gold,,,,,32GB 3GB RAM,,,,,,"Android 6.0 (Marshmallow), Amigo 3.2",Octa-core 2.2 GHz Cortex-A53,,,"3, 5, 40",Mediatek MT6595,PowerVR G6200,,,,,,,,,,,,,,,,,,,,,,,,,,,,,,,
qmobile,QMobile Noir Z12 Pro,https://fdn2.gsmarena.com/vv/bigpic/QMobile_Noir_Z12_PRO.jpg,GSM / HSPA / LTE,GSM 850 / 900 / 1800 / 1900 - SIM 1 & SIM 2,HSDPA 900 / 1900 / 2100,"HSPA 42.2/5.76 Mbps, LTE Cat4 150/50 Mbps","2016, September","Available. Released 2016, September",154.5 x 75.6 x 8.2 mm (6.08 x 2.98 x 0.32 in),166 g (5.86 oz),"Hybrid Dual SIM (Nano-SIM/ Micro-SIM, dual stand-by)","IPS LCD capacitive touchscreen, 16M colors","5.5 inches, 83.4 cm2 (~71.4% screen-to-body ratio)","1080 x 1920 pixels, 16:9 ratio (~401 ppi density)",microSDXC (uses shared SIM slot),,,"13 MP, f/2.0, 1/3.1"", 1.12µm, PDAF","LED flash, panorama, HDR",1080p@30fps,"8 MP, f/2.2",,Yes,Yes,"Wi-Fi 802.11 b/g/n, Wi-Fi Direct, hotspot","4.0, A2DP","Yes, with A-GPS",FM radio,"2.0, Type-C 1.0 reversible connector","Fingerprint (rear-mounted), accelerometer, gyro, proximity, compass",,,,,,"Li-Po 3150 mAh, non-removable",,,,"Mocha Gold, Latte Gold",,,,,32GB 3GB RAM,,,Corning Gorilla Glass 3,,,"Android 6.0 (Marshmallow), Amigo 3.2",Octa-core 1.3 GHz Cortex-A53,,,"1, 3, 7, 20, 38, 39, 40, 41",Mediatek MT6753 (28 nm),Mali-T720MP3,,LED flash,,,Z12 PRO,,,,,,,,,,,,,,,,,,,,,,,,,,
qmobile,QMobile Noir Z14,https://fdn2.gsmarena.com/vv/bigpic/QMobile_Noir_Z14.jpg,GSM / HSPA / LTE,GSM 850 / 900 / 1800 / 1900 - SIM 1 & SIM 2,HSDPA 900 / 1900 / 2100,"HSPA 42.2/5.76 Mbps, LTE-A (2CA) Cat6 300/50 Mbps","2016, September","Available. Released 2016, September",153 x 75.3 x 7.6 mm (6.02 x 2.96 x 0.30 in),170 g (6.00 oz),"Hybrid Dual SIM (Nano-SIM/ Micro-SIM, dual stand-by)","IPS LCD capacitive touchscreen, 16M colors","5.5 inches, 83.4 cm2 (~72.4% screen-to-body ratio)","1080 x 1920 pixels, 16:9 ratio (~401 ppi density)",microSDXC (uses shared SIM slot),,,"13 MP, f/2.0, PDAF","LED flash, panorama, HDR",1080p@30fps,8 MP,,Yes,Yes,"Wi-Fi 802.11 b/g/n, Wi-Fi Direct, hotspot","4.0, A2DP","Yes, with A-GPS",FM radio,"2.0, Type-C 1.0 reversible connector, USB On-The-Go","Fingerprint (front-mounted), accelerometer, gyro, proximity, compass",,,,,eMMC 5.1,"Li-Po 3130 mAh, non-removable",Up to 558 h (3G),Up to 38 h 30 min (3G),,"Gold, Silver, Rose Gold",,,,,32GB 4GB RAM,,,Corning Gorilla Glass,,,"Android 6.0.1 (Marshmallow), Amigo 3.2",Octa-core (4x1.8 GHz Cortex-A53 & 4x1.0 GHz Cortex-A53),,,"1, 3, 7, 20, 38, 39, 40, 41",Mediatek MT6755 Helio P10 (28 nm),Mali-T860MP2,,,,,Z14,,,,,,,,,,,,,,,,,,,,,,,,,,
qmobile,QMobile Noir LT680,https://fdn2.gsmarena.com/vv/bigpic/QMobile_Noir_LT680.jpg,GSM / HSPA / LTE,GSM 900 / 1800 - SIM 1 & SIM 2,HSDPA 2100,"HSPA 42.2/11.5 Mbps, LTE Cat4 150/50 Mbps","2016, August","Available. Released 2016, August",145 x 71.5 x 9.2 mm (5.71 x 2.81 x 0.36 in),157.8 g (5.57 oz),Dual SIM (Micro-SIM),"IPS LCD capacitive touchscreen, 16M colors","5.0 inches, 68.9 cm2 (~66.5% screen-to-body ratio)","720 x 1280 pixels, 16:9 ratio (~294 ppi density)",microSDHC (dedicated slot),,,"8 MP, AF",LED flash,1080p@30fps,5 MP,,Yes,Yes,"Wi-Fi 802.11 b/g/n, hotspot","4.0, A2DP","Yes, with A-GPS",FM radio,microUSB 2.0,"Accelerometer, proximity, compass",,,,,,"Li-Po 4000 mAh, removable",Up to 666 h (2G) / Up to 571 h (3G),Up to 17 h (2G) / Up to 7 h (3G),,"Black, Gold",,,,,16GB 2GB RAM,,,Asahi Dragontrail Glass,,,Android 5.1 (Lollipop),Quad-core 1.0 GHz Cortex-A53,,,3,Mediatek MT6735P (28 nm),Mali-T720MP2,,,,,,,,,,,,,,,,,,,,,,,,,,,,,,,
qmobile,QMobile Noir LT700 Pro,https://fdn2.gsmarena.com/vv/bigpic/QMobile_Noir_LT700_PRO.jpg,GSM / HSPA / LTE,GSM 850 / 900 / 1800 / 1900 - SIM 1 & SIM 2,HSDPA 900 / 1900 / 2100,"HSPA 42.2/5.76 Mbps, LTE","2016, July","Available. Released 2016, July",145.3 x 70.5 x 8.5 mm (5.72 x 2.78 x 0.33 in),-,Dual SIM,"IPS LCD capacitive touchscreen, 16M colors","5.0 inches, 68.9 cm2 (~67.3% screen-to-body ratio)","720 x 1280 pixels, 16:9 ratio (~294 ppi density)",microSDHC (dedicated slot),,,"13 MP, f/2.2, PDAF","LED flash, panorama, HDR",1080p@30fps,"5 MP, f/2.2",,Yes,Yes,"Wi-Fi 802.11 b/g/n, Wi-Fi Direct, hotspot","2.0, A2DP","Yes, with A-GPS",FM radio,microUSB 2.0,"Accelerometer, proximity, compass",,,,,,"Li-Po 2400 mAh, removable",Up to 240 h (2G) / Up to 267 h (3G),Up to 28 h (2G) / Up to 11 h (3G),,"Pearl White, Grey",,,,,16GB 3GB RAM,,,,,,"Android 6.0 (Marshmallow), Amigo 3.1",Quad-core 1.3 GHz Cortex-A53,,,"1, 3, 7, 20, 38, 39, 40, 41",Mediatek MT6735 (28 nm),Mali-T720MP2,,,,,"LT700 PRO, LT700",,,,,,,,,,,,,,,,,,,,,,,,,,
qmobile,QMobile Noir S4,https://fdn2.gsmarena.com/vv/bigpic/QMobile_Noir_S4.jpg,GSM / HSPA,GSM 850 / 900 / 1800 / 1900 - SIM 1 & SIM 2,HSDPA 2100,HSPA 21.1/5.76 Mbps,"2016, June","Available. Released 2016, June",144.4 x 72.5 x 8.7 mm (5.69 x 2.85 x 0.34 in),150 g (5.29 oz),Dual SIM,"IPS LCD capacitive touchscreen, 16M colors","5.0 inches, 68.9 cm2 (~65.8% screen-to-body ratio)","720 x 1280 pixels, 16:9 ratio (~294 ppi density)",microSDXC,,,"8 MP, f/2.0, 1/4.0"", AF","LED flash, panorama, HDR",1080p@30fps,"8 MP, f/2.0",,Yes,Yes,"Wi-Fi 802.11 b/g/n, Wi-Fi Direct, hotspot","4.0, A2DP","Yes, with A-GPS",FM radio,microUSB 2.0,"Accelerometer, proximity",,,,,,"Li-Ion 3000 mAh, removable",Up to 430 h (2G) / Up to 410 h (3G),Up to 12 h (2G) / Up to 10 h (3G),,Gold,,,,,16GB 2GB RAM,,,,,,Android 6.0 (Marshmallow),Quad-core 1.3 GHz Cortex-A7,,,,Mediatek MT6580 (28 nm),Mali-400MP2,,,,,,,,,,,,,,,,,,,,,,,,,,,,,,,
qmobile,QMobile Noir LT750,https://fdn2.gsmarena.com/vv/bigpic/QMobile_Noir_LT750.jpg,GSM / HSPA / LTE,GSM 850 / 900 / 1800 / 1900 - SIM 1 & SIM 2,HSDPA 900 / 1900 / 2100,"HSPA 42.2/5.76 Mbps, LTE","2016, June","Available. Released 2016, June",144.2 x 71.5 x 8.1 mm (5.68 x 2.81 x 0.32 in),-,Dual SIM,"IPS LCD capacitive touchscreen, 16M colors","5.0 inches, 68.9 cm2 (~66.8% screen-to-body ratio)","720 x 1280 pixels, 16:9 ratio (~294 ppi density)",microSDHC,,,"8 MP, f/2.2, PDAF","LED flash, panorama, HDR",1080p@30fps,"5 MP, f/2.2",,Yes,Yes,"Wi-Fi 802.11 b/g/n, Wi-Fi Direct, hotspot","2.0, A2DP","Yes, with A-GPS",FM radio,"microUSB 2.0, USB On-The-Go","Accelerometer, proximity, compass",,,,,,"Li-Po 2400 mAh, removable",Up to 240 h (2G) / Up to 267 h (3G),Up to 28 h (2G) / Up to 11 h (3G),,White/Gold,,,,,16GB 3GB RAM,,,,,,"Android 5.1 (Lollipop), Amigo 3.1",Quad-core 1.3 GHz Cortex-A53,,,"1, 3, 7, 20, 38, 39, 40, 41",Mediatek MT6735 (28 nm),Mali-T720MP2,,,,,,,,,,,,,,,,,,,,,,,,,,,,,,,
qmobile,QMobile Noir i6 Metal HD,https://fdn2.gsmarena.com/vv/bigpic/QMobile_Noir_i6_Metal_HD.jpg,GSM / HSPA,GSM 850 / 900 / 1800 / 1900 - SIM 1 & SIM 2,HSDPA 900 / 2100,HSPA 21.1/5.76 Mbps,"2016, May","Available. Released 2016, May",145 x 73.1 x 9.7 mm (5.71 x 2.88 x 0.38 in),-,Dual SIM,"IPS LCD capacitive touchscreen, 16M colors","5.0 inches, 68.9 cm2 (~65.0% screen-to-body ratio)","720 x 1280 pixels, 16:9 ratio (~294 ppi density)",microSDXC,,,"8 MP, AF","LED flash, panorama, HDR",1080p@30fps,2 MP,,Yes,Yes,"Wi-Fi 802.11 b/g/n, Wi-Fi Direct, hotspot","4.0, A2DP","Yes, with A-GPS",FM radio,microUSB 2.0,"Accelerometer, proximity, compass",,,,,,"Li-Ion 2000 mAh, removable",Up to 336 h (3G),Up to 23 h (2G) / Up to 20 h (3G),,"Gold, Rose Gold, Silver Black",,,,,16GB 1GB RAM,,,,,,Android 6.0 (Marshmallow),Quad-core 1.3 GHz Cortex-A7,,,,Mediatek MT6580 (28 nm),Mali-400MP2,,,,,i6 Metal HD,,,,,,,,,,,,,,,,,,,,,,,,,,
qmobile,QMobile Noir A6,https://fdn2.gsmarena.com/vv/bigpic/QMobile_Noir_A6.jpg,GSM / HSPA / LTE,GSM 850 / 900 / 1800 / 1900 - SIM 1 & SIM 2,HSDPA 900 / 2100,"HSPA 42.2/5.76 Mbps, LTE Cat4 150/50 Mbps","2016, May","Available. Released 2016, May",143 x 70.7 x 8.6 mm (5.63 x 2.78 x 0.34 in),-,"Dual SIM (Mini-SIM/ Micro-SIM, dual stand-by)","IPS LCD capacitive touchscreen, 16M colors","5.0 inches, 68.9 cm2 (~68.2% screen-to-body ratio)","720 x 1280 pixels, 16:9 ratio (~294 ppi density)",microSDXC,,,"13 MP, AF","LED flash, panorama, HDR",1080p@30fps,5 MP,,Yes,Yes,"Wi-Fi 802.11 b/g/n, hotspot","4.0, A2DP","Yes, with A-GPS",FM radio,microUSB 2.0,"Fingerprint (front-mounted), accelerometer, proximity, compass",,,,,,"Li-Ion 2500 mAh, removable",Up to 240 h (2G) / Up to 267 h (3G),Up to 28 h (2G) / Up to 11 h (3G),,"Black, White",,,,,32GB 3GB RAM,,,,,,Android 5.1 (Lollipop),Quad-core 1.3 GHz Cortex-A53,,,"1, 3, 20",Mediatek MT6735 (28 nm),Mali-T720MP2,,LED flash,,,,,,,,,,,,,,,,,,,,,,,,,,,,,
qmobile,QMobile Noir S9,https://fdn2.gsmarena.com/vv/bigpic/qmobile-noir-z9-plus.jpg,GSM / HSPA,GSM 900 / 1800 - SIM 1 & SIM 2,HSDPA 2100,HSPA 21.1/11.5 Mbps,"2016, March","Available. Released 2016, March",143.5 x 69.4 x 8 mm (5.65 x 2.73 x 0.31 in),133 g (4.69 oz),Dual SIM,"IPS LCD capacitive touchscreen, 16M colors","5.0 inches, 68.9 cm2 (~69.2% screen-to-body ratio)","720 x 1280 pixels, 16:9 ratio (~294 ppi density)",microSDHC (dedicated slot),,,"13 MP, f/2.2, AF","Dual-LED dual-tone flash, HDR, panorama",1080p@30fps,"13 MP, f/2.2, AF",,Yes,Yes,"Wi-Fi 802.11 b/g/n, hotspot","4.0, A2DP","Yes, with A-GPS",Stereo FM radio,"microUSB 2.0, USB On-The-Go","Fingerprint (rear-mounted), accelerometer, proximity, compass",,,,,,"Li-Po 3000 mAh, non-removable",Up to 430 h (2G) / Up to 410 h (3G),Up to 12 h (2G) / Up to 10 h (3G),,"White, Black",,,,,16GB 2GB RAM,,,Asahi Dragontrail Glass,,,Android 5.1 (Lollipop),Octa-core 1.4 GHz Cortex-A7,,,,Mediatek MT6592M (28 nm),Mali-450,,LED flash,,,,,,,,,,,,,,,,,,,,,,,,,,,,,
qmobile,QMobile Noir Z9 Plus,https://fdn2.gsmarena.com/vv/bigpic/qmobile-noir-z9-plus1.jpg,GSM / HSPA / LTE,GSM 850 / 900 / 1800 / 1900 - SIM 1 & SIM 2,HSDPA 900 / 1900 / 2100,"HSPA 42.2/5.76 Mbps, LTE Cat4 150/50 Mbps","2016, March","Available. Released 2016, March",155 x 76.4 x 7.2 mm (6.10 x 3.01 x 0.28 in),158 g (5.57 oz),Dual SIM,"AMOLED capacitive touchscreen, 16M colors","5.5 inches, 83.4 cm2 (~70.4% screen-to-body ratio)","720 x 1280 pixels, 16:9 ratio (~267 ppi density)",microSDXC (dedicated slot),,,"13 MP, f/2.0, AF","LED flash, HDR, panorama",1080p@30fps,"5 MP, f/2.8",,Yes,Yes,"Wi-Fi 802.11 b/g/n, Wi-Fi Direct, hotspot","4.0, A2DP","Yes, with A-GPS",FM radio,"2.0, Type-C 1.0 reversible connector","Accelerometer, proximity, compass",,,,,,"Li-Ion 3150 mAh, removable",Up to 315 h (2G) / Up to 252 h (3G),Up to 21 h (2G) / Up to 9 h (3G),,"White, Gold, Dark Blue",,,,,16GB 2GB RAM,,,Corning Gorilla Glass 3,,,"Android 5.1.1 (Lollipop), Amigo 3.1",Octa-core 1.3 GHz Cortex-A53,,,"1, 3, 7, 20",Mediatek MT6753 (28 nm),Mali-T720MP3,,,,,,,,,,,,,,,,,,,,,,,,,,,,,,,
qmobile,QMobile Noir Z12,https://fdn2.gsmarena.com/vv/bigpic/qmobile-noir-z12.jpg,GSM / HSPA / LTE,GSM 850 / 900 / 1800 / 1900,HSDPA,"HSPA 42.2/11.5 Mbps, LTE Cat4 150/50 Mbps","2016, February","Available. Released 2016, February",151.9 x 74.6 x 6.9 mm (5.98 x 2.94 x 0.27 in),147 g (5.19 oz),"Hybrid Dual SIM (Nano-SIM/ Micro-SIM, dual stand-by)","AMOLED capacitive touchscreen, 16M colors","5.5 inches, 83.4 cm2 (~73.6% screen-to-body ratio)","720 x 1280 pixels, 16:9 ratio (~267 ppi density)",microSDXC (uses shared SIM slot),,,"13 MP, f/2.0, AF",LED flash,1080p@30fps,5 MP,,Yes,Yes,"Wi-Fi 802.11 b/g/n, Wi-Fi Direct, hotspot","4.0, A2DP","Yes, with A-GPS",FM radio,"2.0, Type-C 1.0 reversible connector","Accelerometer, proximity",,,,,,"Li-Ion 3150 mAh, non-removable",,,,Gold,,Yes,Yes,,32GB 3GB RAM,,,,,,"Android 5.1.1 (Lollipop), Amigo OS 3.1",Octa-core 1.3 GHz Cortex-A53,,,LTE (unspecified),Mediatek MT6753 (28 nm),Mali-T720MP3,,,,,Z12,,,,,,,,,,,,,,,,,,,,,,,,,,
qmobile,QMobile Noir Z10,https://fdn2.gsmarena.com/vv/bigpic/qmobile-noir-z10.jpg,GSM / HSPA / LTE,GSM 850 / 900 / 1800 / 1900,HSDPA 900 / 2100,"HSPA 42.2/11.5 Mbps, LTE Cat4 150/50 Mbps","2015, October. Released 2015, November",Discontinued,149.5 x 73.6 x 8.6 mm (5.89 x 2.90 x 0.34 in),141 g (4.97 oz),"Dual SIM (Micro-SIM, dual stand-by)","IPS LCD capacitive touchscreen, 16M colors","5.2 inches, 74.5 cm2 (~67.7% screen-to-body ratio)","1080 x 1920 pixels, 16:9 ratio (~424 ppi density)",microSDXC,,,"13 MP, f/2.2, PDAF","LED flash, HDR, panorama",1080p@30fps,"5 MP, f/2.2",1080p@30fps,Yes,Yes,"Wi-Fi 802.11 b/g/n, Wi-Fi Direct, DLNA, hotspot","4.0, A2DP","Yes, with A-GPS",FM radio,microUSB 2.0,"Accelerometer, gyro, proximity, compass",,,,,,"Li-Ion 2900 mAh, non-removable",Up to 275 h (3G),Up to 10 h (3G),,"Black, White",,,,,16GB 3GB RAM,,,Corning Gorilla Glass 3,,,"Android 5.1.1 (Lollipop), upgradable to 6.0 (Marshmallow)",Octa-core 1.3 GHz Cortex-A53,,,"1, 3, 20",Mediatek MT6753V,Mali-T720MP3,,LED flash,,,Z10,,,,,,,,,,,,,,,,,,,,,,,,,,
qmobile,QMobile Noir E8,https://fdn2.gsmarena.com/vv/bigpic/qmobile-noir-e8.jpg,GSM / HSPA / LTE,GSM 850 / 900 / 1800 / 1900 - SIM 1 & SIM 2,HSDPA 900 / 1900 / 2100,"HSPA 42.2/5.76 Mbps, LTE Cat4 150/50 Mbps","2015, November. Released 2015, November",Discontinued,164 x 82.3 x 9.6 mm (6.46 x 3.24 x 0.38 in),210 g (7.41 oz),"Dual SIM (Micro-SIM, dual stand-by)","AMOLED capacitive touchscreen, 16M colors","6.0 inches, 99.2 cm2 (~73.5% screen-to-body ratio)","1440 x 2560 pixels, 16:9 ratio (~490 ppi density)",microSDXC,,,"24 MP, 1/2.3"", PDAF, OIS","Dual-LED dual-tone flash, panorama, HDR",4K@30fps,"8 MP, AF",,"Yes, with stereo speakers",Yes,"Wi-Fi 802.11 a/b/g/n/ac, dual-band, Wi-Fi Direct, hotspot","4.0, A2DP, EDR","Yes, with A-GPS","FM radio, recording","microUSB 2.0, USB On-The-Go","Fingerprint (rear-mounted), accelerometer, gyro, proximity, compass",,,,,eMMC 5.0,"Li-Po 3500 mAh, non-removable",Up to 437 h (2G) / Up to 500 h (3G),Up to 39 h (2G) / Up to 20 h (3G),,"Black, Gold",About 400 EUR,,,24-bit/192kHz audio,64GB 3GB RAM,,,,,,"Android 5.1 (Lollipop), Amigo 3.1",Octa-core 2.0 GHz Cortex-A53,,,"1, 3, 7, 20, 38, 39, 40, 41",Mediatek MT6795 Helio X10 (28 nm),PowerVR G6200,,,,,,,,,Yes,,,,,,,,,,,,,,,,,,,,,,
qmobile,QMobile Noir S2,https://fdn2.gsmarena.com/vv/bigpic/qmobile-noir-s2.jpg,GSM / HSPA,GSM 850 / 900 / 1800 / 1900 - SIM 1 & SIM 2,HSDPA 900 / 2100,HSPA 21.1/5.76 Mbps,"2015, November. Released 2015, November",Discontinued,142.5 x 71 x 9.3 mm (5.61 x 2.80 x 0.37 in),-,"Dual SIM (Micro-SIM, dual stand-by)","IPS LCD capacitive touchscreen, 16M colors","5.0 inches, 68.9 cm2 (~68.1% screen-to-body ratio)","720 x 1280 pixels, 16:9 ratio (~294 ppi density)",microSDHC,,,"8 MP, AF","LED flash, HDR, panorama",1080p@30fps,5 MP,,Yes,Yes,"Wi-Fi 802.11 b/g/n, Wi-Fi Direct, hotspot","4.0, A2DP","Yes, with A-GPS",FM radio,microUSB 2.0,"Accelerometer, proximity, compass",,,,,,"Li-Ion 2000 mAh, removable",Up to 336 h (2G) / Up to 336 h (3G),Up to 23 h (2G) / Up to 20 h (3G),,Black,,,,,8GB 1GB RAM,,,,,,Android 5.1 (Lollipop),Quad-core 1.3 GHz Cortex-A7,,,,Mediatek MT6580 (28 nm),Mali-400MP2,,,,,S2,,,,,,,,,,,,,,,,,,,,,,,,,,
qmobile,QMobile Noir S5,https://fdn2.gsmarena.com/vv/bigpic/qmobile-noir-s5.jpg,GSM / HSPA,GSM 850 / 900 / 1800 / 1900 - SIM 1 & SIM 2,HSDPA 900 / 2100,HSPA 21.1/5.76 Mbps,"2015, August. Released 2015, August",Discontinued,141 x 68.4 x 7.5 mm (5.55 x 2.69 x 0.30 in),-,"Dual SIM (Micro-SIM, dual stand-by)","AMOLED capacitive touchscreen, 16M colors","4.8 inches, 63.5 cm2 (~65.9% screen-to-body ratio)","720 x 1280 pixels, 16:9 ratio (~306 ppi density)",microSDXC,,,"8 MP, AF","LED flash, panorama, HDR",1080p@30fps,8 MP,,Yes,Yes,"Wi-Fi 802.11 b/g/n, Wi-Fi Direct, hotspot","4.0, A2DP","Yes, with A-GPS",FM radio,microUSB 2.0,"Accelerometer, proximity, gravity",,,,,,Li-Ion 2300 mAh battery,Up to 750 h (2G) / Up to 675 h (3G),Up to 24 h (2G) / Up to 12 h (3G),,Black/White,About 130 EUR,,,,8GB 1GB RAM,,,Corning Gorilla Glass 3,,,Android 5.0 (Lollipop),Quad-core 1.3 GHz Cortex-A7,,,,Mediatek MT6582 (28 nm),Mali-400MP2,,LED flash,,,,,,,,,,,,,,,,,,,,,,,,,,,,,
qmobile,QMobile Linq L15,https://fdn2.gsmarena.com/vv/bigpic/qmobile-linq-l15.jpg,GSM / HSPA,GSM 850 / 900 / 1800 / 1900 - SIM 1 & SIM 2,HSDPA 900 / 2100,HSPA 21.1/5.76 Mbps,"2015, July. Released 2015, July",Discontinued,143 x 71 x 8.5 mm (5.63 x 2.80 x 0.33 in),-,"Dual SIM (Micro-SIM, dual stand-by)","IPS LCD capacitive touchscreen, 16M colors","5.0 inches, 68.9 cm2 (~67.9% screen-to-body ratio)","720 x 1280 pixels, 16:9 ratio (~294 ppi density)",microSDXC,,,"8 MP, AF",LED flash,720p@30fps,5 MP,,Yes,Yes,"Wi-Fi 802.11 b/g/n, hotspot","4.0, A2DP","Yes, with A-GPS",FM radio,microUSB 2.0,"Accelerometer, proximity",,,,,,Li-Ion 2800 mAh battery,Up to 374 h (3G),Up to 9 h (3G),,Black,,,,,8GB 1GB RAM,,,Corning Gorilla Glass 3,,,Android 5.0 (Lollipop),Quad-core 1.3 GHz Cortex-A7,,,,Mediatek MT6582 (28 nm),Mali-400MP2,,,,,,,,,,,,,,,,,,,,,,,,,,,,,,,
qmobile,QMobile Noir Z9,https://fdn2.gsmarena.com/vv/bigpic/qmobile-noir-z9.jpg,GSM / HSPA / LTE,GSM 850 / 900 / 1800 / 1900,HSDPA 850 / 1700(AWS) / 1900 / 2100,"HSPA 21.1/5.76 Mbps, LTE Cat4 150/50 Mbps","2015, July. Released 2015, July",Discontinued,141 x 68 x 5.1 mm (5.55 x 2.68 x 0.20 in),97 g (3.42 oz),Nano-SIM,"AMOLED capacitive touchscreen, 16M colors","4.8 inches, 63.5 cm2 (~66.2% screen-to-body ratio)","720 x 1280 pixels, 16:9 ratio (~306 ppi density)",No,,,"8 MP, AF","LED flash, HDR, panorama",1080p@30fps,5 MP,1080p@30fps,Yes,Yes,"Wi-Fi 802.11 b/g/n, hotspot","4.0, A2DP","Yes, with A-GPS",Stereo FM radio,"microUSB 2.0, USB On-The-Go","Accelerometer, proximity",,,,,eMMC 4.5,"Li-Po 2000 mAh, non-removable",Up to 345 h (3G),Up to 8 h (3G),,Black,About 230 EUR,,,,16GB 2GB RAM,,,Corning Gorilla Glass 3,,,Android 5.0 (Lollipop),Quad-core 1.2 GHz Cortex-A53,,,"3, 5, 20",Qualcomm MSM8916 Snapdragon 410 (28 nm),Adreno 306,,,,,,,,,,,,,,,,,,,,,,,,,,,,,,,
qmobile,QMobile A1,https://fdn2.gsmarena.com/vv/bigpic/qmobile-a1.jpg,GSM / HSPA,GSM 850 / 900 / 1800 / 1900 - SIM 1 & SIM 2,HSDPA 850 / 2100,HSPA 42.2/11.5 Mbps,"2015, July. Released 2015, July",Discontinued,132 x 67 x 9.2 mm (5.20 x 2.64 x 0.36 in),138 g (4.87 oz),Dual SIM,"IPS LCD capacitive touchscreen, 16M colors","4.5 inches, 44.2 cm2 (~50.0% screen-to-body ratio)","480 x 854 pixels, 16:9 ratio (~245 ppi density)",microSDXC,,,"5 MP, AF",LED flash,1080p@30fps,2 MP,,Yes,Yes,"Wi-Fi 802.11 b/g/n, hotspot","4.0, A2DP","Yes, with A-GPS",Stereo FM radio,microUSB 2.0,"Accelerometer, gyro, proximity, compass",,,,,,Li-Ion 1700 mAh battery,Up to 160 h (3G),Up to 8 h (3G),,Black,About 100 EUR,,,,8GB 1GB RAM,,,,,,"Android 5.1 (Lollipop), upgradable to 6.0 (Marshmallow)",Quad-core 1.3 GHz Cortex-A7,,,,Mediatek MT6582 (28 nm),Mali-400MP2,,,,,,,,,,,,,,,,,,,,,,,,,,,,,,,
qmobile,QMobile Noir S1,https://fdn2.gsmarena.com/vv/bigpic/qmobile-noir-s1.jpg,GSM / HSPA,GSM 850 / 900 / 1800 / 1900 - SIM 1 & SIM 2,HSDPA 850 / 2100,HSPA 42.2/11.5 Mbps,"2015, July. Released 2015, July",Discontinued,143 x 71.8 x 8.9 mm (5.63 x 2.83 x 0.35 in),152 g (5.36 oz),Dual SIM,"IPS LCD capacitive touchscreen, 16M colors","5.0 inches, 68.9 cm2 (~67.1% screen-to-body ratio)","480 x 854 pixels, 16:9 ratio (~196 ppi density)",microSDXC,,,"5 MP, AF",LED flash,720p,5 MP,,Yes,Yes,"Wi-Fi 802.11 b/g/n, hotspot","4.0, LE",A-GPS only,FM radio,microUSB 2.0,"Accelerometer, proximity",,,,,,"Li-Ion 2000 mAh, removable",Up to 200 h (3G),Up to 10 h (3G),,Black,About 100 EUR,,,,8GB 1GB RAM,,,,,,Android 5.0 (Lollipop),Quad-core 1.3 GHz Cortex-A7,,,,Mediatek MT6582M (28 nm),Mali-400MP2,,,,,S1,,,,,,,,,,,,,,,,,,,,,,,,,,
qmobile,QMobile Power3,https://fdn2.gsmarena.com/vv/bigpic/qmobile-power3.jpg,GSM,GSM 900 / 1800 - SIM 1 & SIM 2,,,"2015, June. Released 2015, June",Discontinued,124.5 x 51.5 x 13.5 mm (4.90 x 2.03 x 0.53 in),-,Dual SIM,"TFT, 65K colors","2.4 inches, 17.8 cm2 (~27.8% screen-to-body ratio)","240 x 320 pixels, 4:3 ratio (~167 ppi density)",microSDHC,Yes,Yes,Yes,LED flash,Yes,,,Yes,Yes,No,2.0,No,FM radio,microUSB 2.0,No,"SMS, MMS",,Downloadable,No,No,Li-Ion 2500 mAh battery,,,,Black,About 20 EUR,Yes,No,MP4/H.263 player Organizer Voice memo,32MB 32MB RAM,,,,,,,,,,,,,,,,,,,,,,,,,,,,,,,,,,,,,,,,,,,
qmobile,QMobile T50 Bolt,https://fdn2.gsmarena.com/vv/bigpic/qmobile-bolt-t50.jpg,GSM / HSPA,GSM 900 / 1800 - SIM 1 & SIM 2,HSDPA 900 / 2100,HSPA 21.1/5.76 Mbps,"2015, June. Released 2015, June",Discontinued,124 x 64.5 x 11.2 mm (4.88 x 2.54 x 0.44 in),-,Dual SIM,"TFT capacitive touchscreen, 256K colors","4.0 inches, 45.5 cm2 (~56.9% screen-to-body ratio)","480 x 800 pixels, 5:3 ratio (~233 ppi density)",microSDHC,,,VGA,LED flash,Yes,VGA,,Yes,Yes,"Wi-Fi 802.11 b/g/n, hotspot","4.0, A2DP",A-GPS only,FM radio,microUSB 2.0,Accelerometer,,,,,,Li-Ion 1200 mAh battery,Up to 155 h (3G),Up to 4 h 30 min (3G),,Black,About 50 EUR,,,,4GB 512MB RAM,,,,,,Android 4.4.2 (KitKat),1.0 GHz,,,,Spreadtrum 7715,,,,,,,,,,,,,,,,,,,,,,,,,,,,,,,,
qmobile,QMobile T200 Bolt,https://fdn2.gsmarena.com/vv/bigpic/qmobile-t200.jpg,GSM / HSPA,GSM 900 / 1800 - SIM 1 & SIM 2,HSDPA 900 / 2100,HSPA 21.1/5.76 Mbps,"2015, June. Released 2015, June",Discontinued,124 x 64.5 x 11.2 mm (4.88 x 2.54 x 0.44 in),-,Dual SIM,TFT capacitive touchscreen,"4.0 inches, 45.5 cm2 (~56.9% screen-to-body ratio)","480 x 800 pixels, 5:3 ratio (~233 ppi density)",microSDHC,,,2 MP,LED flash,Yes,VGA,,Yes,Yes,"Wi-Fi 802.11 b/g/n, hotspot","4.0, A2DP",A-GPS only,FM radio,microUSB 2.0,Accelerometer,,,,,,Li-Ion 1450 mAh battery,Up to 279 h,Up to 5 h,,Black,About 60 EUR,,,,4GB 512MB RAM,,,,,,Android 4.4.2 (KitKat),Quad-core 1.2 GHz,,,,Spreadtrum 7731,,,,,,,,,,,,,,,,,,,,,,,,,,,,,,,,
qmobile,QMobile Noir X950,https://fdn2.gsmarena.com/vv/bigpic/qmobile-x950.jpg,GSM / HSPA / LTE,GSM 850 / 900 / 1800 / 1900 - SIM 1 & SIM 2,HSDPA 900 / 2100,"HSPA 21.1/5.76 Mbps, LTЕ","2015, June. Released 2015, June",Discontinued,139 x 68 x 5.9 mm (5.47 x 2.68 x 0.23 in),-,Dual SIM,"Super AMOLED capacitive touchscreen, 16M colors","5.0 inches, 68.9 cm2 (~72.9% screen-to-body ratio)","720 x 1280 pixels, 16:9 ratio (~294 ppi density)",microSDHC,,,13 MP,"LED flash, HDR, panorama",720p@30fps,5 MP,,Yes,Yes,"Wi-Fi 802.11 b/g/n, hotspot","4.0, A2DP","Yes, with A-GPS",Stereo FM radio,"microUSB 2.0, USB On-The-Go","Accelerometer, proximity, compass",,,,,,Li-Ion 2500 mAh battery,,,,Black,About 200 EUR,,,,16GB 2GB RAM,,,,,,Android 4.4.2 (KitKat),Octa-core 1.5 GHz Cortex-A53,,,"1, 3, 7",Mediatek MT6752M,Mali-T760MP2,,,,,,,,,,,,,,,,,,,,,,,,,,,,,,,
qmobile,QMobile QTab V10,https://fdn2.gsmarena.com/vv/bigpic/qtab-v10.jpg,GSM / HSPA,GSM 850 / 900 / 1800 / 1900,HSDPA 850 / 900 / 1900 / 2100,HSPA 42.2/11.5 Mbps,"2015, May. Released 2015, May",Discontinued,-,-,Nano-SIM,"IPS LCD capacitive touchscreen, 16M colors","7.85 inches, 190.8 cm2","768 x 1024 pixels, 4:3 ratio (~163 ppi density)",microSDHC (dedicated slot),,,"5 MP, AF",,720p@30fps,2 MP,,Yes,Yes,"Wi-Fi 802.11 b/g/n, hotspot","4.0, A2DP",Yes,"Stereo FM radio, RDS","microUSB 2.0, USB On-The-Go","Accelerometer, compass",,,,,,Li-Ion 4700 mAh battery,,,,Black,About 120 EUR,,,,8GB 1GB RAM,,,,,,Android 4.4 (KitKat),Quad-core 1.3 GHz Cortex-A7,,,,Mediatek MT8382 (28 nm),Mali-400MP2,,,,,,,,,,,,,,,,,,,,,,,,,,,,,,,
qmobile,QMobile Explorer 3G,https://fdn2.gsmarena.com/vv/bigpic/qmobile-explorer-3g.jpg,GSM / HSPA,GSM 850 / 900 / 1800 / 1900 - SIM 1 & SIM 2,HSDPA 850 / 900 / 1900 / 2100,HSPA 7.2/5.76 Mbps,"2015, May. Released 2015, May",Discontinued,131 x 56 x 12.4 mm (5.16 x 2.20 x 0.49 in),-,Dual SIM,"TFT, 65K colors","2.8 inches, 24.3 cm2 (~33.1% screen-to-body ratio)","240 x 320 pixels, 4:3 ratio (~143 ppi density)",microSDHC,Yes,Yes,2 MP,,320p@15fps,VGA,,Yes,Yes,Wi-Fi 802.11 b/g/n,2.0,No,FM radio,microUSB 2.0,No,"SMS(threaded view), MMS, Email, IM",,Downloadable,No,MP4/H.263 player Organizer Voice memo,Li-Ion 1450 mAh battery,,,,Black,About 40 EUR,,,,128MB 64MB RAM,,,,,,,,,,,,,,,,,,,,,,,,,,,,,,,,,,,,,,,,,,,
qmobile,QMobile Noir i8,https://fdn2.gsmarena.com/vv/bigpic/qmobile-i8.jpg,GSM / HSPA,GSM 850 / 900 / 1800 / 1900 - SIM 1 & SIM 2,HSDPA 900 / 2100,HSPA 21.1/5.76 Mbps,"2015, May. Released 2015, May",Discontinued,139 x 71.6 x 8.8 mm (5.47 x 2.82 x 0.35 in),151 g (5.33 oz),"Dual SIM (Mini-SIM/ Micro-SIM, dual stand-by)","IPS LCD capacitive touchscreen, 16M colors","4.7 inches, 62.9 cm2 (~63.2% screen-to-body ratio)","480 x 800 pixels, 5:3 ratio (~199 ppi density)",microSDHC,,,"8 MP, AF",LED flash,Yes,2 MP,,"Yes, with stereo speakers",Yes,"Wi-Fi 802.11 b/g/n, Wi-Fi Direct, hotspot","4.0, A2DP","Yes, with A-GPS",FM radio,"microUSB 2.0, USB On-The-Go","Accelerometer, proximity",,,,,,Li-Ion 2120 mAh battery,Up to 360 h (2G) / Up to 360 h (3G),Up to 16 h 30 min (2G) / Up to 15 h 30 min (3G),,Black,About 100 EUR,,,,8GB 1GB RAM,,,,,,Android 5.0 (Lollipop),Quad-core 1.3 GHz Cortex-A7,,,,Mediatek MT6582M (28 nm),Mali-400MP2,,,,,,,,,,,,,,,,,,,,,,,,,,,,,,,
qmobile,QMobile Noir X450,https://fdn2.gsmarena.com/vv/bigpic/qmobile-x450.jpg,GSM / HSPA,GSM 850 / 900 / 1800 / 1900 - SIM 1 & SIM 2,HSDPA 900 / 2100,HSPA 21.1/5.76 Mbps,"2015, May. Released 2015, May",Discontinued,142.8 x 74.3 x 8.6 mm (5.62 x 2.93 x 0.34 in),150 g (5.29 oz),Dual SIM,"TFT capacitive touchscreen, 16M colors","5.0 inches, 68.9 cm2 (~64.9% screen-to-body ratio)","480 x 854 pixels, 16:9 ratio (~196 ppi density)",microSDHC,,,"5 MP, AF","LED flash, panorama",1080p@30fps,2 MP,,Yes,Yes,"Wi-Fi 802.11 b/g/n, hotspot","4.0, A2DP","Yes, with A-GPS",FM radio,microUSB 2.0,"Accelerometer, proximity, compass",,,,,,Li-Ion 1950 mAh battery,Up to 162 h (2G) / Up to 108 h (3G),Up to 13 h 30 min (2G) / Up to 9 h 30 min (3G),,Black,About 160 EUR,,,,8GB 1GB RAM,,,,,,Android 4.4.2 (KitKat),Quad-core 1.3 GHz Cortex-A7,,,,Mediatek MT6582M (28 nm),Mali-400MP2,,LED flash,,,,,,,,,,,,,,,,,,,,,,,,,,,,,
qmobile,QMobile Noir Z8 Plus,https://fdn2.gsmarena.com/vv/bigpic/qmobile-z8-plus.jpg,GSM / HSPA / LTE,GSM 850 / 900 / 1800 / 1900 - SIM 1 & SIM 2,HSDPA 850 / 1700(AWS) / 1900,"HSPA 42.2/5.76 Mbps, LTE Cat4 150/50 Mbps","2015, May. Released 2015, May",Discontinued,143.5 x 72 x 7.5 mm (5.65 x 2.83 x 0.30 in),-,Dual SIM,"IPS LCD capacitive touchscreen, 16M colors","5.5 inches, 83.4 cm2 (~80.7% screen-to-body ratio)","720 x 1280 pixels, 16:9 ratio (~267 ppi density)",microSDXC,,,"13 MP, AF","LED flash, HDR, panorama",1080p@30fps,5 MP,1080p@30fps,Yes,Yes,"Wi-Fi 802.11 a/b/g/n, dual-band, Wi-Fi Direct, hotspot","4.0, A2DP","Yes, with A-GPS",Stereo FM radio,"microUSB 2.0, USB On-The-Go","Accelerometer, gyro, proximity",,,,,eMMC 4.5,"Li-Ion 2820 mAh, removable",Up to 710 h (2G) / Up to 660 h (3G),Up to 28 h (2G) / Up to 17 h (3G),,Black,About 180 EUR,,,,16GB 2GB RAM,,,Corning Gorilla Glass 3,,,Android 4.4.2 (KitKat),Quad-core 1.2 GHz Cortex-A53,,,"3, 5, 20",Qualcomm MSM8916 Snapdragon 410 (28 nm),Adreno 306,,,,,,,,,,,,,,,,,,,,,,,,,,,,,,,
qmobile,QMobile Noir X350,https://fdn2.gsmarena.com/vv/bigpic/qmobile-x350.jpg,GSM / HSPA,GSM 850 / 900 / 1800 / 1900 - SIM 1 & SIM 2,HSDPA 900 / 2100,HSPA 21.1/5.76 Mbps,"2015, April. Released 2015, April",Discontinued,131.5 x 66 x 8.5 mm (5.18 x 2.60 x 0.33 in),-,Dual SIM,"TFT capacitive touchscreen, 256K colors","4.5 inches, 55.8 cm2 (~64.3% screen-to-body ratio)","480 x 854 pixels, 16:9 ratio (~218 ppi density)",microSDHC,,,"5 MP, AF",LED flash,Yes,2 MP,,Yes,Yes,"Wi-Fi 802.11 b/g/n, hotspot","4.0, A2DP",A-GPS only,FM radio,microUSB 2.0,"Accelerometer, proximity, compass",,,,,,Li-Po 1800 mAh battery,Up to 386 h (2G) / Up to 386 h (3G),Up to 16 h 30 min (2G) / Up to 11 h (3G),,Black,About 110 EUR,,,,8GB 1GB RAM,,,,,,Android 4.4.2 (KitKat),Quad-core 1.3 GHz Cortex-A7,,,,Mediatek MT6582V/X,Mali-400MP2,,,,,,,,,,,,,,,,,,,,,,,,,,,,,,,
qmobile,QMobile Noir LT600,https://fdn2.gsmarena.com/vv/bigpic/qmobile-lt600.jpg,GSM / HSPA / LTE,GSM 850 / 900 / 1800 / 1900 - SIM 1 & SIM 2,HSDPA 900 / 2100,"HSPA, LTE","2015, March. Released 2015, March",Discontinued,143 x 70.7 x 6.9 mm (5.63 x 2.78 x 0.27 in),-,Dual SIM,"TFT capacitive touchscreen, 16M colors","5.0 inches, 68.9 cm2 (~68.2% screen-to-body ratio)","720 x 1280 pixels, 16:9 ratio (~294 ppi density)",microSDHC,,,"8 MP, AF","LED flash, panorama",720p@30fps,5 MP,,Yes,Yes,"Wi-Fi 802.11 b/g/n, Wi-Fi Direct, hotspot","4.0, A2DP","Yes, with A-GPS",FM radio,microUSB 2.0,"Accelerometer, proximity, compass",,,,,eMMC 4.5,Li-Ion 2000 mAh battery,,,,Black,About 160 EUR,,,,8GB 1GB RAM,,,,,,Android 4.4.2 (KitKat),Quad-core 1.2 GHz Cortex-A7,,,"39, 40, 41",Qualcomm MSM8926 Snapdragon 400 (28 nm),Adreno 305,,LED flash,,,,,,,,,,,,,,,,,,,,,,,,,,,,,
qmobile,QMobile Noir M300,https://fdn2.gsmarena.com/vv/bigpic/qmobile-m300.jpg,GSM / HSPA,GSM 850 / 900 / 1800 / 1900 - SIM 1 & SIM 2,HSDPA 900 / 2100,HSPA 21.1/5.76 Mbps,"2015, March. Released 2015, March",Discontinued,144.5 x 71.5 x 10.4 mm (5.69 x 2.81 x 0.41 in),180 g (6.35 oz),Dual SIM,"IPS LCD capacitive touchscreen, 16M colors","5.0 inches, 68.9 cm2 (~66.7% screen-to-body ratio)","720 x 1280 pixels, 16:9 ratio (~294 ppi density)",microSDHC,,,"8 MP, AF","LED flash, panorama",720p@30fps,2 MP,,Yes,Yes,"Wi-Fi 802.11 b/g/n, hotspot","4.0, A2DP","Yes, with A-GPS",FM radio,"microUSB 2.0, USB On-The-Go","Accelerometer, proximity, compass",,,,,,Li-Ion 5000 mAh battery,Up to 1090 h (2G) / Up to 1090 h (3G),Up to 52 h (2G) / Up to 33 h (3G),,Black,About 160 EUR,,,,8GB 1GB RAM,,,,,,Android 4.4.2 (KitKat),Quad-core 1.3 GHz Cortex-A7,,,,Mediatek MT6582 (28 nm),Mali-400MP2,,,,,,,,,,,,,,,,,,,,,,,,,,,,,,,
qmobile,QMobile W1,https://fdn2.gsmarena.com/vv/bigpic/qmobile-w1.jpg,GSM / HSPA,GSM 850 / 900 / 1800 / 1900 - SIM 1 & SIM 2,HSDPA 900 / 2100,HSPA 21.1/5.76 Mbps,"2015, March. Released 2015, March",Discontinued,126 x 64 x 10.5 mm (4.96 x 2.52 x 0.41 in),-,Dual SIM,"TFT capacitive touchscreen, 16M colors","4.0 inches, 45.5 cm2 (~56.5% screen-to-body ratio)","480 x 800 pixels, 5:3 ratio (~233 ppi density)",microSDHC,,,"5 MP, AF",LED flash,720p@30fps,VGA,,Yes,Yes,"Wi-Fi 802.11 b/g/n, hotspot","4.0, A2DP",A-GPS only,FM radio,microUSB 2.0,"Accelerometer, proximity",,,,,eMMC 4.5,Li-Ion 1950 mAh battery,,,,Black,About 60 EUR,,,,4GB 512MB RAM,,,,,,Microsoft Windows Phone 8.1,Quad-core 1.2 GHz Cortex-A7,,,,Qualcomm MSM8212 Snapdragon 200 (28 nm),Adreno 302,,,,,,,,,,,,,,,,,,,,,,,,,,,,,,,
qmobile,QMobile Noir Z8,https://fdn2.gsmarena.com/vv/bigpic/qmobile-z8.jpg,GSM / HSPA / LTE,GSM 850 / 900 / 1800 / 1900 - SIM 1 & SIM 2,HSDPA 850 / 1700(AWS) / 1900,"HSPA 42.2/5.76 Mbps, LTE Cat4 150/50 Mbps","2015, March. Released 2015, March",Discontinued,143.5 x 72 x 7.5 mm (5.65 x 2.83 x 0.30 in),120 g (4.23 oz),Dual SIM,"IPS LCD capacitive touchscreen, 16M colors","5.0 inches, 68.9 cm2 (~66.7% screen-to-body ratio)","720 x 1280 pixels, 16:9 ratio (~294 ppi density)",microSDXC,,,"13 MP, AF","LED flash, HDR, panorama",1080p@30fps,5 MP,1080p@30fps,Yes,Yes,"Wi-Fi 802.11 a/b/g/n, dual-band, Wi-Fi Direct, hotspot","4.0, A2DP","Yes, with A-GPS",Stereo FM radio,"microUSB 2.0, USB On-The-Go","Accelerometer, gyro, proximity",,,,,eMMC 4.5,"Li-Ion 2400 mAh, removable",Up to 700 h (2G) / Up to 650 h (3G),Up to 26 h (2G) / Up to 15 h (3G),,Black,About 170 EUR,,,,16GB 2GB RAM,,,Corning Gorilla Glass 3,,,Android 4.4.2 (KitKat),Quad-core 1.2 GHz Cortex-A53,,,"3, 5, 20",Qualcomm MSM8916 Snapdragon 410 (28 nm),Adreno 306,,,,,,,,,,,,,,,,,,,,,,,,,,,,,,,
qmobile,QMobile Noir A750,https://fdn2.gsmarena.com/vv/bigpic/qmobile-noir-a750.jpg,GSM / HSPA,GSM 850 / 900 / 1800 / 1900 - SIM 1 & SIM 2,HSDPA 900 / 2100,HSPA 21.1/5.76 Mbps,"2015, February. Released 2015, February",Discontinued,144.5 x 73.8 x 8.9 mm (5.69 x 2.91 x 0.35 in),158 g (5.29 oz),Dual SIM,"IPS LCD capacitive touchscreen, 16M colors","5.0 inches, 68.9 cm2 (~64.6% screen-to-body ratio)","720 x 1280 pixels, 16:9 ratio (~294 ppi density)",microSDHC,,,"13 MP, AF","LED flash, HDR, panorama",1080p@30fps,5 MP,720p,Yes,Yes,"Wi-Fi 802.11 b/g/n, hotspot","4.0, A2DP","Yes, with A-GPS",FM radio,"microUSB 2.0, USB On-The-Go","Accelerometer, proximity",,,,,,Li-Ion 2000 mAh battery,Up to 220 h,Up to 8 h,,Black,About 220 EUR,,,,16GB 1GB RAM,,,,,,Android 4.2 (Jelly Bean),Quad-core 1.2 GHz Cortex-A7,,,,Mediatek MT6589 (28 nm),PowerVR SGX544,,,,,,,,,,,,,,,,,,,,,,,,,,,,,,,
qmobile,QMobile Linq X70,https://fdn2.gsmarena.com/vv/bigpic/qmobile-linq-x70.jpg,GSM / HSPA,GSM 850 / 900 / 1800 / 1900 - SIM 1 & SIM 2,HSDPA 900 / 2100,HSPA 21.1/5.76 Mbps,"2015, February. Released 2015, February",Discontinued,128 x 63 x 9 mm (5.04 x 2.48 x 0.35 in),-,Dual SIM,"IPS LCD capacitive touchscreen, 256K colors","4.0 inches, 49.5 cm2 (~61.4% screen-to-body ratio)","480 x 640 pixels, 4:3 ratio (~200 ppi density)",microSDHC,,,5 MP,"LED flash, panorama, HDR",1080p@30fps,VGA,,Yes,Yes,"Wi-Fi 802.11 b/g/n, hotspot","4.0, A2DP","Yes, with A-GPS",FM radio,microUSB 2.0,"Accelerometer, proximity",,,,,,Li-Ion 1500 mAh battery,Up to 390 h (2G) / Up to 320 h (3G),Up to 16 h (2G) / Up to 7 h (3G),,Black,About 90 EUR,,,,8GB 1GB RAM,,,,,,Android 4.4.2 (KitKat),Quad-core 1.3 GHz Cortex-A7,,,,Mediatek MT6582 (28 nm),Mali-400MP2,,,,,,,,,,,,,,,,,,,,,,,,,,,,,,,
qmobile,QMobile Noir Z7,https://fdn2.gsmarena.com/vv/bigpic/qmobile-noir-z7.jpg,GSM / HSPA,GSM 850 / 900 / 1800 / 1900,HSDPA 900 / 2100,HSPA 42.2/5.76 Mbps,"2015, February. Released 2015, February",Discontinued,139.8 x 67.4 x 5.2 mm (5.50 x 2.65 x 0.20 in),97.7 g (3.46 oz),Micro-SIM,"AMOLED capacitive touchscreen, 16M colors","4.8 inches, 63.5 cm2 (~67.4% screen-to-body ratio)","720 x 1280 pixels, 16:9 ratio (~306 ppi density)",No,,,"8 MP, AF","LED flash, panorama, HDR",1080p@30fps,5 MP,,Yes,Yes,"Wi-Fi 802.11 b/g/n, hotspot","4.0, A2DP","Yes, with A-GPS",Stereo FM radio,"microUSB 2.0, USB On-The-Go","Accelerometer, gyro, proximity, compass",,,,,,"Li-Ion 2050 mAh, non-removable",,,,Black,About 210 EUR,,,,16GB 1GB RAM,,,,,,Android 4.4.2 (KitKat),Octa-core 1.7 GHz Cortex-A7,,,,Mediatek MT6592 (28 nm),Mali-450MP4,,,,,,,,,,,,,,,,,,,,,,,,,,,,,,,
qmobile,QMobile Linq L10,https://fdn2.gsmarena.com/vv/bigpic/qmobile-l10.jpg,GSM / HSPA,GSM 850 / 900 / 1800 / 1900 - SIM 1 & SIM 2,HSDPA 900 / 2100,HSPA 21.1/5.76 Mbps,"2015, February. Released 2015, February",Discontinued,146.2 x 74.2 x 8.8 mm (5.76 x 2.92 x 0.35 in),-,Dual SIM,"IPS LCD capacitive touchscreen, 16M colors","5.0 inches, 68.9 cm2 (~63.5% screen-to-body ratio)","720 x 1280 pixels, 16:9 ratio (~294 ppi density)",microSDHC,,,"8 MP, AF",LED flash,720p@30fps,2 MP,,Yes,Yes,"Wi-Fi 802.11 b/g/n, hotspot","4.0, A2DP","Yes, with A-GPS",FM radio,microUSB 2.0,"Accelerometer, proximity, compass",,,,,,Li-Ion 2000 mAh battery,,,,Black,About 120 EUR,,,,8GB 1GB RAM,,,,,,Android 4.4.2 (KitKat),Quad-core 1.2 GHz Cortex-A7,,,,Qualcomm MSM8252,,,,,,,,,,,,,,,,,,,,,,,,,,,,,,,,
qmobile,QMobile Noir LT250,https://fdn2.gsmarena.com/vv/bigpic/qmobile-lt250.jpg,GSM / HSPA / LTE,GSM 850 / 900 / 1800 / 1900,HSDPA 900 / 1900 / 2100,"HSPA, LTE Cat3 100/50 Mbps","2015, February. Released 2015, February",Discontinued,140.1 x 67.5 x 8.8 mm (5.52 x 2.66 x 0.35 in),119 g (4.20 oz),Micro-SIM,"IPS LCD capacitive touchscreen, 16M colors","4.7 inches, 60.9 cm2 (~64.4% screen-to-body ratio)","720 x 1280 pixels, 16:9 ratio (~312 ppi density)",microSDHC (dedicated slot),,,"8 MP, AF","LED flash, HDR",1080p@30fps,5 MP,,Yes,Yes,"Wi-Fi 802.11 b/g/n, Wi-Fi Direct, hotspot","4.0, A2DP","Yes, with A-GPS",FM radio,"microUSB 2.0, USB On-The-Go","Accelerometer, proximity, compass",,,,,,Li-Ion 2000 mAh battery,Up to 162 h (2G) / Up to 162 h (3G),Up to 14 h 50 min (2G) / Up to 8 h 40 min (3G),,Black,About 150 EUR,,,,4GB 1GB RAM,,,Corning Gorilla Glass 2,,,Android 4.4.2 (KitKat),Quad-core 1.7 GHz,,,"3, 5, 20",Nvidia Tegra 4i,ULP GeForce,,,,,,,,,,,,,,,,,,,,,,,,,,,,,,,
qmobile,QMobile Noir LT150,https://fdn2.gsmarena.com/vv/bigpic/qmobile-lt150.jpg,GSM / HSPA / LTE,GSM 850 / 900 / 1800 / 1900 - SIM 1 & SIM 2,HSDPA 900 / 2100,"HSPA, LTE","2015, February. Released 2015, February",Discontinued,137.5 x 68.5 x 8.9 mm (5.41 x 2.70 x 0.35 in),-,Dual SIM,"TFT capacitive touchscreen, 16M colors","4.7 inches, 60.9 cm2 (~64.6% screen-to-body ratio)","480 x 854 pixels, 16:9 ratio (~208 ppi density)",microSDHC,,,"5 MP, AF",LED flash,720p@30fps,2 MP,,Yes,Yes,"Wi-Fi 802.11 b/g/n, Wi-Fi Direct, hotspot","4.0, A2DP","Yes, with A-GPS",FM radio,microUSB 2.0,"Accelerometer, proximity",,,,,,Li-Ion 1800 mAh battery,,,,Black,About 120 EUR,,,,8GB 1GB RAM,,,,,,Android 4.4.2 (KitKat),Quad-core 1.3 GHz Cortex-A7,,,"1, 3, 7",Mediatek MT6590,,,,,,,,,,,,,,,,,,,,,,,,,,,,,,,,
qmobile,QMobile Noir X600,https://fdn2.gsmarena.com/vv/bigpic/qmobile-x600.jpg,GSM / HSPA,GSM 850 / 900 / 1800 / 1900 - SIM 1 & SIM 2,HSDPA 900 / 2100,HSPA 21.1/5.76 Mbps,"2015, February. Released 2015, February",Discontinued,8.3 mm thickness,-,Dual SIM,"TFT capacitive touchscreen, 16M colors","5.0 inches, 68.9 cm2","720 x 1280 pixels, 16:9 ratio (~294 ppi density)",microSDHC,,,"8 MP, AF","LED flash, HDR, panorama",1080p@30fps,2 MP,,Yes,Yes,"Wi-Fi 802.11 b/g/n, hotspot","4.0, A2DP","Yes, with A-GPS",Stereo FM radio,"microUSB 2.0, USB On-The-Go","Accelerometer, proximity",,,,,,Li-Ion 1800 mAh battery,,,,Black,About 150 EUR,,,,16GB 2GB RAM,,,,,,Android 4.2.2 (Jelly Bean),Octa-core 1.4 GHz Cortex-A7,,,,Mediatek MT6592M (28 nm),Mali-450MP4,,,,,,,,,,,,,,,,,,,,,,,,,,,,,,,
qmobile,QMobile Noir X700,https://fdn2.gsmarena.com/vv/bigpic/qmobile-x700.jpg,GSM / HSPA,GSM 850 / 900 / 1800 / 1900 - SIM 1 & SIM 2,HSDPA 900 / 2100,HSPA 21.1/5.76 Mbps,"2015, February. Released 2015, February",Discontinued,140 x 70 x 7.9 mm (5.51 x 2.76 x 0.31 in),-,Dual SIM,"IPS LCD capacitive touchscreen, 16M colors","5.0 inches, 68.9 cm2 (~70.3% screen-to-body ratio)","720 x 1280 pixels, 16:9 ratio (~294 ppi density)",microSDHC,,,"8 MP, AF","LED flash, HDR, panorama",1080p@30fps,2 MP,,Yes,Yes,"Wi-Fi 802.11 b/g/n, hotspot","4.0, A2DP","Yes, with A-GPS",Stereo FM radio,"microUSB 2.0, USB On-The-Go","Accelerometer, proximity",,,,,,Li-Ion 1920 mAh battery,,,,Black,About 150 EUR,,,,8GB 1GB RAM,,,,,,Android 4.2.2 (Jelly Bean),Octa-core 1.4 GHz Cortex-A7,,,,Mediatek MT6592M (28 nm),Mali-450MP4,,,,,,,,,,,,,,,,,,,,,,,,,,,,,,,
qmobile,QMobile Noir X900,https://fdn2.gsmarena.com/vv/bigpic/qmobile-x900.jpg,GSM / HSPA,GSM 850 / 900 / 1800 / 1900 - SIM 1 & SIM 2,HSDPA 900 / 2100,HSPA 21.1/5.76 Mbps,"2015, February. Released 2015, February",Discontinued,141.5 x 70.8 x 7.8 mm (5.57 x 2.79 x 0.31 in),-,Dual SIM,"IPS LCD capacitive touchscreen, 16M colors","5.0 inches, 68.9 cm2 (~68.8% screen-to-body ratio)","720 x 1280 pixels, 16:9 ratio (~294 ppi density)",microSDHC,,,"13 MP, AF 8 MP, AF","Dual-LED flash, HDR, panorama",1080p@30fps,5 MP2 MP,,Yes,Yes,"Wi-Fi 802.11 b/g/n, hotspot","4.0, A2DP","Yes, with A-GPS",Stereo FM radio,"microUSB 2.0, USB On-The-Go","Accelerometer, proximity",,,,,,Li-Ion 2100 mAh battery,,,,Black,About 160 EUR,,,,"8GB 1GB RAM, 16GB 2GB RAM",,,,,,Android 4.2.2 (Jelly Bean),Octa-core 1.7 GHz Cortex-A7Octa-core 1.4 GHz Cortex-A7,,,,Mediatek MT6592 (28 nm)Mediatek MT6592M (28 nm),Mali-450MP4,,,,,,,,,,,,,,,,,,,,,,,,,,,,,,,
qmobile,QMobile Noir X60,https://fdn2.gsmarena.com/vv/bigpic/qmobile-x60.jpg,GSM / HSPA,GSM 850 / 900 / 1800 / 1900 - SIM 1 & SIM 2,HSDPA 900 / 2100,HSPA 21.1/5.76 Mbps,"2015, January. Released 2015, January",Discontinued,125 x 63.2 x 9 mm (4.92 x 2.49 x 0.35 in),-,Dual SIM,"IPS LCD capacitive touchscreen, 16M colors","4.0 inches, 45.5 cm2 (~57.6% screen-to-body ratio)","480 x 800 pixels, 5:3 ratio (~233 ppi density)",microSDHC,,,"5 MP, AF",LED flash,Yes,VGA,,Yes,Yes,"Wi-Fi 802.11 b/g/n, hotspot","4.0, A2DP",A-GPS only,FM radio,microUSB 2.0,Accelerometer,,,,,,Li-Ion 1500 mAh battery,,,,Black,About 90 EUR,,,,4GB 512MB RAM,,,,,,Android 4.4.2 (KitKat),Quad-core 1.3 GHz Cortex-A7,,,,MediaTek MT6582 (28 nm),Mali-400MP2,,,,,,,,,,,,,,,,,,,,,,,,,,,,,,,
qmobile,QMobile Noir X80,https://fdn2.gsmarena.com/vv/bigpic/qmobile-x80.jpg,GSM / HSPA,GSM 850 / 900 / 1800 / 1900 - SIM 1 & SIM 2,HSDPA 900 / 2100,HSPA 21.1/5.76 Mbps,"2015, January. Released 2015, January",Discontinued,124.1 x 63.8 x 9.9 mm (4.89 x 2.51 x 0.39 in),-,Dual SIM,"IPS LCD capacitive touchscreen, 16M colors","4.0 inches, 45.5 cm2 (~57.5% screen-to-body ratio)","480 x 800 pixels, 5:3 ratio (~233 ppi density)",microSDHC,,,5 MP,LED flash,Yes,VGA,,Yes,Yes,"Wi-Fi 802.11 b/g/n, hotspot","4.0, A2DP","Yes, with A-GPS",FM radio,microUSB 2.0,"Accelerometer, proximity, compass",,,,,,Li-Ion 1500 mAh battery,,,,Black,About 80 EUR,,,,4GB 512MB RAM,,,,,,Android 4.4.2 (KitKat),Dual-core 1.3 GHz Cortex-A7,,,,MediaTek MT6572 (28 nm),Mali-400,,,,,,,,,,,,,,,,,,,,,,,,,,,,,,,
qmobile,QMobile Noir X90,https://fdn2.gsmarena.com/vv/bigpic/qmobile-x90.jpg,GSM / HSPA,GSM 850 / 900 / 1800 / 1900 - SIM 1 & SIM 2,HSDPA 900 / 2100,HSPA 21.1/5.76 Mbps,"2015, January. Released 2015, January",Discontinued,9.3 mm thickness,-,Dual SIM,"TFT capacitive touchscreen, 16M colors","5.0 inches, 68.9 cm2","480 x 854 pixels, 16:9 ratio (~196 ppi density)",microSDHC,,,"5 MP, AF",LED flash,Yes,VGA,,Yes,Yes,"Wi-Fi 802.11 b/g/n, hotspot","4.0, A2DP",A-GPS only,FM radio,microUSB 2.0,Accelerometer,,,,,,Li-Ion 1800 mAh battery,,,,Black,About 80 EUR,,,,8GB 1GB RAM,,,,,,Android 4.4.2 (KitKat),Dual-core 1.3 GHz Cortex-A7,,,,MediaTek MT6572A,Mali-400,,,,,,,,,,,,,,,,,,,,,,,,,,,,,,,
qmobile,QMobile Noir X550,https://fdn2.gsmarena.com/vv/bigpic/qmobile-x550.jpg,GSM / HSPA,GSM 850 / 900 / 1800 / 1900 - SIM 1 & SIM 2,HSDPA 900 / 2100,HSPA 21.1/5.76 Mbps,"2015, January. Released 2015, January",Discontinued,139.1 x 69.2 x 7.9 mm (5.48 x 2.72 x 0.31 in),-,Dual SIM,"IPS LCD capacitive touchscreen, 16M colors","4.7 inches, 60.9 cm2 (~63.3% screen-to-body ratio)","720 x 1280 pixels, 16:9 ratio (~312 ppi density)",microSDHC,,,8 MP,LED flash,Yes,2 MP,,Yes,Yes,"Wi-Fi 802.11 b/g/n, hotspot","4.0, A2DP",A-GPS only,FM radio,microUSB 2.0,Accelerometer,,,,,,Li-Ion 1800 mAh battery,,,,Black,About 120 EUR,,,,8GB 1GB RAM,,,,,,Android 4.4.2 (KitKat),Quad-core 1.3 GHz Cortex-A7,,,,Mediatek MT6582 (28 nm),Mali-400MP2,,,,,,,,,,,,,,,,,,,,,,,,,,,,,,,
qmobile,QMobile Linq X300,https://fdn2.gsmarena.com/vv/bigpic/qmobile-linq-x300.jpg,GSM / HSPA,GSM 850 / 900 / 1800 / 1900 - SIM 1 & SIM 2,HSDPA 900 / 2100,HSPA 21.1/5.76 Mbps,"2014, December. Released 2014, December",Discontinued,136 x 64.6 x 9 mm (5.35 x 2.54 x 0.35 in),-,Dual SIM,"IPS LCD capacitive touchscreen, 16M colors","4.5 inches, 55.8 cm2 (~63.5% screen-to-body ratio)","480 x 854 pixels, 16:9 ratio (~218 ppi density)",microSDHC,,,"8 MP, AF",Dual-LED flash,720p,2 MP,,Yes,Yes,"Wi-Fi 802.11 b/g/n, hotspot","4.0, A2DP","Yes, with A-GPS",FM radio,microUSB 2.0,"Accelerometer, proximity, compass",,,,,,Li-Ion 1800 mAh battery,,,,Black,About 110 EUR,,,,8GB 1GB RAM,,,,,,Android 4.4.2 (KitKat),Quad-core 1.3 GHz Cortex-A7,,,,Mediatek MT6582M (28 nm),Mali-400MP2,,,,,,,,,,,,,,,,,,,,,,,,,,,,,,,
qmobile,QMobile Linq X100,https://fdn2.gsmarena.com/vv/bigpic/qmobile-x100.jpg,GSM / HSPA,GSM 850 / 900 / 1800 / 1900 - SIM 1 & SIM 2,HSDPA 900 / 2100,HSPA 21.1/5.76 Mbps,"2014, December. Released 2014, December",Discontinued,128 x 64.3 x 9.5 mm (5.04 x 2.53 x 0.37 in),-,Dual SIM,"TFT capacitive touchscreen, 16M colors","4.5 inches, 55.8 cm2 (~67.8% screen-to-body ratio)","480 x 854 pixels, 16:9 ratio (~218 ppi density)",microSDHC,,,5 MP,LED flash,Yes,VGA,,Yes,Yes,"Wi-Fi 802.11 b/g/n, hotspot","4.0, A2DP","Yes, with A-GPS",FM radio,microUSB 2.0,"Accelerometer, proximity, compass",,,,,,Li-Ion 1700 mAh battery,,,,Black,About 100 EUR,,,,8GB 1GB RAM,,,,,,Android 4.4.2 (KitKat),Quad-core 1.3 GHz Cortex-A7,,,,Mediatek MT6582 (28 nm),Mali-400MP2,,,,,,,,,,,,,,,,,,,,,,,,,,,,,,,
qmobile,QMobile Noir X35,https://fdn2.gsmarena.com/vv/bigpic/qmobile-x35.jpg,GSM / HSPA,GSM 850 / 900 / 1800 / 1900 - SIM 1 & SIM 2,HSDPA 900 / 2100,HSPA 21.1/5.76 Mbps,"2014, December. Released 2014, December",Discontinued,124.8 x 63.5 x 10.5 mm (4.91 x 2.5 x 0.41 in),-,Dual SIM,"TFT touchscreen, 16M colors","4.0 inches, 45.5 cm2 (~57.5% screen-to-body ratio)","480 x 800 pixels, 5:3 ratio (~233 ppi density)",microSDHC,,,3.15 MP,LED flash,Yes,VGA,,Yes,Yes,"Wi-Fi 802.11 b/g/n, hotspot","4.0, A2DP",A-GPS only,FM radio,microUSB 2.0,Accelerometer,,,,,,Li-Ion 1450 mAh battery,,,,Black,About 60 EUR,,,,4GB 512MB RAM,,,,,,Android 4.4.2 (KitKat),Dual-core 1.0 GHz Cortex-A7,,,,MediaTek MT6572 (28 nm),Mali-400,,,,,,,,,,,,,,,,,,,,,,,,,,,,,,,
qmobile,QMobile Noir X400,https://fdn2.gsmarena.com/vv/bigpic/qmobile-x400.jpg,GSM / HSPA,GSM 850 / 900 / 1800 / 1900 - SIM 1 & SIM 2,HSDPA 900 / 2100,HSPA 21.1/5.76 Mbps,"2014, November. Released 2014, November",Discontinued,131 x 65 x 7.8 mm (5.16 x 2.56 x 0.31 in),-,Dual SIM,"TFT capacitive touchscreen, 16M colors","4.5 inches, 55.8 cm2 (~65.5% screen-to-body ratio)","480 x 854 pixels, 16:9 ratio (~218 ppi density)",microSDHC,,,"8 MP, AF","LED flash, panorama",720p@30fps,2 MP,,Yes,Yes,"Wi-Fi 802.11 b/g/n, hotspot","4.0, A2DP",A-GPS only,FM radio,microUSB 2.0,"Accelerometer, proximity, compass",,,,,,Li-Ion 1800 mAh battery,Up to 230 h (2G) / Up to 230 h (3G),Up to 16 h (2G) / Up to 10 h (3G),,Black,About 90 EUR,,,,8GB 1GB RAM,,,,,,Android 4.4.2 (KitKat),Quad-core 1.3 GHz Cortex-A7,,,,Mediatek MT6582 (28 nm),Mali-400MP2,,,,,,,,,,,,,,,,,,,,,,,,,,,,,,,
qmobile,QMobile Noir X500,https://fdn2.gsmarena.com/vv/bigpic/qmobile-x500.jpg,GSM / HSPA,GSM 850 / 900 / 1800 / 1900 - SIM 1 & SIM 2,HSDPA 900 / 2100,HSPA 21.1/5.76 Mbps,"2014, November. Released 2014, November",Discontinued,137.8 x 68 x 8.8 mm (5.43 x 2.68 x 0.35 in),-,Dual SIM,"IPS LCD capacitive touchscreen, 16M colors","4.7 inches, 60.9 cm2 (~65.0% screen-to-body ratio)","720 x 1280 pixels, 16:9 ratio (~312 ppi density)",microSDHC,,,"8 MP, AF",LED flash,Yes,2 MP,,Yes,Yes,"Wi-Fi 802.11 b/g/n, hotspot","4.0, A2DP",A-GPS only,FM radio,microUSB 2.0,Accelerometer,,,,,,Li-Ion 1700 mAh battery,,,,Black,About 100 EUR,,,,8GB 1GB RAM,,,,,,Android 4.4.2 (KitKat),Quad-core 1.3 GHz Cortex-A7,,,,Mediatek MT6582 (28 nm),Mali-400MP2,,,,,,,,,,,,,,,,,,,,,,,,,,,,,,,
qmobile,QMobile M800,https://fdn2.gsmarena.com/vv/bigpic/qmobile-m800.jpg,GSM,GSM 900 / 1800 - SIM 1 & SIM 2,,,"2014, September. Released 2014, September",Discontinued,126.5 x 55.6 x 13.3 mm (4.98 x 2.19 x 0.52 in),-,Dual SIM,"TFT, 65K colors","2.4 inches, 17.8 cm2 (~25.4% screen-to-body ratio)","240 x 320 pixels, 4:3 ratio (~167 ppi density)",microSDHC,Yes,Yes,Yes,,Yes,,,Yes,Yes,No,2.0,No,FM radio,microUSB 2.0,No,SMS,,Downloadable,No,No,Li-Ion 1800 mAh battery,,,,Black,About 20 EUR,No,No,QApps MP4/H.263 player Organizer Voice memo,64MB 64MB RAM,,,,,,,,,,,,,,,,,,,,,,,,,,,,,,,,,,,,,,,,,,,
qmobile,QMobile Noir i7,https://fdn2.gsmarena.com/vv/bigpic/qmobile-noir-i7.jpg,GSM / HSPA,GSM 850 / 900 / 1800 / 1900 - SIM 1 & SIM 2,HSDPA 900 / 2100,HSPA 21.1/5.76 Mbps,"2014, September. Released 2014, September",Discontinued,137 x 68 x 8.8 mm (5.39 x 2.68 x 0.35 in),-,Dual SIM,"IPS LCD capacitive touchscreen, 16M colors","4.5 inches, 55.8 cm2 (~59.9% screen-to-body ratio)","540 x 960 pixels, 16:9 ratio (~245 ppi density)",microSDHC,,,"5 MP, AF",LED flash,720p@30fps,2 MP,,Yes,Yes,"Wi-Fi 802.11 b/g/n, hotspot","4.0, A2DP","Yes, with A-GPS",FM radio,microUSB 2.0,Accelerometer,,,,,,Li-Ion 1700 mAh battery,,,,Black,About 120 EUR,,,,8GB 1GB RAM,,,,,,"Android 4.2 (Jelly Bean), upgradable to 4.4 (KitKat)",Quad-core 1.3 GHz Cortex-A7,,,,Mediatek MT6582M (28 nm),Mali-400MP2,,,,,,,,,,,,,,,,,,,,,,,,,,,,,,,
qmobile,QMobile Noir M90,https://fdn2.gsmarena.com/vv/bigpic/qmobile-m90.jpg,GSM / HSPA,GSM 850 / 900 / 1800 / 1900 - SIM 1 & SIM 2,HSDPA 900 / 2100,HSPA 21.1/5.76 Mbps,"2014, September. Released 2014, September",Discontinued,144 x 72 x 10.5 mm (5.67 x 2.83 x 0.41 in),-,Dual SIM,"TFT capacitive touchscreen, 16M colors","5.0 inches, 68.9 cm2 (~66.4% screen-to-body ratio)","480 x 854 pixels, 16:9 ratio (~196 ppi density)",microSDHC,,,"8 MP, AF","LED flash, panorama",720p@30fps,2 MP,,Yes,Yes,"Wi-Fi 802.11 b/g/n, hotspot","4.0, A2DP","Yes, with A-GPS",FM radio,microUSB 2.0,"Accelerometer, proximity, compass",,,,,,Li-Ion 4200 mAh battery,Up to 555 h (2G) / Up to 555 h (3G),Up to 31 h 30 min (2G) / Up to 24 h (3G),,Black,About 120 EUR,,,,8GB 1GB RAM,,,,,,"Android 4.2 (Jelly Bean), upgradable to 4.4.2 (KitKat)",Quad-core 1.3 GHz Cortex-A7,,,,Mediatek MT6582 (28 nm),Mali-400MP2,,,,,,,,,,,,,,,,,,,,,,,,,,,,,,,
qmobile,QMobile Noir X800,https://fdn2.gsmarena.com/vv/bigpic/qmobile-x800.jpg,GSM / HSPA,GSM 850 / 900 / 1800 / 1900 - SIM 1 & SIM 2,HSDPA 900 / 2100,HSPA 21.1/5.76 Mbps,"2014, September. Released 2014, September",Discontinued,138 x 68 x 7.6 mm (5.43 x 2.68 x 0.30 in),-,Dual SIM,"IPS LCD capacitive touchscreen, 16M colors","4.7 inches, 60.9 cm2 (~64.9% screen-to-body ratio)","720 x 1280 pixels, 16:9 ratio (~312 ppi density)",microSDHC,,,"8 MP, AF","LED flash, HDR, panorama",1080p@30fps,2 MP,,Yes,Yes,"Wi-Fi 802.11 b/g/n, hotspot","4.0, A2DP","Yes, with A-GPS",Stereo FM radio,"microUSB 2.0, USB On-The-Go","Accelerometer, proximity",,,,,,Li-Ion 2000 mAh battery,,,,Black,About 110 EUR,,,,"8GB 1GB RAM, 16GB 2GB RAM",,,,,,Android 4.2.2 (Jelly Bean),Octa-core 1.4 GHz Cortex-A7,,,,Mediatek MT6592M (28 nm),Mali-450MP4,,,,,,,,,,,,,,,,,,,,,,,,,,,,,,,
qmobile,QMobile B100TV,https://fdn2.gsmarena.com/vv/bigpic/qmobile-b100.jpg,GSM,GSM 900 / 1800 - SIM 1 & SIM 2,,,"2014, August. Released 2014, August",Discontinued,114 x 49.6 x 13.2 mm (4.49 x 1.95 x 0.52 in),-,Dual SIM,"TFT, 65K colors","2.4 inches, 17.8 cm2 (~31.5% screen-to-body ratio)","240 x 320 pixels, 4:3 ratio (~167 ppi density)",microSDHC,Yes,Yes,Yes,,Yes,,,Yes,Yes,No,2.0,No,Wireless FM radio (no wired headphones required),microUSB 2.0,No,SMS,,Downloadable,No,No,Li-Ion 1000 mAh battery,,,,Black,About 20 EUR,No,No,QApps MP4/H.263 player Organizer Voice memo,32MB 8MB RAM,,,,,,,,,,,,,,,,,,,,,,,,,,,,,,,,,,,,,,,,,,,
qmobile,QMobile Noir A115 ATV,https://fdn2.gsmarena.com/vv/bigpic/qmobile-noir-a115.jpg,GSM,GSM 850 / 900 / 1800 / 1900 - SIM 1 & SIM 2,,,"2014, August. Released 2014, August",Discontinued,125 x 64.5 x 12.1 mm (4.92 x 2.54 x 0.48 in),-,Dual SIM,"TFT capacitive touchscreen, 16M colors","3.97 inches, 3.97, 44.9 cm2 (~55.6% screen-to-body ratio)","480 x 800 pixels, 5:3 ratio (~235 ppi density)",microSDHC,,,3.15 MP,LED flash,480p,VGA,,Yes,Yes,"Wi-Fi 802.11 b/g/n, hotspot","4.0, A2DP","Yes, with A-GPS",FM radio,microUSB 2.0,"Accelerometer, proximity, compass",,,,,,Li-Ion 1700 mAh battery,,,,Black,About 60 EUR,Class 12,Class 12,,512MB 512MB RAM,,,,,,Android 4.2 (Jelly Bean),Dual-core 1.0 GHz Cortex-A7,,,,Mediatek MT6572M (28 nm),Mali-400,,,,,,,,,,,,,,,,,,,,,,,,,,,,,,,
qmobile,QMobile Noir i10,https://fdn2.gsmarena.com/vv/bigpic/qmobile-i10.jpg,GSM / HSPA,GSM 850 / 900 / 1800 / 1900 - SIM 1 & SIM 2,HSDPA 900 / 2100,HSPA 21.1/5.76 Mbps,"2014, August. Released 2014, August",Discontinued,147 x 73 x 8.8 mm (5.79 x 2.87 x 0.35 in),-,Dual SIM,"IPS LCD capacitive touchscreen, 16M colors","5.0 inches, 68.9 cm2 (~64.2% screen-to-body ratio)","540 x 960 pixels, 16:9 ratio (~220 ppi density)",microSDHC,,,"8 MP, AF",LED flash,720p@30fps,2 MP,,Yes,Yes,"Wi-Fi 802.11 b/g/n, hotspot","4.0, A2DP","Yes, with A-GPS",FM radio,"microUSB 2.0, USB On-The-Go",Accelerometer,,,,,,Li-Ion 1700 mAh battery,,,,Black,About 120 EUR,,,,8GB 1GB RAM,,,,,,Android 4.4.2 (KitKat),Quad-core 1.3 GHz Cortex-A7,,,,Mediatek MT6582M (28 nm),Mali-400MP2,,,,,i10,,,,,,,,,,,,,,,,,,,,,,,,,,
qmobile,QMobile B800,https://fdn2.gsmarena.com/vv/bigpic/qmobile-b800.jpg,GSM,GSM 900 / 1800 - SIM 1 & SIM 2,,,"2014, July. Released 2014, July",Discontinued,127.9 x 57.4 x 10.9 mm (5.04 x 2.26 x 0.43 in),-,Dual SIM,"TFT, 65K colors","3.2 inches, 31.7 cm2 (~43.2% screen-to-body ratio)","240 x 320 pixels, 4:3 ratio (~125 ppi density)",microSDHC,Yes,Yes,Yes,LED flash,Yes,,,Yes,Yes,No,2.0,No,FM radio,microUSB 2.0,No,"SMS, MMS",,Downloadable,No,No,Li-Ion 1200 mAh battery,,,,Black,About 30 EUR,Yes,Yes,QApps MP4/H.263 player Organizer Voice memo,128MB 64MB RAM,,,,,,,,,,,,,,,,,,,,,,,,,,,,,,,,,,,,,,,,,,,
qmobile,QMobile Noir A8i,https://fdn2.gsmarena.com/vv/bigpic/qmobile-noir-a8i.jpg,GSM / HSPA,GSM 850 / 900 / 1800 / 1900 - SIM 1 & SIM 2,HSDPA 900 / 2100,HSPA 21.1/5.76 Mbps,"2014, July. Released 2014, July",Discontinued,126 x 64.4 x 11.2 mm (4.96 x 2.54 x 0.44 in),-,Dual SIM,"TFT capacitive touchscreen, 16M colors","4.0 inches, 45.5 cm2 (~56.1% screen-to-body ratio)","480 x 800 pixels, 5:3 ratio (~233 ppi density)",microSDHC,,,5 MP,"LED flash, panorama",720p,VGA,,Yes,Yes,"Wi-Fi 802.11 b/g/n, hotspot","4.0, A2DP",A-GPS only,"FM radio, recording",microUSB 2.0,"Accelerometer, proximity, compass",,,,,,Li-Ion 1600 mAh battery,,,,Black,About 90 EUR,,,,4GB 512MB RAM,,,,,,Android 4.4 (KitKat),Dual-core 1.3 GHz Cortex-A7,,,,Mediatek MT6572 (28 nm),Mali-400,,,,,,,,,,,,,,,,,,,,,,,,,,,,,,,
qmobile,QMobile Noir Z5,https://fdn2.gsmarena.com/vv/bigpic/qmobile-noir-z5.jpg,GSM / HSPA,GSM 850 / 900 / 1800 / 1900,HSDPA 850 / 1900 / 2100,HSPA 21.1/5.76 Mbps,"2014, July. Released 2014, July",Discontinued,150.6 x 75 x 9.5 mm (5.93 x 2.95 x 0.37 in),150 g (5.29 oz),Micro-SIM,"IPS LCD capacitive touchscreen, 16M colors","5.5 inches, 83.4 cm2 (~73.8% screen-to-body ratio)","1080 x 1920 pixels, 16:9 ratio (~401 ppi density)",No,,,"16 MP, AF",LED flash,Yes,8 MP,,Yes,Yes,"Wi-Fi 802.11 b/g/n, Wi-Fi Direct, hotspot","4.0, A2DP","Yes, with A-GPS",Stereo FM radio,"microUSB 2.0, USB On-The-Go","Accelerometer, gyro, proximity, compass",,,,,eMMC 4.5,"Li-Po 2500 mAh, non-removable",,,,Black,About 310 EUR,,,,16GB 2GB RAM,,,Corning Gorilla Glass 3,,,Android 4.2 (Jelly Bean),Quad-core 2.3 GHz Krait 400,,,,Qualcomm MSM8274 Snapdragon 800 (28 nm),Adreno 330,,,,,,,,,,,,,,,,,,,,,,,,,,,,,,,
qmobile,QMobile Noir i12,https://fdn2.gsmarena.com/vv/bigpic/qmobile-i12.jpg,GSM / HSPA,GSM 850 / 900 / 1800 / 1900 - SIM 1 & SIM 2,HSDPA 900 / 2100,HSPA 21.1/5.76 Mbps,"2014, July. Released 2014, July",Discontinued,143 x 69.5 x 6.9 mm (5.63 x 2.74 x 0.27 in),-,Dual SIM,"IPS LCD capacitive touchscreen, 16M colors","5.0 inches, 68.9 cm2 (~69.3% screen-to-body ratio)","720 x 1280 pixels, 16:9 ratio (~294 ppi density)",No,,,"13 MP, AF","LED flash, panorama",1080p@30fps,5 MP,,"Yes, with stereo speakers",Yes,"Wi-Fi 802.11 b/g/n, hotspot","4.0, A2DP","Yes, with A-GPS",FM radio,"microUSB 2.0, USB On-The-Go","Accelerometer, proximity, compass",,,,,,Li-Ion 2000 mAh battery,,,,Black,About 160 EUR,,,,16GB 2GB RAM,,,,,,Android 4.2 (Jelly Bean),Quad-core 1.3 GHz Cortex-A7,,,,Mediatek MT6582 (28 nm),Mali-400MP2,,,,,,,,,,,,,,,,,,,,,,,,,,,,,,,
qmobile,QMobile Noir Z6,https://fdn2.gsmarena.com/vv/bigpic/qmobile-z6.jpg,GSM / HSPA,GSM 850 / 900 / 1800 / 1900,HSDPA 850 / 1900 / 2100,HSPA 21.1/5.76 Mbps,"2014, July. Released 2014, July",Discontinued,145.1 x 70.2 x 5.6 mm (5.71 x 2.76 x 0.22 in),133 g (4.69 oz),Micro-SIM,"Super AMOLED capacitive touchscreen, 16M colors","5.0 inches, 68.9 cm2 (~67.7% screen-to-body ratio)","1080 x 1920 pixels, 16:9 ratio (~441 ppi density)",microSDXC (dedicated slot),,,"13 MP, AF","LED flash, HDR, panorama",1080p@30fps,5 MP,,Yes,Yes,"Wi-Fi 802.11 b/g/n, Wi-Fi Direct, hotspot","4.0, A2DP, EDR","Yes, with A-GPS",Stereo FM radio,"microUSB 2.0, USB On-The-Go","Accelerometer, gyro, proximity, compass",,,,,,"Li-Ion 2300 mAh, non-removable",Up to 490 h (2G) / Up to 490 h (3G),Up to 27 h (2G) / Up to 11 h (3G),,Black,About 200 EUR,,,,16GB 2GB RAM,,,Corning Gorilla Glass 3,,,Android 4.2 (Jelly Bean),Octa-core 1.7 GHz Cortex-A7,,,,Mediatek MT6592 (28 nm),Mali-450MP4,,,,,,,,,,,,,,,,,,,,,,,,,,,,,,,
qmobile,QMobile QTab X50,https://fdn2.gsmarena.com/vv/bigpic/qtab-x50.jpg,GSM / HSPA,GSM 850 / 900 / 1800 / 1900,HSDPA 850 / 900 / 1900 / 2100,HSPA 42.2/11.5 Mbps,"2014, June. Released 2014, June",Discontinued,-,-,Micro-SIM,"IPS LCD capacitive touchscreen, 16M colors","8.0 inches, 198.2 cm2","768 x 1024 pixels, 4:3 ratio (~160 ppi density)",microSDHC (dedicated slot),,,"5 MP, AF",,480p@24fps,2 MP,,Yes,Yes,"Wi-Fi 802.11 b/g/n, hotspot","4.0, A2DP",Yes,"Stereo FM radio, RDS","microUSB 2.0, USB On-The-Go","Accelerometer, compass",,,,,,Li-Ion 4500 mAh battery,,,,"Black, White",About 160 EUR,,,,16GB 1GB RAM,,,,,,Android 4.2 (Jelly Bean),Quad-core 1.2 GHz Cortex-A7,,,,Mediatek MT8389W,PowerVR SGX544,,,,,,,,,,,,,,,,,,,,,,,,,,,,,,,
qmobile,QMobile Noir A120,https://fdn2.gsmarena.com/vv/bigpic/qmobile-noir-a120.jpg,GSM / HSPA,GSM 850 / 900 / 1800 / 1900 - SIM 1 & SIM 2,HSDPA 900 / 2100,HSPA 21.1/5.76 Mbps,"2014, May. Released 2014, May",Discontinued,127.5 x 63.7 x 10.4 mm (5.02 x 2.51 x 0.41 in),-,Dual SIM (dual stand-by),"TFT capacitive touchscreen, 256K colors","4.0 inches, 45.5 cm2 (~56.1% screen-to-body ratio)","480 x 800 pixels, 5:3 ratio (~233 ppi density)",microSDHC,,,"5 MP, AF",LED flash,Yes,VGA,,Yes,Yes,"Wi-Fi 802.11 b/g/n, hotspot","4.0, A2DP","Yes, with A-GPS",FM radio,microUSB 2.0,"Accelerometer, proximity, compass",,,,,,Li-Ion 1500 mAh battery,,,,"Black, Blue, Pink, White",About 80 EUR,,,,4GB 512MB RAM,,,,,,Android 4.2 (Jelly Bean),Dual-core 1.0 GHz Cortex-A7,,,,Mediatek MT6572M (28 nm),Mali-400,,,,,,,,,,,,,,,,,,,,,,,,,,,,,,,
qmobile,QMobile E990 Sirocco Edition,https://fdn2.gsmarena.com/vv/bigpic/qmobile-e990-sirocco-edition.jpg,GSM,GSM 900 / 1800 - SIM 1 & SIM 2,,,"2014, May. Released 2014, May",Discontinued,128 x 52.8 x 7.4 mm (5.04 x 2.08 x 0.29 in),-,Dual SIM,"TFT, 65K colors","2.6 inches, 20.9 cm2 (~31.0% screen-to-body ratio)","240 x 320 pixels, 4:3 ratio (~154 ppi density)",microSDHC,Yes,Yes,2 MP,LED flash,320p@15fps,,,Yes,Yes,No,2.0,No,FM radio,microUSB 2.0,No,SMS,,Downloadable,No,No,Li-Ion 1000 mAh battery,,,,"Black, Golden",About 30 EUR,Yes,Yes,QApps MP4/H.263 player Organizer Voice memo,64MB 128MB RAM,,,,,,,,,,,,,,,,,,,,,,,,,,,,,,,,,,,,,,,,,,,
qmobile,QMobile Noir A110,https://fdn2.gsmarena.com/vv/bigpic/qmobile-noir-a110.jpg,GSM,GSM 850 / 900 / 1800 / 1900 - SIM 1 & SIM 2,,,"2014, May. Released 2014, May",Discontinued,117 x 62.5 x 11 mm (4.61 x 2.46 x 0.43 in),-,Dual SIM,"TFT capacitive touchscreen, 16M colors","3.5 inches, 36.5 cm2 (~49.9% screen-to-body ratio)","320 x 480 pixels, 3:2 ratio (~165 ppi density)",microSDHC,,,2 MP,,Yes,VGA,,Yes,Yes,"Wi-Fi 802.11 b/g/n, hotspot","4.0, A2DP","Yes, with A-GPS",FM radio,microUSB 2.0,"Accelerometer, proximity, compass",,,,,,Li-Ion 1300 mAh battery,,,,"Black, Blue, Pink, White",About 60 EUR,Class 12,Class 12,,512MB 512MB RAM,,,,,,Android 4.2 (Jelly Bean),Dual-core 1.0 GHz Cortex-A7,,,,Mediatek MT6572 (28 nm),Mali-400,,,,,,,,,,,,,,,,,,,,,,,,,,,,,,,
qmobile,QMobile Noir i9,https://fdn2.gsmarena.com/vv/bigpic/qmobile-noir-i9.jpg,GSM / HSPA,GSM 850 / 900 / 1800 / 1900 - SIM 1 & SIM 2,HSDPA 900 / 1900 / 2100,HSPA 21.1/5.76 Mbps,"2014, May. Released 2014, May",Discontinued,146 x 74 x 9.3 mm (5.75 x 2.91 x 0.37 in),167 g (5.89 oz),Dual SIM,"IPS LCD capacitive touchscreen, 16M colors","5.0 inches, 68.9 cm2 (~63.8% screen-to-body ratio)","720 x 1280 pixels, 16:9 ratio (~294 ppi density)",microSDHC,,,"8 MP, AF","LED flash, HDR, panorama",1080p@30fps,2 MP,,Yes,Yes,"Wi-Fi 802.11 b/g/n, hotspot","4.0, A2DP","Yes, with A-GPS",FM radio,"microUSB 2.0, USB On-The-Go","Accelerometer, proximity, compass",,,,,,Li-Ion 2000 mAh battery,Up to 260 h (2G) / Up to 260 h (3G),Up to 16 h (2G) / Up to 10 h 30 min (3G),,Black,About 130 EUR,,,,4GB 1GB RAM,,,,,,"Android 4.2 (Jelly Bean), upgradable to 4.4 (KitKat)",Quad-core 1.3 GHz Cortex-A7,,,,Mediatek MT6582 (28 nm),Mali-400MP2,,,,,,,,,,,,,,,,,,,,,,,,,,,,,,,
qmobile,QMobile Noir i6,https://fdn2.gsmarena.com/vv/bigpic/qmobile-noir-i6.jpg,GSM / HSPA,GSM 850 / 900 / 1800 / 1900 - SIM 1 & SIM 2,HSDPA 900 / 2100,HSPA 21.1/5.76 Mbps,"2014, May. Released 2014, May",Discontinued,135 x 66.5 x 9.1 mm (5.31 x 2.62 x 0.36 in),88.2 g (3.10 oz),Dual SIM (dual stand-by),"TFT capacitive touchscreen, 16M colors","4.5 inches, 55.8 cm2 (~62.2% screen-to-body ratio)","480 x 854 pixels, 16:9 ratio (~218 ppi density)",microSDHC,,,"5 MP, AF",LED flash,Yes,2 MP,,Yes,Yes,"Wi-Fi 802.11 b/g/n, hotspot","4.0, A2DP",A-GPS only,"FM radio, recording",microUSB 2.0,"Accelerometer, proximity, compass",,,,,,Li-Po 1800 mAh battery,Up to 386 h (2G) / Up to 386 h (3G),Up to 16 h 30 min (2G) / Up to 11 h (3G),,Black,About 120 EUR,,,,8GB 1GB RAM,,,,,,"Android 4.2 (Jelly Bean), upgradable to 4.4 (KitKat)",Quad-core 1.3 GHz Cortex-A7,,,,Mediatek MT6582 (28 nm),Mali-400MP2,,,,,,,,,,,,,,,,,,,,,,,,,,,,,,,
qmobile,QMobile Noir A75,https://fdn2.gsmarena.com/vv/bigpic/qmobile-noir-a75.jpg,GSM / HSPA,GSM 850 / 900 / 1800 / 1900 - SIM 1 & SIM 2,HSDPA 900 / 2100,HSPA 21.1/5.76 Mbps,"2014, May. Released 2014, May",Discontinued,135 x 67 x 10 mm (5.31 x 2.64 x 0.39 in),-,Dual SIM,"TFT capacitive touchscreen, 16M colors","4.5 inches, 55.8 cm2 (~61.7% screen-to-body ratio)","480 x 854 pixels, 16:9 ratio (~218 ppi density)",microSDHC,,,"3.15 MP, AF",LED flash,Yes,VGA,,Yes,Yes,"Wi-Fi 802.11 b/g/n, hotspot","4.0, A2DP",A-GPS only,FM radio,microUSB 2.0,"Accelerometer, proximity, compass",,,,,,Li-Ion 1500 mAh battery,,,,Black,About 80 EUR,,,,4GB 512MB RAM,,,,,,Android 4.2 (Jelly Bean),Dual-core 1.0 GHz Cortex-A7,,,,Mediatek MT6572 (28 nm),Mali-400,,,,,,,,,,,,,,,,,,,,,,,,,,,,,,,
qmobile,QMobile Noir i5i,https://fdn2.gsmarena.com/vv/bigpic/qmobile-i5i.jpg,GSM / HSPA,GSM 850 / 900 / 1800 / 1900 - SIM 1 & SIM 2,HSDPA 900 / 2100,HSPA 21.1/5.76 Mbps,"2014, May. Released 2014, May",Discontinued,133.5 x 66.5 x 9.8 mm (5.26 x 2.62 x 0.39 in),-,Dual SIM,"TFT capacitive touchscreen, 16M colors","4.5 inches, 55.8 cm2 (~62.9% screen-to-body ratio)","480 x 854 pixels, 16:9 ratio (~218 ppi density)",microSDHC,,,5 MP,LED flash,Yes,VGA,,Yes,Yes,"Wi-Fi 802.11 b/g/n, hotspot","4.0, A2DP",A-GPS only,FM radio,microUSB 2.0,Accelerometer,,,,,,Li-Ion 1700 mAh battery,,,,Black,About 80 EUR,,,,4GB 1GB RAM,,,,,,Android 4.4.2 (KitKat),Quad-core 1.3 GHz Cortex-A7,,,,Mediatek MT6582M (28 nm),Mali-400MP2,,,,,,,,,,,,,,,,,,,,,,,,,,,,,,,
qmobile,QMobile Noir i5,https://fdn2.gsmarena.com/vv/bigpic/qmobile-i5.jpg,GSM / HSPA,GSM 850 / 900 / 1800 / 1900 - SIM 1 & SIM 2,HSDPA 900 / 2100,HSPA,"2014, May. Released 2014, May",Discontinued,138.5 x 71.5 x 9.5 mm (5.45 x 2.81 x 0.37 in),-,Dual SIM,"IPS LCD capacitive touchscreen, 16M colors","4.7 inches, 62.9 cm2 (~63.5% screen-to-body ratio)","480 x 800 pixels, 5:3 ratio (~199 ppi density)",microSDHC,,,"5 MP, AF",LED flash,480p@30fps,2 MP,,Yes,Yes,"Wi-Fi 802.11 b/g/n, hotspot","4.0, A2DP","Yes, with A-GPS",FM radio,"microUSB 2.0, USB On-The-Go","Accelerometer, proximity, compass",,,,,,Li-Ion 2000 mAh battery,,,,Black,About 80 EUR,,,,4GB 512MB RAM,,,,,,"Android 4.2 (Jelly Bean), upgradable to 4.4 (KitKat)",Quad-core 1.3 GHz Cortex-A7,,,,Mediatek MT6582M (28 nm),Mali-400MP2,,,,,,,,,,,,,,,,,,,,,,,,,,,,,,,
qmobile,QMobile Noir A550,https://fdn2.gsmarena.com/vv/bigpic/qmobile-noir-a550.jpg,GSM / HSPA,GSM 850 / 900 / 1800 / 1900 - SIM 1 & SIM 2,HSDPA 900 / 2100,HSPA 21.1/5.76 Mbps,"2014, April. Released 2014, April",Discontinued,132 x 66 x 8.9 mm (5.20 x 2.60 x 0.35 in),-,Dual SIM,"IPS LCD capacitive touchscreen, 16M colors","4.5 inches, 55.8 cm2 (~64.1% screen-to-body ratio)","540 x 960 pixels, 16:9 ratio (~245 ppi density)",microSDHC,,,"8 MP, AF",LED flash,Yes,2 MP,,Yes,Yes,"Wi-Fi 802.11 b/g/n, hotspot","4.0, A2DP","Yes, with A-GPS",FM radio,"microUSB 2.0, USB On-The-Go","Accelerometer, proximity, compass",,,,,,Li-Ion 1700 mAh battery,,,,Black,About 140 EUR,,,,4GB 1GB RAM,,,,,,"Android 4.2 (Jelly Bean), upgradable to 4.4 (KitKat)",Quad-core 1.3 GHz Cortex-A7,,,,Mediatek MT6582 (28 nm),Mali-400MP2,,,,,,,,,,,,,,,,,,,,,,,,,,,,,,,
qmobile,QMobile Noir V4,https://fdn2.gsmarena.com/vv/bigpic/qmobile-noir-v4.jpg,GSM / HSPA,GSM 850 / 900 / 1800 / 1900 - SIM 1 & SIM 2,HSDPA 900 / 2100,HSPA 21.1/5.76 Mbps,"2014, January. Released 2014, January",Discontinued,161 x 82.5 x 9.3 mm (6.34 x 3.25 x 0.37 in),220 g (7.76 oz),Dual SIM,"IPS LCD capacitive touchscreen, 16M colors","5.7 inches, 89.6 cm2 (~67.4% screen-to-body ratio)","720 x 1280 pixels, 16:9 ratio (~258 ppi density)",No,,,"12 MP, AF","Dual-LED flash, HDR",1080p@30fps,5 MP,,Yes,Yes,"Wi-Fi 802.11 b/g/n, hotspot","4.0, A2DP","Yes, with A-GPS",FM radio,"microUSB 2.0, USB On-The-Go","Accelerometer, proximity, compass",,,,,,Li-Ion 2600 mAh battery,Up to 220 h (3G),Up to 8 h (3G),,Black,About 180 EUR,,,,16GB 1GB RAM,,,,,,Android 4.2 (Jelly Bean),Quad-core 1.2 GHz Cortex-A7,,,,Mediatek MT6589 (28 nm),PowerVR SGX544,,,,,,,,,,,,,,,,,,,,,,,,,,,,,,,
qmobile,QMobile Noir Z4,https://fdn2.gsmarena.com/vv/bigpic/qmobile-noir-z4.jpg,GSM / HSPA,GSM 850 / 900 / 1800 / 1900,HSDPA 900 / 2100,HSPA 21.1/5.76 Mbps,"2013, October. Released 2013, October",Discontinued,144 x 69 x 7.7 mm (5.67 x 2.72 x 0.30 in),-,Micro-SIM,"IPS LCD capacitive touchscreen, 16M colors","5.0 inches, 68.9 cm2 (~69.4% screen-to-body ratio)","1080 x 1920 pixels, 16:9 ratio (~441 ppi density)",No,,,"13 MP, AF","LED flash, panorama",1080p@30fps,5 MP,,Yes,Yes,"Wi-Fi 802.11 b/g/n, Wi-Fi Direct, hotspot","4.0, A2DP","Yes, with A-GPS",Stereo FM radio,microUSB 2.0,"Accelerometer, gyro, proximity, compass",,,,,,Li-Ion 2000 mAh battery,,,,Black,About 200 EUR,,,,32GB 2GB RAM,,,Corning Gorilla Glass 3,,,Android 4.2 (Jelly Bean),Quad-core 1.5 GHz Cortex-A7,,,,Mediatek MT6589T (28 nm),PowerVR SGX544,,,,,,,,,,,,,,,,,,,,,,,,,,,,,,,
qmobile,QMobile Noir Z3,https://fdn2.gsmarena.com/vv/bigpic/qmobile-noir-z3.jpg,GSM / HSPA,GSM 850 / 900 / 1800 / 1900,HSDPA 900 / 2100,HSPA 21.1/5.76 Mbps,"2013, September. Released 2013, September",Discontinued,137 x 69 x 6.9 mm (5.39 x 2.72 x 0.27 in),135 g (4.76 oz),Micro-SIM,"Super AMOLED capacitive touchscreen, 16M colors","4.8 inches, 63.5 cm2 (~67.2% screen-to-body ratio)","720 x 1280 pixels, 16:9 ratio (~306 ppi density)",No,,,"8 MP, AF",LED flash,1080p@30fps,5 MP,,Yes,Yes,"Wi-Fi 802.11 b/g/n, Wi-Fi Direct, hotspot","4.0, A2DP","Yes, with A-GPS",Stereo FM radio,microUSB 2.0,"Accelerometer, proximity, compass",,,,,,Li-Ion 2000 mAh battery,,,,Black,About 210 EUR,,,,16GB 1GB RAM,,,Corning Gorilla Glass 2,,,Android 4.2 (Jelly Bean),Quad-core 1.5 GHz Cortex-A7,,,,Mediatek MT6589 (28 nm),PowerVR SGX544,,,,,,,,,,,,,,,,,,,,,,,,,,,,,,,
qmobile,QMobile Noir A15 3D,https://fdn2.gsmarena.com/vv/bigpic/qmobile-noir-a15-3d.jpg,GSM / HSPA,GSM 900 / 1800 - SIM 1 & SIM 2,HSDPA 900 / 2100,HSPA 21.1/5.76 Mbps,"2013, July. Released 2013, July",Discontinued,147 x 77 x 11.8 mm (5.79 x 3.03 x 0.46 in),-,Dual SIM (dual stand-by),"3D capacitive touchscreen, 16M colors","5.0 inches, 71.2 cm2 (~62.9% screen-to-body ratio)","480 x 800 pixels, 5:3 ratio (~187 ppi density)",microSDHC,,,5 MP,LED flash,480p@30fps,VGA,,Yes,Yes,"Wi-Fi 802.11 b/g/n, hotspot","4.0, A2DP","Yes, with A-GPS",Stereo FM radio,microUSB 2.0,"Accelerometer, proximity, compass",,,,,,Li-Ion 2200 mAh battery,Up to 225 h (3G),Up to 4 h 30 min (3G),,Black,About 150 EUR,,,,4GB 512MB RAM,,,,,,Android 4.1 (Jelly Bean),Dual-core 1.2 GHz Cortex-A9,,,,Mediatek MT6577T (40 nm),PowerVR SGX531,,,,,,,,,,,,,,,,,,,,,,,,,,,,,,,
qmobile,QMobile Noir A950,https://fdn2.gsmarena.com/vv/bigpic/qmobile-noir-a950.jpg,GSM / HSPA,GSM 850 / 900 / 1800 / 1900 - SIM 1 & SIM 2,HSDPA 900 / 2100,HSPA 21.1/5.76 Mbps,"2013, July. Released 2013, July",Discontinued,130 x 67 x 8.6 mm (5.12 x 2.64 x 0.34 in),-,Dual SIM,"Super AMOLED+ capacitive touchscreen, 16M colors","4.65 inches, 59.6 cm2 (~68.4% screen-to-body ratio)","720 x 1280 pixels, 16:9 ratio (~316 ppi density)",microSDHC,,,8 MP,LED flash,720p,1 MP,,Yes,Yes,"Wi-Fi 802.11 b/g/n, Wi-Fi Direct, hotspot","4.0, A2DP","Yes, with A-GPS",Stereo FM radio,microUSB 2.0,"Accelerometer, proximity, compass",,,,,,Li-Ion 2100 mAh battery,,,,Black,About 120 EUR,,,,4GB 1GB RAM,,,,,,Android 4.1 (Jelly Bean),Quad-core 1.2 GHz Cortex-A7,,,,Mediatek MT6589W,PowerVR SGX544,,,,,,,,,,,,,,,,,,,,,,,,,,,,,,,
qmobile,QMobile Noir A500,https://fdn2.gsmarena.com/vv/bigpic/qmobile-noir-a500.jpg,GSM / HSPA,GSM 850 / 900 / 1800 / 1900 - SIM 1 & SIM 2,HSDPA 900 / 2100,HSPA 21.1/5.76 Mbps,"2013, July. Released 2013, July",Discontinued,136 x 67 x 9.6 mm (5.35 x 2.64 x 0.38 in),-,Dual SIM (dual stand-by),"TFT capacitive touchscreen, 256K colors","4.5 inches, 55.8 cm2 (~61.2% screen-to-body ratio)","480 x 854 pixels, 16:9 ratio (~218 ppi density)",microSDHC,,,5 MP,LED flash,Yes,VGA,,Yes,Yes,"Wi-Fi 802.11 b/g/n, hotspot","4.0, A2DP","Yes, with A-GPS",Stereo FM radio,microUSB 2.0,"Accelerometer, proximity, compass",,,,,,Li-Ion 1800 mAh battery,,,,Black,About 130 EUR,,,,4GB 512MB RAM,,,,,,Android 4.2 (Jelly Bean),Quad-core 1.2 GHz Cortex-A7,,,,Mediatek MT6589M (28 nm),PowerVR SGX544,,,,,,,,,,,,,,,,,,,,,,,,,,,,,,,
