Brand,Model Name,Model Image,Technology,2G bands,3G bands,Speed,Announced,Status,Dimensions,Weight,SIM,Type,Size,Resolution,Card slot,Phonebook,Call records,Single,Features,Video,Single_1,Video_1,Loudspeaker,3.5mm jack,WLAN,Bluetooth,GPS,Radio,USB,Sensors,Messaging,Browser,Games,Java,,Type_1,Stand-by,Talk time,Music play,Colors,Price,GPRS,EDGE,_1,Internal,Alert types,_1_1,Protection,Infrared port,SAR EU,OS,CPU,Clock,Alarm,4G bands,Chipset,GPU,Quad,Features_1,Charging,Triple,Models,SAR,128GB 6GB RAM,128GB 8GB RAM,NFC,64GB 6GB RAM,5G bands,32GB 3GB RAM,64GB 4GB RAM,64GB 3GB RAM,Build,Dual,32GB 2GB RAM,Performance,Display,Camera,Loudspeaker_1,Battery life,256GB 12GB RAM,128GB 12GB RAM,RMA161,128GB 4GB RAM,Audio quality,256GB 8GB RAM,16GB 2GB RAM
realme,Realme Narzo 20 Pro,https://fdn2.gsmarena.com/vv/bigpic/realme-narzo-20-pro.jpg,GSM / HSPA / LTE,GSM 850 / 900 / 1800 / 1900 - SIM 1 & SIM 2,HSDPA 850 / 900 / 2100,"HSPA 42.2/5.76 Mbps, LTE-A","2020, September 21","Available. Released 2020, September 25",162.3 x 75.4 x 9.4 mm (6.39 x 2.97 x 0.37 in),191 g (6.74 oz),"Dual SIM (Nano-SIM, dual stand-by)","IPS LCD capacitive touchscreen, 16M colors","6.5 inches, 102.0 cm2 (~83.4% screen-to-body ratio)","1080 x 2400 pixels, 20:9 ratio (~405 ppi density)",microSDXC (dedicated slot),,,"16 MP, f/2.1, (wide), 1/3"", 1.0µm","LED flash, HDR, panorama","4K@30fps, 1080p@30/60fps, gyro-EIS",,1080p@30fps,Yes,Yes,"Wi-Fi 802.11 a/b/g/n/ac, dual-band, Wi-Fi Direct, hotspot","5.0, A2DP, LE","Yes, with A-GPS, GLONASS",FM radio,"2.0, Type-C 1.0 reversible connector, USB On-The-Go","Fingerprint (side-mounted), accelerometer, gyro, proximity, compass",,,,,UFS 2.1,"Li-Po 4500 mAh, non-removable",,,,"White Knight, Black Ninja",About 170 EUR,,,,"64GB 6GB RAM, 128GB 8GB RAM",,,Corning Gorilla Glass,,,"Android 10, Realme UI",Octa-core (2x2.05 GHz Cortex-A76 & 6x2.0 GHz Cortex-A55),,,"1, 3, 5, 8, 38, 40, 41",Mediatek Helio G95 (12 nm),Mali-G76 MC4,"48 MP, f/1.8, 26mm (wide), 1/2.0"", 0.8µm, PDAF 8 MP, f/2.3, 119˚ (ultrawide), 1/4.0"", 1.12µm 2 MP, f/2.4, (macro) 2 MP, f/2.4, (depth)",HDR,Fast charging 65W SuperDart Charge,,,,,,,,,,,,,,,,,,,,,,,,,,
realme,Realme Narzo 20,https://fdn2.gsmarena.com/vv/bigpic/realme-narzo-20.jpg,GSM / HSPA / LTE,GSM 850 / 900 / 1800 / 1900 - SIM 1 & SIM 2,HSDPA 850 / 900 / 2100,"HSPA 42.2/5.76 Mbps, LTE-A","2020, September 21","Coming soon. Exp. release 2020, September 28",164.5 x 75.9 x 9.8 mm (6.48 x 2.99 x 0.39 in),208 g (7.34 oz),"Dual SIM (Nano-SIM, dual stand-by)","IPS LCD capacitive touchscreen, 16M colors","6.5 inches, 102.0 cm2 (~81.7% screen-to-body ratio)","720 x 1600 pixels, 20:9 ratio (~270 ppi density)",microSDXC (dedicated slot),,,8 MP,"LED flash, HDR, panorama",1080p@30/60fps,,1080p@30fps,Yes,Yes,"Wi-Fi 802.11 a/b/g/n/ac, dual-band, Wi-Fi Direct, hotspot","5.0, A2DP, LE","Yes, with A-GPS, GLONASS",FM radio,"2.0, Type-C 1.0 reversible connector, USB On-The-Go","Fingerprint (rear-mounted), accelerometer, proximity, compass",,,,,eMMC 5.1,"Li-Po 6000 mAh, non-removable",,,,"Glory Silver, Victory Blue",About 130 EUR,,,,"64GB 4GB RAM, 128GB 4GB RAM",,,,,,"Android 10, Realme UI",Octa-core (2x2.0 GHz Cortex-A75 & 6x1.8 GHz Cortex-A55),,,"1, 3, 5, 8, 38, 40, 41",MediaTek Helio G85 (12nm),Mali-G52 MC2,,HDR,Fast charging 18W Reverse charging,"48 MP, f/1.8, 26mm (wide), 1/2.0"", 0.8µm, PDAF 8 MP, f/2.3, 119˚ (ultrawide), 1/4.0"", 1.12µm 2 MP, f/2.4, (macro)",,,,,,,,,,,,,,,,,,,,,,,,,
realme,Realme Narzo 20A,https://fdn2.gsmarena.com/vv/bigpic/realme-narzo-20a.jpg,GSM / HSPA / LTE,GSM 850 / 900 / 1800 / 1900 - SIM 1 & SIM 2,HSDPA 850 / 900 / 2100,"HSPA 42.2/5.76 Mbps, LTE-A","2020, September 21","Coming soon. Exp. release 2020, September 30",164.4 x 75.4 x 8.9 mm (6.47 x 2.97 x 0.35 in),195 g (6.88 oz),"Dual SIM (Nano-SIM, dual stand-by)","IPS LCD capacitive touchscreen, 16M colors","6.5 inches, 102.0 cm2 (~82.3% screen-to-body ratio)","720 x 1600 pixels, 20:9 ratio (~270 ppi density)",microSDXC (dedicated slot),,,8 MP,"LED flash, HDR, panorama","1080p@30fps, 480p@120fps",,1080p@30fps,Yes,Yes,"Wi-Fi 802.11 a/b/g/n/ac, dual-band, Wi-Fi Direct, hotspot","5.0, A2DP, LE","Yes, with A-GPS, GLONASS",FM radio,"microUSB 2.0, USB On-The-Go","Fingerprint (rear-mounted), accelerometer, proximity, compass",,,,,eMMC 5.1,"Li-Po 5000 mAh, non-removable",,,,"Glory Silver, Victory Blue",About 100 EUR,,,,"32GB 3GB RAM, 64GB 4GB RAM",,,Corning Gorilla Glass 3,,,"Android 10, Realme UI",Octa-core (4x2.0 GHz Kryo 260 Gold & 4x1.8 GHz Kryo 260 Silver),,,"1, 3, 5, 8, 38, 40, 41",Qualcomm SDM665 Snapdragon 665 (11 nm),Adreno 610,,HDR,Charging 10W,"12 MP, f/1.8, 28mm (wide), 1/2.8"", 1.25µm, PDAF 2 MP, f/2.4, (depth) 2 MP, f/2.4, (depth)",,,,,,,,,,,,,,,,,,,,,,,,,
realme,Realme C17,https://fdn2.gsmarena.com/vv/bigpic/realme-c17.jpg,GSM / HSPA / LTE,GSM 850 / 900 / 1800 / 1900 - SIM 1 & SIM 2,HSDPA 850 / 900 / 2100,"HSPA 42.2/5.76 Mbps, LTE-A","2020, September 21","Available. Released 2020, September 22",164.1 x 75.5 x 8.9 mm (6.46 x 2.97 x 0.35 in),188 g (6.63 oz),"Dual SIM (Nano-SIM, dual stand-by)","IPS LCD capacitive touchscreen, 16M colors","6.5 inches, 102.0 cm2 (~82.3% screen-to-body ratio)","720 x 1600 pixels, 20:9 ratio (~270 ppi density)",microSDXC (dedicated slot),,,"8 MP, f/2.0, (wide), 1/4.0"", 1.12µm","LED flash, HDR, panorama",1080p@30fps,,1080p@30fps,Yes,Yes,"Wi-Fi 802.11 a/b/g/n/ac, dual-band, Wi-Fi Direct, hotspot","5.0, A2DP, LE","Yes, with A-GPS, GLONASS, BDS",FM radio,"2.0, Type-C 1.0 reversible connector, USB On-The-Go","Fingerprint (rear-mounted), accelerometer, proximity, compass",,,,,Weather-sealed ports & loudspeaker,"Li-Po 5000 mAh, non-removable",,,,"Navy Blue, Lake Green",About 160 EUR,,,90Hz refresh rate,128GB 6GB RAM,,UFS 2.1,Corning Gorilla Glass,,,Android 10,Octa-core (4x1.8 GHz Kryo 240 & 4x1.6 GHz Kryo 240),,,"1, 3, 5, 8, 38, 40, 41",Qualcomm SM4250 Snapdragon 460 (11 nm),Adreno 610,"13 MP, f/2.2, (wide), 1/3.06"", 1.12µm, PDAF 8 MP, f/2.2, 119˚ (ultrawide), 1/4.0"", 1.12µm 2 MP, f/2.4, (macro) 2 MP, f/2.4, (depth)",HDR,Fast charging 18W,,,,,,,,,,,,,,,,,,,,,,,,,,
realme,Realme 7i,https://fdn2.gsmarena.com/vv/bigpic/realme-7i.jpg,GSM / HSPA / LTE,GSM 850 / 900 / 1800 / 1900 - SIM 1 & SIM 2,HSDPA 850 / 900 / 2100,"HSPA 42.2/5.76 Mbps, LTE-A","2020, September 17","Available. Released 2020, September 18",164.1 x 75.5 x 8.9 mm (6.46 x 2.97 x 0.35 in),188 g (6.63 oz),"Dual SIM (Nano-SIM, dual stand-by)","IPS LCD capacitive touchscreen, 16M colors","6.5 inches, 102.0 cm2 (~82.3% screen-to-body ratio)","720 x 1600 pixels, 20:9 ratio (~270 ppi density)",microSDXC (dedicated slot),,,"16 MP, f/2.1, 26mm (wide), 1/3"", 1.0µm","LED flash, HDR, panorama","1080p@30fps, gyro-EIS",,"1080p@30fps, gyro-EIS",Yes,Yes,"Wi-Fi 802.11 a/b/g/n/ac, dual-band, Wi-Fi Direct, hotspot","5.0, A2DP, LE","Yes, with A-GPS, GLONASS, BDS",Unspecified,"2.0, Type-C 1.0 reversible connector, USB On-The-Go","Fingerprint (rear-mounted), accelerometer, gyro, proximity, compass",,,,,90Hz refresh rate,"Li-Po 5000 mAh, non-removable",,,,"Aurora Green, Polar Blue",About 180 EUR,,,UFS 2.1,128GB 8GB RAM,,,Corning Gorilla Glass,,,"Android 10, Realme UI",Octa-core (4x2.0 GHz Kryo 260 Gold & 4x1.8 GHz Kryo 260 Silver),,,"1, 3, 5, 8, 38, 40, 41",Qualcomm SM6115 Snapdragon 662 (11 nm),Adreno 610,"64 MP, f/1.8, 26mm (wide), 1/1.73"", 0.8µm, PDAF 8 MP, f/2.3, 119˚, 16mm (ultrawide), 1/4.0"", 1.12µm 2 MP, f/2.4, (macro) 2 MP, f/2.4, (depth)",HDR,Fast charging 18W,,RMX2103,,,,,,,,,,,,,,,,,,,,,,,,
realme,Realme 7 Pro,https://fdn2.gsmarena.com/vv/bigpic/realme-7-pro.jpg,GSM / HSPA / LTE,GSM 850 / 900 / 1800 / 1900 - SIM 1 & SIM 2,HSDPA 850 / 900 / 2100,"HSPA 42.2/5.76 Mbps, LTE-A","2020, September 03","Available. Released 2020, September 14",160.9 x 74.3 x 8.7 mm (6.33 x 2.93 x 0.34 in),182 g (6.42 oz),"Dual SIM (Nano-SIM, dual stand-by)","Super AMOLED capacitive touchscreen, 16M colors","6.4 inches, 98.9 cm2 (~82.7% screen-to-body ratio)","1080 x 2400 pixels, 20:9 ratio (~411 ppi density)",microSDXC (dedicated slot),,,"32 MP, f/2.5, 24mm (wide), 1/2.8"", 0.8µm","LED flash, HDR, panorama","4K@30fps, 1080p@30/60/120fps, gyro-EIS",,"1080p@30/120fps, gyro-EIS","Yes, with stereo speakers",Yes,"Wi-Fi 802.11 a/b/g/n/ac, dual-band, Wi-Fi Direct, hotspot","5.1, A2DP, LE","Yes, with A-GPS, GLONASS, BDS, NavIC",Unspecified,"2.0, Type-C 1.0 reversible connector, USB On-The-Go","Fingerprint (under display, optical), accelerometer, gyro, proximity, compass",,,,,Water-repellent coating,"Li-Po 4500 mAh, non-removable",,,,"Mirror Blue, Mirror Silver","$ 369.99 / ₹ 23,980",,,Always-on display,"128GB 6GB RAM, 128GB 8GB RAM",,24-bit/192kHz audio,Corning Gorilla Glass 3+,,,"Android 10, Realme UI",Octa-core (2x2.3 GHz Kryo 465 Gold & 6x1.8 GHz Kryo 465 Silver),,,"1, 3, 5, 8, 38, 40, 41",Qualcomm SM7125 Snapdragon 720G (8 nm),Adreno 618,"64 MP, f/1.8, 26mm (wide), 1/1.73"", 0.8µm, PDAF 8 MP, f/2.3, 119˚, 16mm (ultrawide), 1/4.0"", 1.12µm 2 MP, f/2.4, (macro) 2 MP, f/2.4, (depth)","HDR, panorama","Fast charging 65W, 50% in 12 min, 100% in 34 min (advertised)",,RMX2170,0.73 W/kg (head)     0.52 W/kg (body),$ 369.99,$ 429.99,,,,,,,,,,,,,,,,,,,,,
realme,Realme 7,https://fdn2.gsmarena.com/vv/bigpic/realme-7.jpg,GSM / HSPA / LTE,GSM 850 / 900 / 1800 / 1900 - SIM 1 & SIM 2,HSDPA 850 / 900 / 2100,"HSPA 42.2/5.76 Mbps, LTE-A","2020, September 03","Available. Released 2020, September 10",162.3 x 75.4 x 9.4 mm (6.39 x 2.97 x 0.37 in),196.5 g (6.95 oz),"Dual SIM (Nano-SIM, dual stand-by)","IPS LCD capacitive touchscreen, 16M colors","6.5 inches, 102.0 cm2 (~83.4% screen-to-body ratio)","1080 x 2400 pixels, 20:9 ratio (~405 ppi density)",microSDXC (dedicated slot),,,"16 MP, f/2.1, 26mm (wide), 1/3.1"", 1.0µm","LED flash, HDR, panorama","4K@30fps, 1080p@30/60fps, gyro-EIS",,1080p@30/120fps,Yes,Yes,"Wi-Fi 802.11 a/b/g/n/ac, dual-band, Wi-Fi Direct, hotspot","5.0, A2DP, LE","Yes, with A-GPS, GLONASS, BDS",Unspecified,"2.0, Type-C 1.0 reversible connector, USB On-The-Go","Fingerprint (side-mounted), accelerometer, gyro, proximity, compass",,,,,90Hz refresh rate 480 nits typ. brightness (advertised),"Li-Po 5000 mAh, non-removable",,,,"Mist Blue, Mist White","$ 269.99 / ₹ 16,670",,,UFS 2.1,"64GB 6GB RAM, 128GB 8GB RAM",,,Corning Gorilla Glass 3,,,"Android 10, Realme UI",Octa-core (2x2.05 GHz Cortex-A76 & 6x2.0 GHz Cortex-A55),,,"1, 3, 5, 8, 38, 40, 41",Mediatek Helio G95 (12 nm),Mali-G76 MC4,"64 MP, f/1.8, 26mm (wide), 1/1.73"", 0.8µm, PDAF 8 MP, f/2.3, 119˚, 16mm (ultrawide), 1/4.0"", 1.12µm 2 MP, f/2.4, (macro) 2 MP, f/2.4, (depth)",HDR,"Fast charging 30W, 50% in 26 min, 100% in 65 min (advertised)",,RMX2151,0.99 W/kg (head)     0.93 W/kg (body),,$ 269.99,Yes (Indonesia only),"₹ 16,670",,,,,,,,,,,,,,,,,,,
realme,Realme X7 Pro,https://fdn2.gsmarena.com/vv/bigpic/realme-x7-pro-5g.jpg,GSM / CDMA / HSPA / EVDO / LTE / 5G,GSM 850 / 900 / 1800 / 1900 - SIM 1 & SIM 2,HSDPA 850 / 900 / 1700(AWS) / 1900 / 2100,"HSPA 42.2/5.76 Mbps, LTE-A (CA), 5G 2.3 Gbps DL","2020, September 01","Available. Released 2020, September 15",160.8 x 75.1 x 8.5 mm (6.33 x 2.96 x 0.33 in),184 g (6.49 oz),"Dual SIM (Nano-SIM, dual stand-by)","Super AMOLED capacitive touchscreen, 16M colors","6.55 inches, 103.6 cm2 (~85.8% screen-to-body ratio)","1080 x 2400 pixels, 20:9 ratio (~402 ppi density)",No,,,"32 MP, f/2.5, 26mm (wide), 1/2.8"", 0.8µm","LED flash, HDR, panorama","4K@30/60fps, 1080p@30/60/120fps, gyro-EIS",,"1080p@30/120fps, gyro-EIS","Yes, with stereo speakers",No,"Wi-Fi 802.11 a/b/g/n/ac/6, dual-band, Wi-Fi Direct, hotspot","5.0, A2DP, LE, aptX HD","Yes, with dual-band A-GPS, GLONASS, GALILEO, QZSS, BDS",Unspecified,"2.0, Type-C 1.0 reversible connector","Fingerprint (under display, optical), accelerometer, gyro, proximity, compass",,,,,CDMA 800,"Li-Po 4500 mAh, non-removable",,,,"Dark Blue, White, Rainbow",$ 409.99,,,CDMA2000 1xEV-DO,"128GB 6GB RAM, 128GB 8GB RAM, 256GB 8GB RAM",,24-bit/192kHz audio,Corning Gorilla Glass 5,,,"Android 10, Realme UI",Octa-core (4x2.6 GHz Cortex-A77 & 4x2.0 GHz Cortex-A55),,,"1, 2, 3, 4, 5, 7, 8, 34, 38, 39, 40, 41",Mediatek Dimensity 1000+ (7nm),Mali-G77 MC9,"64 MP, f/1.8, 26mm (wide), 1/1.72"", 0.8µm, PDAF 8 MP, f/2.3, 119˚, 16mm (ultrawide), 1/4.0"", 1.12µm 2 MP, f/2.4, (macro) 2 MP, f/2.4, (depth)",HDR,"Fast charging 65W, 100% in 35 min (advertised)",,"RMX2121, RMX2111",,,$ 409.99,Yes,,"1, 41, 77, 78, 79 SA/NSA",,,,,,,,,,,,,,,,,,
realme,Realme X7,https://fdn2.gsmarena.com/vv/bigpic/realme-x7-5g.jpg,GSM / CDMA / HSPA / EVDO / LTE / 5G,GSM 850 / 900 / 1800 / 1900 - SIM 1 & SIM 2,HSDPA 850 / 900 / 1700(AWS) / 1900 / 2100,"HSPA 42.2/5.76 Mbps, LTE-A (CA), 5G 2.3 Gbps DL","2020, September 01","Available. Released 2020, September 08",160.9 x 74.4 x 8.1 mm (6.33 x 2.93 x 0.32 in),175 g (6.17 oz),"Dual SIM (Nano-SIM, dual stand-by)","AMOLED capacitive touchscreen, 16M colors","6.4 inches, 98.9 cm2 (~82.6% screen-to-body ratio)","1080 x 2400 pixels, 20:9 ratio (~411 ppi density)",No,,,"32 MP, f/2.5, 24mm (wide), 1/2.8"", 0.8µm","LED flash, HDR, panorama","4K@30fps, 1080p@30/60/120fps, gyro-EIS",,1080p@30/120fps,Yes,No,"Wi-Fi 802.11 a/b/g/n/ac, dual-band, Wi-Fi Direct, hotspot","5.1, A2DP, LE","Yes, with dual-band A-GPS, GLONASS, GALILEO, QZSS, BDS",Unspecified,"2.0, Type-C 1.0 reversible connector","Fingerprint (under display, optical), accelerometer, gyro, proximity, compass",,,,,CDMA 800,"Li-Po 4300 mAh, non-removable",,,,"Blue, White, Rainbow",$ 299.99,,,CDMA2000 1xEV-DO,"128GB 6GB RAM, 128GB 8GB RAM",,24-bit/192kHz audio,Corning Gorilla Glass,,,"Android 10, Realme UI",Octa-core 2.4 GHz,,,"1, 2, 3, 4, 5, 7, 8, 34, 38, 39, 40, 41",MediaTek Dimensity 800U 5G (7 nm),Mali-G57,"64 MP, f/1.8, 26mm (wide), 1/1.72"", 0.8µm, PDAF 8 MP, f/2.3, 119˚, 16mm (ultrawide), 1/4.0"", 1.12µm 2 MP, f/2.4, (macro) 2 MP, f/2.4, (depth)",HDR,"Fast charging 65W, 100% in 33 min (advertised)",,,,$ 299.99,,,,"1, 41, 77, 78, 79 SA/NSA",,,,,,,,,,,,,,,,,,
realme,Realme V3,https://fdn2.gsmarena.com/vv/bigpic/realme-v3.jpg,GSM / CDMA / HSPA / EVDO / LTE / 5G,GSM 850 / 900 / 1800 / 1900 - SIM 1 & SIM 2,HSDPA 850 / 900 / 1700(AWS) / 1900 / 2100,"HSPA 42.2/5.76 Mbps, LTE-A (CA), 5G 2.3 Gbps DL","2020, September 01","Available. Released 2020, September 10",164.4 x 76 x 8.6 mm (6.47 x 2.99 x 0.34 in),189.5 g (6.70 oz),"Dual SIM (Nano-SIM, dual stand-by)","IPS LCD capacitive touchscreen, 16M colors","6.5 inches, 102.0 cm2 (~81.6% screen-to-body ratio)","720 x 1600 pixels, 20:9 ratio (~270 ppi density)",Unspecified,,,"8 MP, f/2.0, 26mm (wide)","LED flash, HDR, panorama","4K@30/60fps, 1080p@30/60fps",,1080p@30fps,Yes,Yes,"Wi-Fi 802.11 a/b/g/n/ac, dual-band, Wi-Fi Direct, hotspot","5.0, A2DP, LE","Yes, with A-GPS, GLONASS, GALILEO, BDS",No,"2.0, Type-C 1.0 reversible connector, USB On-The-Go","Fingerprint (rear-mounted), accelerometer, proximity, compass",,,,,CDMA 800,"Li-Po 5000 mAh, non-removable",,,,"Blue, Silver",About 120 EUR,,,CDMA2000 1xEV-DO,"64GB 6GB RAM, 128GB 6GB RAM, 128GB 8GB RAM",,UFS 2.1,,,,"Android 10, realme UI",Octa-core (2x2.0 GHz Cortex-A76 & 6x2.0 GHz Cortex-A55),,,"1, 3, 4, 5, 7, 8, 34, 38, 39, 40, 41",MediaTek Dimensity 720 5G (7 nm),Mali-G57 MC3,,HDR,Fast charging 18W,"13 MP, f/2.2, 26mm (wide), PDAF 2 MP, f/2.4, (macro) 2 MP, f/2.4, (depth)",,,,,,,"1, 41, 77, 78, 79 SA/NSA",,,,,,,,,,,,,,,,,,
realme,Realme C12,https://fdn2.gsmarena.com/vv/bigpic/realme-c12.jpg,GSM / HSPA / LTE,GSM 850 / 900 / 1800 / 1900 - SIM 1 & SIM 2,HSDPA 850 / 900 / 2100,"HSPA 42.2/11.5 Mbps, LTE-A","2020, August 14","Available. Released 2020, August 14",164.5 x 75.9 x 9.8 mm (6.48 x 2.99 x 0.39 in),209 g (7.37 oz),"Dual SIM (Nano-SIM, dual stand-by)","IPS LCD capacitive touchscreen, 16M colors","6.5 inches, 103.7 cm2 (~83.1% screen-to-body ratio)","720 x 1560 pixels, 19.5:9 ratio (~264 ppi density)",microSDXC (dedicated slot),,,"5 MP, f/2.0, (wide)","LED flash, HDR, panorama",1080p@30fps,,1080p@30fps,Yes,Yes,"Wi-Fi 802.11 b/g/n, hotspot","5.0, A2DP, LE, aptX","Yes, with A-GPS, GLONASS, BDS",FM radio,"microUSB 2.0, USB On-The-Go","Fingerprint (rear-mounted), accelerometer, proximity, compass",,,,,eMMC 5.1,"Li-Po 6000 mAh, non-removable",,,,"Marine Blue, Coral Red, Silver","$ 159.99 / ₹ 9,640",,,,32GB 3GB RAM,,,Corning Gorilla Glass,,,"Android 10, realme UI 1.0",Octa-core (4x2.3 GHz Cortex-A53 & 4x1.8 GHz Cortex-A53),,,"1, 3, 5, 8, 38, 40, 41",MediaTek Helio G35 (12 nm),PowerVR GE8320,,"HDR, panorama",Charging 10W,"13 MP, f/2.2, (wide), PDAF 2 MP B/W, f/2.4 2 MP, f/2.4",,,,,,,,$ 159.99,,,,,,,,,,,,,,,,,
realme,Realme V5 5G,https://fdn2.gsmarena.com/vv/bigpic/realme-v5.jpg,GSM / CDMA / HSPA / EVDO / LTE / 5G,GSM 850 / 900 / 1800 / 1900 - SIM 1 & SIM 2,HSDPA 800 / 850 / 900 / 1700(AWS) / 1900 / 2100,"HSPA 42.2/5.76 Mbps, LTE-A (CA), 5G 2.3 Gbps DL","2020, August 03","Available. Released 2020, August 07",162.1 x 75 x 9.1 mm (6.38 x 2.95 x 0.36 in),194 g (6.84 oz),"Dual SIM (Nano-SIM, dual stand-by)","IPS LCD capacitive touchscreen, 16M colors","6.5 inches, 102.0 cm2 (~83.9% screen-to-body ratio)","1080 x 2400 pixels, 20:9 ratio (~405 ppi density)",microSDXC (uses shared SIM slot),,,"16 MP, f/2.1, 26mm (wide), 1/3.06"", 1.0µm","LED flash, HDR, panorama","4K@30fps, 1080p@30/60/120fps; gyro-EIS",,1080p@30fps,Yes,Yes,"Wi-Fi 802.11 a/b/g/n/ac, dual-band, Wi-Fi Direct, hotspot","5.0, A2DP, LE","Yes, with A-GPS, GLONASS, GALILEO, BDS",Unspecified,"2.0, Type-C 1.0 reversible connector","Fingerprint (side-mounted), accelerometer, gyro, proximity, compass",,,,,CDMA 800 & TD-SCDMA,"Li-Po 5000 mAh, non-removable",,,,"Blue, Silver, Mint",$ 175.99,,,CDMA2000 1xEV-DO,"128GB 6GB RAM, 128GB 8GB RAM",,24-bit/192kHz audio,Corning Gorilla Glass,,,"Android 10, Realme UI 1.0",Octa-core (2x2.0 GHz Cortex-A76 & 6x2.0 GHz Cortex-A55),,,"1, 2, 3, 4, 5, 7, 8, 34, 38, 39, 40, 41",MediaTek Dimensity 720 5G (7 nm),Mali-G57 MC3,"48 MP, f/1.8, 25mm (wide), 1/2.0"", 0.8µm, PDAF 8 MP, f/2.3, 119˚ (ultrawide), 1/4.0"", 1.12µm 2 MP, f/2.4, (macro) 2 MP, f/2.4, (depth)",HDR,"Fast charging 30W, 100% in 65 min (advertised)",,,,$ 175.99,$ 269.99,,,"1, 41, 77, 78, 79 SA/NSA",,,,,,,,,,,,,,,,,,
realme,Realme C15,https://fdn2.gsmarena.com/vv/bigpic/realme-c15-r1.jpg,GSM / HSPA / LTE,GSM 850 / 900 / 1800 / 1900 - SIM 1 & SIM 2,HSDPA 850 / 900 / 2100,"HSPA 42.2/11.5 Mbps, LTE-A","2020, July 28","Available. Released 2020, July 28",164.5 x 75.9 x 9.8 mm (6.48 x 2.99 x 0.39 in),209 g (7.37 oz),"Dual SIM (Nano-SIM, dual stand-by)","IPS LCD capacitive touchscreen, 16M colors","6.5 inches, 102.0 cm2 (~81.7% screen-to-body ratio)","720 x 1560 pixels, 20:9 ratio (~270 ppi density)",microSDXC (dedicated slot),,,"8 MP, f/2.0, (wide)","LED flash, HDR, panorama",1080p@30fps,,1080p@30fps,Yes,Yes,"Wi-Fi 802.11 b/g/n, hotspot","5.0, A2DP, LE, aptX","Yes, with A-GPS, GLONASS, BDS",FM radio,"microUSB 2.0, USB On-The-Go","Fingerprint (rear-mounted), accelerometer, proximity, compass",,,,,eMMC 5.1,"Li-Po 6000 mAh, non-removable",,,,"Marine Blue, Seagull Silver","$ 135.91 / ₹ 11,949",,,,"32GB 3GB RAM, 64GB 3GB RAM, 64GB 4GB RAM",,,Corning Gorilla Glass,,,"Android 10, realme UI 1.0",Octa-core (4x2.3 GHz Cortex-A53 & 4x1.8 GHz Cortex-A53),,,"1, 3, 5, 8, 38, 40, 41",MediaTek Helio G35 (12 nm),PowerVR GE8320,"13 MP, f/2.2, (wide), PDAF 8 MP, f/2.3, 119˚ (ultrawide) 2 MP B/W, f/2.4 2 MP, f/2.4","HDR, panorama",Fast charging 18W,,RMX2180,,,,,,,,$ 135.91,$ 169.99,,,,,,,,,,,,,,,
realme,Realme 6i (India),https://fdn2.gsmarena.com/vv/bigpic/realme-6i-india.jpg,GSM / HSPA / LTE,GSM 850 / 900 / 1800 / 1900 - SIM 1 & SIM 2,HSDPA 850 / 900 / 2100,"HSPA 42.2/11.5 Mbps, LTE-A (2CA) Cat6 300/75 Mbps","2020, July 24","Available. Released 2020, July 31",162.1 x 74.8 x 8.9 mm (6.38 x 2.94 x 0.35 in),191 g (6.74 oz),"Dual SIM (Nano-SIM, dual stand-by)","IPS LCD capacitive touchscreen, 16M colors","6.5 inches, 102.0 cm2 (~84.1% screen-to-body ratio)","1080 x 2400 pixels, 20:9 ratio (~405 ppi density)",microSDXC (dedicated slot),,,"16 MP, f/2.0, 26mm (wide), 1/3.06"", 1.0µm","LED flash, HDR, panorama","4K@30fps, 1080p@30/60/120fps, gyro-EIS",,1080p@30fps,Yes,Yes,"Wi-Fi 802.11 a/b/g/n/ac, dual-band, Wi-Fi Direct, hotspot","5.0, A2DP, LE","Yes, with A-GPS, GLONASS, BDS",FM radio,"2.0, Type-C 1.0 reversible connector, USB On-The-Go","Fingerprint (side-mounted), accelerometer, gyro, proximity, compass",,,,,Weather-sealed ports & loudspeaker,"Li-Po 4300 mAh, non-removable",,,,"Eclipse Black, Lunar White","₹ 14,599",,,480 nits typ. brightness (advertised) 90Hz refresh rate,"64GB 4GB RAM, 64GB 6GB RAM",,UFS 2.1,Corning Gorilla Glass 3,,,"Android 10, Realme UI",Octa-core (2x2.05 GHz Cortex-A76 & 6x2.0 GHz Cortex-A55),,,"1, 3, 5, 8, 38, 40, 41",Mediatek MT6785 Helio G90T (12 nm),Mali-G76 MC4,"48 MP, f/1.8, 26mm (wide), 1/2.0"", 0.8µm, PDAF 8 MP, f/2.3, 119˚ (ultrawide), 1/4.0"", 1.12µm 2 MP, f/2.4, (macro) 2 MP B/W, f/2.4, (depth)","HDR, panorama","Fast charging 30W, 100% in 55 min (advertised) USB Power Delivery",,RMX2002,,,,,"₹ 14,790",,,"₹ 14,599",,"Glass front (Gorilla Glass 3), plastic back, plastic frame",,,,,,,,,,,,,,
realme,Realme X50 5G,https://fdn2.gsmarena.com/vv/bigpic/realme-x50-5g-eu.jpg,GSM / CDMA / HSPA / EVDO / LTE / 5G,GSM 850 / 900 / 1800 / 1900 - SIM 1 & SIM 2,HSDPA 850 / 900 / 1700 / 1900 / 2100,"HSPA 42.2/5.76 Mbps, LTE-A, 5G","2020, July 08","Available. Released 2020, July 08",163.8 x 75.8 x 8.9 mm (6.45 x 2.98 x 0.35 in),194 g (6.84 oz),"Dual SIM (Nano-SIM, dual stand-by)","IPS LCD capacitive touchscreen, 16M colors","6.57 inches, 104.2 cm2 (~83.9% screen-to-body ratio)","1080 x 2400 pixels, 20:9 ratio (~401 ppi density)",No,,,,"LED flash, HDR, panorama","4K@30fps, 1080p@30/60fps; gyro-EIS",,1080p@30/120fps,Yes,No,"Wi-Fi 802.11 a/b/g/n/ac, dual-band, Wi-Fi Direct, hotspot","5.0, A2DP, LE","Yes, with A-GPS, GLONASS, BDS",Unspecified,"2.0, Type-C 1.0 reversible connector","Fingerprint (side-mounted), accelerometer, gyro, proximity, compass",,,,,CDMA 800 & TD-SCDMA,"Li-Po 4200 mAh, non-removable",,,,"Jungle Green, Ice Silver",€ 305.79 / $ 241.86 / £ 278.95,,,CDMA2000 1xEV-DO,"128GB 6GB RAM, 128GB 8GB RAM",,24-bit/192kHz audio,,,,"Android 10, Realme UI 1.0",Octa-core (1x2.4 GHz Kryo 475 Prime & 1x2.2 GHz Kryo 475 Gold & 6x1.8 GHz Kryo 475 Silver),,,"1, 2, 3, 4, 5, 7, 8, 34, 38, 39, 40, 41",Qualcomm SDM765 Snapdragon 765G (7 nm),Adreno 620,"48 MP, f/1.8, 25mm (wide), 1/2.0"", 0.8µm, PDAF 8 MP, f/2.3, 16mm (ultrawide), 1/4.0"", 1.12µm 2 MP, f/2.4, (macro) 2 MP, f/2.4, (depth)",HDR,"Fast charging 30W, 70% in 30 min (advertised)",,,,€ 305.79,€ 664.08,Yes,,"1, 3, 5, 7, 8, 20, 28, 38, 40, 41, 77, 78 SA/NSA",,,,,"16 MP, f/2.0, 26mm (wide), 1/3.06"", 1.0µm 2 MP, f/2.4, (depth)",,,,,,,,,,,,,
realme,Realme C11,https://fdn2.gsmarena.com/vv/bigpic/realme-c11.jpg,GSM / HSPA / LTE,GSM 850 / 900 / 1800 / 1900 - SIM 1 & SIM 2,HSDPA 850 / 900 / 2100,"HSPA 42.2/11.5 Mbps, LTE-A","2020, June 30","Available. Released 2020, July 07",164.4 x 75.9 x 9.1 mm (6.47 x 2.99 x 0.36 in),196 g (6.91 oz),"Dual SIM (Nano-SIM, dual stand-by)","IPS LCD capacitive touchscreen, 16M colors","6.5 inches, 102.0 cm2 (~81.7% screen-to-body ratio)","720 x 1560 pixels, 20:9 ratio (~270 ppi density)",microSDXC (dedicated slot),,,"5 MP, f/2.4, 27mm (wide)","LED flash, HDR, panorama",1080p@30fps,,1080p@30fps,Yes,Yes,"Wi-Fi 802.11 b/g/n, hotspot","5.0, A2DP, LE, aptX","Yes, with A-GPS, GLONASS, BDS",FM radio,"microUSB 2.0, USB On-The-Go","Accelerometer, proximity, compass",,,,,eMMC 5.1,"Li-Po 5000 mAh, non-removable",,,,"Mint Green, Pepper Grey","€ 120.25 / $ 94.54 / £ 149.99 / ₹ 8,199",,,,32GB 2GB RAM,,,,,,"Android 10, realme UI 1.0",Octa-core (4x2.3 GHz Cortex-A53 & 4x1.8 GHz Cortex-A53),,,"1, 3, 5, 7, 8, 20, 28, 38, 40, 41 - International",MediaTek Helio G35 (12 nm),PowerVR GE8320,,"HDR, panorama",Charging 10W,,RMX2185,,,,,,,,,,,"13 MP, f/2.2, (wide), PDAF 2 MP, f/2.4, (depth)",€ 120.25,,,,,,,,,,,,
realme,Realme X3,https://fdn2.gsmarena.com/vv/bigpic/realme-x3.jpg,GSM / HSPA / LTE,GSM 850 / 900 / 1800 / 1900 - SIM 1 & SIM 2,HSDPA 850 / 900 / 2100,"HSPA 42.2/5.76 Mbps, LTE-A","2020, June 25","Available. Released 2020, June 30",163.8 x 75.8 x 8.9 mm (6.45 x 2.98 x 0.35 in),202 g (7.13 oz),"Dual SIM (Nano-SIM, dual stand-by)","IPS LCD capacitive touchscreen, 16M colors","6.6 inches, 105.2 cm2 (~84.7% screen-to-body ratio)","1080 x 2400 pixels, 20:9 ratio (~399 ppi density)",No,,,,"LED flash, HDR, panorama","4K@30/60fps, 1080p@30/60fps, 720p@960fps; gyro-EIS",,"1080p@30fps, gyro-EIS",Yes,No,"Wi-Fi 802.11 a/b/g/n/ac, dual-band, Wi-Fi Direct, hotspot","5.0, A2DP, LE","Yes, with dual-band A-GPS, GLONASS, BDS, GALILEO, QZSS",No,"2.0, Type-C 1.0 reversible connector","Fingerprint (side-mounted), accelerometer, gyro, proximity, compass",,,,,120Hz refresh rate,"Li-Po 4200 mAh, non-removable",,,,"Glacier Blue, Arctic White","$ 399.99 / ₹ 26,499",,,UFS 3.0,"128GB 6GB RAM, 128GB 8GB RAM",,24-bit/192kHz audio,Corning Gorilla Glass 5,,,"Android 10, Realme UI",Octa-core (1x2.96 GHz Kryo 485 & 3x2.42 GHz Kryo 485 & 4x1.78 GHz Kryo 485),,,"1, 3, 5, 8, 38, 39, 40, 41",Qualcomm SM8150 Snapdragon 855+ (7 nm),Adreno 640 (700 MHz),"64 MP, f/1.8, 26mm (wide), 1/1.72"", 0.8µm, PDAF 12 MP, f/2.5, 51mm (telephoto), PDAF, 2x optical zoom 8 MP, f/2.3, 119˚, 16mm (ultrawide), 1/4.0"", 1.12µm 2 MP, f/2.4, (macro)",Panorama,"Fast charging 30W, 100% in 55 min (advertised)",,"RMX2142, RMX2081, RMX2085",,$ 459.99,$ 399.99,,,,,,,"Glass front (Gorilla Glass 5), glass back, plastic frame","16 MP, f/2.0, 26mm (wide), 1/3.06"", 1.0µm 8 MP, f/2.2, 105˚ (ultrawide), 1/4.0"", 1.12µm",,,,,,,,,,,,,
realme,Realme C3i,https://fdn2.gsmarena.com/vv/bigpic/realme-c3-2020.jpg,GSM / HSPA / LTE,GSM 850 / 900 / 1800 / 1900 - SIM 1 & SIM 2,HSDPA 850 / 900 / 2100,"HSPA 42.2/11.5 Mbps, LTE-A (2CA) Cat6 300/75 Mbps","2020, June 24","Available. Released 2020, July 03",164.4 x 75 x 9 mm (6.47 x 2.95 x 0.35 in),195 g (6.88 oz),"Dual SIM (Nano-SIM, dual stand-by)","IPS LCD capacitive touchscreen, 16M colors","6.5 inches, 102.0 cm2 (~82.7% screen-to-body ratio)","720 x 1600 pixels, 20:9 ratio (~270 ppi density)",microSDXC (dedicated slot),,,"5 MP, f/2.4, 27mm (wide), 1/5"", 1.12µm","LED flash, HDR, panorama","1080p@30fps, 720p@120fps",,1080p@30fps,Yes,Yes,"Wi-Fi 802.11 b/g/n, hotspot","5.0, A2DP, LE, aptX","Yes, with A-GPS, GLONASS, BDS",FM radio,"microUSB 2.0, USB On-The-Go","Accelerometer, proximity, compass",,,,,Weather-sealed ports & loudspeaker,"Li-Po 5000 mAh, non-removable",,,,"Frozen Blue, Blazing Red",About 100 EUR,,,480 nits max brightness (advertised),32GB 2GB RAM,,eMMC 5.1,Corning Gorilla Glass 3,,,"Android 10, realme UI 1.0",Octa-core (2x2.0 GHz Cortex-A75 & 6x1.7 GHz Cortex-A55),,,"1, 3, 5, 8, 38, 40, 41",Mediatek Helio G70 (12 nm),Mali-G52 2EEMC2,,"HDR, panorama",Charging 10W,,"RMX2027, RMX2020",,,,,,,,,,"Glass front (Gorilla Glass 3), plastic back, plastic frame","12 MP, f/1.8, 28mm (wide), 1/2.8"", 1.25µm, PDAF 2 MP, f/2.4, (depth)",,AnTuTu: 192223 (v8) GeekBench: 1262 (v5.1) GFXBench: 15fps (ES 3.1 onscreen),,,,,,,,,,,
realme,Realme Narzo,https://fdn2.gsmarena.com/vv/bigpic/realme-narzo-indonesia.jpg,GSM / HSPA / LTE,GSM 850 / 900 / 1800 / 1900 - SIM 1 & SIM 2,HSDPA 850 / 900 / 2100 - Indonesia,"HSPA 42.2/11.5 Mbps, LTE-A (2CA) Cat6 300/75 Mbps","2020, June 23","Available. Released 2020, June 23",162.1 x 74.8 x 8.9 mm (6.38 x 2.94 x 0.35 in),191 g (6.74 oz),"Dual SIM (Nano-SIM, dual stand-by)","IPS LCD capacitive touchscreen, 16M colors","6.5 inches, 102.0 cm2 (~84.1% screen-to-body ratio)","1080 x 2400 pixels, 20:9 ratio (~405 ppi density)",microSDXC (dedicated slot),,,"16 MP, f/2.0, 26mm (wide), 1/3.06"", 1.0µm","LED flash, HDR, panorama","4K@30fps, 1080p@30/60/120fps, gyro-EIS",,1080p@30fps,Yes,Yes,"Wi-Fi 802.11 a/b/g/n/ac, dual-band, Wi-Fi Direct, hotspot","5.0, A2DP, LE","Yes, with A-GPS, GLONASS, BDS",FM radio,"2.0, Type-C 1.0 reversible connector, USB On-The-Go","Fingerprint (side-mounted), accelerometer, gyro, proximity, compass",,,,,Weather-sealed ports & loudspeaker,"Li-Po 4300 mAh, non-removable",,,,"Just Black, Just White",About 190 EUR,,,480 nits typ. brightness (advertised) 90Hz refresh rate,128GB 4GB RAM,,UFS 2.1,Corning Gorilla Glass 3,,,"Android 10, Realme UI",Octa-core (2x2.05 GHz Cortex-A76 & 6x2.0 GHz Cortex-A55),,,"1, 3, 5, 8, 38, 40, 41 - Indonesia",Mediatek MT6785 Helio G90T (12 nm),Mali-G76 MC4,"48 MP, f/1.8, 26mm (wide), 1/2.0"", 0.8µm, PDAF 8 MP, f/2.3, 119˚ (ultrawide), 1/4.0"", 1.12µm 2 MP, f/2.4, (macro) 2 MP B/W, f/2.4, (depth)","HDR, panorama","Fast charging 30W, 100% in 55 min (advertised)",,,,,,,,,,,,"Glass front (Gorilla Glass 3), plastic back, plastic frame",,,,,,,,,,,,,,
realme,Realme X3 SuperZoom,https://fdn2.gsmarena.com/vv/bigpic/realme-x3-superzoom.jpg,GSM / HSPA / LTE,GSM 850 / 900 / 1800 / 1900 - SIM 1 & SIM 2,HSDPA 850 / 900 / 2100,"HSPA 42.2/5.76 Mbps, LTE-A","2020, May 26","Available. Released 2020, June 02",163.8 x 75.8 x 8.9 mm (6.45 x 2.98 x 0.35 in),202 g (7.13 oz),"Dual SIM (Nano-SIM, dual stand-by)","IPS LCD capacitive touchscreen, 16M colors","6.6 inches, 105.2 cm2 (~84.7% screen-to-body ratio)","1080 x 2400 pixels, 20:9 ratio (~399 ppi density)",No,,,,"LED flash, HDR, panorama","4K@30/60fps, 1080p@30/60fps, 720p@960fps; gyro-EIS",,"1080p@30fps, gyro-EIS",Yes,No,"Wi-Fi 802.11 a/b/g/n/ac, dual-band, Wi-Fi Direct, hotspot","5.0, A2DP, LE","Yes, with dual-band A-GPS, GLONASS, BDS, GALILEO, QZSS",No,"2.0, Type-C 1.0 reversible connector","Fingerprint (side-mounted), accelerometer, gyro, proximity, compass",,,,,120Hz refresh rate,"Li-Po 4200 mAh, non-removable",,,,"Glacier Blue, Arctic White","€ 429.90 / $ 399.49 / £ 461.00 / ₹ 33,699",,,UFS 3.0,"128GB 8GB RAM, 256GB 12GB RAM",,24-bit/192kHz audio,Corning Gorilla Glass 5,,,"Android 10, Realme UI",Octa-core (1x2.96 GHz Kryo 485 & 3x2.42 GHz Kryo 485 & 4x1.78 GHz Kryo 485),,,"1, 2, 3, 4, 5, 7, 8, 20, 28, 38, 40, 41",Qualcomm SM8150 Snapdragon 855+ (7 nm),Adreno 640 (700 MHz),"64 MP, f/1.8, 26mm (wide), 1/1.72"", 0.8µm, PDAF 8 MP, f/3.4, 124mm (periscope telephoto), PDAF, OIS, 5x optical zoom 8 MP, f/2.3, 119˚, 16mm (ultrawide), 1/4.0"", 1.12µm 2 MP, f/2.4, (macro)",Panorama,"Fast charging 30W, 100% in 55 min (advertised)",,RMX2086,,,$ 399.49,,,,,,,"Glass front (Gorilla Glass 5), glass back, plastic frame","32 MP, f/2.5, 26mm (wide), 1/2.8"", 0.8µm 8 MP, f/2.2, 105˚ (ultrawide), 1/4.0"", 1.12µm",,AnTuTu: 477905 (v8) GeekBench: 2579 (v5.1) GFXBench: 35fps (ES 3.1 onscreen),Contrast ratio: 1316:1 (nominal),Photo / Video,-28.0 LUFS (Good),Endurance rating 103h,€ 429.90,,,,,,
realme,Realme 6S,https://fdn2.gsmarena.com/vv/bigpic/realme-6s.jpg,GSM / HSPA / LTE,GSM 850 / 900 / 1800 / 1900 - SIM 1 & SIM 2,HSDPA 850 / 900 / 1700(AWS) / 1900 / 2100 - International,"HSPA 42.2/11.5 Mbps, LTE-A (2CA) Cat6 300/75 Mbps","2020, May 26","Available. Released 2020, June 02",162.1 x 74.8 x 8.9 mm (6.38 x 2.94 x 0.35 in),191 g (6.74 oz),"Dual SIM (Nano-SIM, dual stand-by)","IPS LCD capacitive touchscreen, 16M colors","6.5 inches, 102.0 cm2 (~84.1% screen-to-body ratio)","1080 x 2400 pixels, 20:9 ratio (~405 ppi density)",microSDXC (dedicated slot),,,"16 MP, f/2.0, 26mm (wide), 1/3.06"", 1.0µm","LED flash, HDR, panorama","4K@30fps, 1080p@30/60/120fps, gyro-EIS",,1080p@30fps,Yes,Yes,"Wi-Fi 802.11 a/b/g/n/ac, dual-band, Wi-Fi Direct, hotspot","5.0, A2DP, LE","Yes, with A-GPS, GLONASS, BDS",FM radio,"2.0, Type-C 1.0 reversible connector, USB On-The-Go","Fingerprint (side-mounted), accelerometer, gyro, proximity, compass",,,,,Weather-sealed ports & loudspeaker,"Li-Po 4300 mAh, non-removable",,,,"Eclipse Black, Lunar White",€ 181.90 / $ 202.24 / £ 169.99,,,480 nits typ. brightness (advertised) 90Hz refresh rate,"64GB 4GB RAM, 128GB 6GB RAM",,UFS 2.1,Corning Gorilla Glass 3,,,"Android 10, Realme UI",Octa-core (2x2.05 GHz Cortex-A76 & 6x2.0 GHz Cortex-A55),,,"1, 2, 3, 4, 5, 7, 8, 20, 28, 38, 40, 41 - International",Mediatek MT6785 Helio G90T (12 nm),Mali-G76 MC4,"48 MP, f/1.8, 26mm (wide), 1/2.0"", 0.8µm, PDAF 8 MP, f/2.3, 119˚ (ultrawide), 1/4.0"", 1.12µm 2 MP, f/2.4, (macro) 2 MP B/W, f/2.4, (depth)","HDR, panorama","Fast charging 30W, 100% in 55 min (advertised)",,,,$ 202.24,,,,,,€ 181.90,,"Glass front (Gorilla Glass 3), plastic back, plastic frame",,,,,,,,,,,,,,
realme,Realme X50 Pro Player,https://fdn2.gsmarena.com/vv/bigpic/realme-x50-pro-player-edition.jpg,GSM / CDMA / HSPA / EVDO / LTE / 5G,GSM 850 / 900 / 1800 / 1900 - SIM 1 & SIM 2,HSDPA 800 / 850 / 900 / 1700(AWS) / 1900 / 2100,"HSPA 42.2/5.76 Mbps, LTE-A, 5G","2020, May 25","Available. Released 2020, June 01",159 x 74.2 x 8.9 mm (6.26 x 2.92 x 0.35 in),209 g (7.37 oz),"Dual SIM (Nano-SIM, dual stand-by)","Super AMOLED capacitive touchscreen, 16M colors","6.44 inches, 100.1 cm2 (~84.9% screen-to-body ratio)","1080 x 2400 pixels, 20:9 ratio (~409 ppi density)",No,,,,"LED flash, HDR, panorama","4K@30/60fps, 1080p@30/60/240/960fps; gyro-EIS",,"1080p@30/120fps, gyro-EIS","Yes, with dual speakers",No,"Wi-Fi 802.11 a/b/g/n/ac/6, dual-band, Wi-Fi Direct, hotspot","5.1, A2DP, LE, aptX HD","Yes, A-GPS, GLONASS, BDS, NavIC",No,"2.0, Type-C 1.0 reversible connector","Fingerprint (under display, optical), accelerometer, gyro, proximity, compass",,,,,CDMA 800 & TD-SCDMA,"Li-Po 4200 mAh, non-removable",,,,"Light Speed Silver, Phantom Black",$ 479.99,,,CDMA2000 1xEV-DO,"128GB 6GB RAM, 128GB 8GB RAM, 128GB 12GB RAM",,24-bit/192kHz audio,Unspecified,,,"Android 10, realme UI 1.0",Octa-core (1x2.84 GHz Kryo 585 & 3x2.42 GHz Kryo 585 & 4x1.8 GHz Kryo 585),,,"1, 2, 3, 4, 5, 7, 8, 12, 17, 20, 34, 38, 39, 40, 41",Qualcomm SM8250 Snapdragon 865 (7 nm+),Adreno 650,"48 MP, f/1.8, 26mm (wide), 1/2.0"", 0.8µm, PDAF 8 MP, f/2.3, 119˚, 16mm (ultrawide) 2 MP, f/2.4, (macro) 2 MP, f/2.4, (depth)",HDR,"Fast charging 65W, 100% in 35 min (advertised) SuperDart Flash Charge Power Delivery",,RMX2072,,$ 479.99,$ 509.68,Yes,,"1, 3, 41, 77, 78, 79 SA/NSA",,,,"Glass front (Unspecified), glass back (Unspecified), aluminum frame","16 MP, f/2.5, 29mm (standard), 1/3.06"", 1.0µm 2 MP, f/2.4, (depth)",,,,,,,,$ 539.92,,,,,
realme,Realme Watch,https://fdn2.gsmarena.com/vv/bigpic/realme-watch.jpg,No cellular connectivity,N/A,N/A,No,"2020, May 25","Available. Released 2020, June 05",36.5 x 25.6 x 11.8 mm (1.44 x 1.01 x 0.46 in),31 g (1.09 oz),No,"IPS LCD capacitive touchscreen, 16M colors","1.4 inches, 6.3 cm2 (~67.7% screen-to-body ratio)","320 x 320 pixels, 1:1 ratio (~323 ppi density)",No,No,No,,,,,,No,No,No,"5.0, A2DP, LE",No,No,No,"Accelerometer, heart rate, SpO2","Email, IM",,No,No,IP68 dust/water resistant (up to 1.5m),"Li-Ion 160 mAh, non-removable",,,,Black,€ 50.15 / $ 59.99,No,No,380 nits typ. brightness,,,No,,,,,,,,N/A,,,,,Wireless charging,,RMA161,,,,,,,,,,"Glass front (Gorilla Glass 3), plastic back, plastic frame",,,,,,,,,,€ 50.15,,,,
realme,Realme Narzo 10,https://fdn2.gsmarena.com/vv/bigpic/realme-narzo-10.jpg,GSM / HSPA / LTE,GSM 850 / 900 / 1800 / 1900 - SIM 1 & SIM 2,HSDPA 850 / 900 / 2100,"HSPA 42.2/5.76 Mbps, LTE-A","2020, May 11","Available. Released 2020, May 18",164.4 x 75.4 x 9 mm (6.47 x 2.97 x 0.35 in),199 g (7.02 oz),"Dual SIM (Nano-SIM, dual stand-by)","IPS LCD capacitive touchscreen, 16M colors","6.5 inches, 102.8 cm2 (~82.9% screen-to-body ratio)","720 x 1600 pixels, 20:9 ratio (~269 ppi density)",microSDXC (dedicated slot),,,"16 MP, f/2.0, 26mm (wide), 1/3.06"", 1.0µm","LED flash, HDR, panorama","1080p@30fps, gyro-EIS",,1080p@30fps,Yes,Yes,"Wi-Fi 802.11 b/g/n, Wi-Fi Direct, hotspot","5.0, A2DP, LE","Yes, with A-GPS, GLONASS, BDS",FM radio,"2.0, Type-C 1.0 reversible connector, USB On-The-Go","Fingerprint (rear-mounted), accelerometer, gyro, proximity, compass",,,,,Weather-sealed ports & loudspeaker,"Li-Po 5000 mAh, non-removable",,,,"That White, That Green","$ 269.99 / £ 174.90 / ₹ 13,945",,,480 nits typ. brightness (advertised),128GB 4GB RAM,,eMMC 5.1,Corning Gorilla Glass 3,,,"Android 10, Realme UI 1.0",Octa-core (2x2.0 GHz Cortex-A75 & 6x1.8 GHz Cortex-A55),,,"1, 3, 5, 8, 38, 40, 41",Mediatek Helio G80 (12 nm),Mali-G52 MC2,"48 MP, f/1.8, 26mm (wide), 1/2.0"", 0.8µm, PDAF 8 MP, f/2.3, 119˚ (ultrawide), 1/4.0"", 1.12µm 2 MP, f/2.4, (macro) 2 MP B/W, f/2.4","HDR, panorama",Fast charging 18W Reverse charging,,RMX2040,0.86 W/kg (head)     0.61 W/kg (body),,,,,,,,,"Glass front, plastic back, plastic frame",,,,,,,,,,,£ 174.90,,,
realme,Realme Narzo 10A,https://fdn2.gsmarena.com/vv/bigpic/realme-narzo-10a.jpg,GSM / HSPA / LTE,GSM 850 / 900 / 1800 / 1900 - SIM 1 & SIM 2,HSDPA 850 / 900 / 2100,"HSPA 42.2/11.5 Mbps, LTE-A (2CA) Cat6 300/75 Mbps","2020, May 11","Available. Released 2020, May 22",164.4 x 75 x 9 mm (6.47 x 2.95 x 0.35 in),195 g (6.88 oz),"Dual SIM (Nano-SIM, dual stand-by)","IPS LCD capacitive touchscreen, 16M colors","6.5 inches, 102.8 cm2 (~83.3% screen-to-body ratio)","720 x 1600 pixels, 20:9 ratio (~269 ppi density)",microSDXC (dedicated slot),,,"5 MP, f/2.4, 28mm (wide), 1/5"", 1.12µm","LED flash, HDR, panorama",1080p@30fps,,1080p@30fps,Yes,Yes,"Wi-Fi 802.11 b/g/n, hotspot","5.0, A2DP, LE","Yes, with A-GPS, GLONASS, BDS",FM radio,"microUSB 2.0, USB On-The-Go","Fingerprint (rear-mounted), accelerometer, proximity, compass",,,,,Weather-sealed ports & loudspeaker,"Li-Po 5000 mAh, non-removable",,,,"So Blue, So White","$ 199.99 / ₹ 11,290",,,480 nits typ. brightness (advertised),"32GB 3GB RAM, 64GB 4GB RAM",,eMMC 5.1,Corning Gorilla Glass 3,,,"Android 10, realme UI 1.0",Octa-core (2x2.0 GHz Cortex-A75 & 6x1.7 GHz Cortex-A55),,,"1, 3, 5, 8, 38, 40, 41",Mediatek Helio G70 (12 nm),Mali-G52 2EEMC2,,"HDR, panorama",Charging 10W Reverse charging,"12 MP, f/1.8, 28mm (wide), 1/2.8"", 1.25µm, PDAF 2 MP, f/2.4 (macro) 2 MP, f/1.8, (depth)",RMX2020,1.13 W/kg (head)     0.69 W/kg (body),,,,,,$ 199.99,"₹ 11,999",,"Glass front (Gorilla Glass 3), plastic back, plastic frame",,,,,,,,,,,,,,
realme,Realme X50m 5G,https://fdn2.gsmarena.com/vv/bigpic/realme-x50m-5g.jpg,GSM / CDMA / HSPA / EVDO / LTE / 5G,GSM 850 / 900 / 1800 / 1900 - SIM 1 & SIM 2,HSDPA 850 / 900 / 1700 / 1900 / 2100,"HSPA 42.2/5.76 Mbps, LTE-A, 5G","2020, April 23","Available. Released 2020, April 29",163.8 x 75.8 x 8.9 mm (6.45 x 2.98 x 0.35 in),194 g (6.84 oz),"Dual SIM (Nano-SIM, dual stand-by)","IPS LCD capacitive touchscreen, 16M colors","6.57 inches, 105.3 cm2 (~84.8% screen-to-body ratio)","1080 x 2400 pixels, 20:9 ratio (~399 ppi density)",No,,,,"LED flash, HDR, panorama","4K@30fps, 1080p@30/60fps; gyro-EIS",,1080p@30/120fps,Yes,No,"Wi-Fi 802.11 a/b/g/n/ac, dual-band, Wi-Fi Direct, hotspot","5.0, A2DP, LE","Yes, with A-GPS, GLONASS, BDS",Unspecified,"2.0, Type-C 1.0 reversible connector","Fingerprint (side-mounted), accelerometer, gyro, proximity, compass",,,,,CDMA 800 & TD-SCDMA,"Li-Po 4200 mAh, non-removable",,,,"Starry Blue, Galaxy White",$ 244.43,,,CDMA2000 1xEV-DO,"128GB 6GB RAM, 128GB 8GB RAM",,24-bit/192kHz audio,,,,"Android 10, Realme UI",Octa-core (1x2.4 GHz Kryo 475 Prime & 1x2.2 GHz Kryo 475 Gold & 6x1.8 GHz Kryo 475 Silver),,,"1, 2, 3, 4, 5, 7, 8, 34, 38, 39, 40, 41",Qualcomm SDM765 Snapdragon 765G (7 nm),Adreno 620,"48 MP, f/1.8, 25mm (wide), 1/2.0"", 0.8µm, PDAF 8 MP, f/2.3, 16mm (ultrawide), 1/4.0"", 1.12µm 2 MP, f/2.4, (macro) 2 MP, f/2.4, (depth)",HDR,"Fast charging 30W, 70% in 30 min (advertised)",,,,$ 244.43,$ 459.99,Yes,,"1, 3, 41, 77, 78, 79 SA/NSA",,,,,"16 MP, f/2.0, 26mm (wide), 1/3.06"", 1.0µm 2 MP, f/2.4, (depth)",,,,,,,,,,,,,
realme,Realme 6i,https://fdn2.gsmarena.com/vv/bigpic/realme-6i.jpg,GSM / HSPA / LTE,GSM 850 / 900 / 1800 / 1900 - SIM 1 & SIM 2,HSDPA 850 / 900 / 1700(AWS) / 1900 / 2100 - Global,"HSPA 42.2/5.76 Mbps, LTE-A","2020, March 17","Available. Released 2020, March 29",164.4 x 75.4 x 9 mm (6.47 x 2.97 x 0.35 in),199 g (7.02 oz),"Dual SIM (Nano-SIM, dual stand-by)","IPS LCD capacitive touchscreen, 16M colors","6.5 inches, 102.8 cm2 (~82.9% screen-to-body ratio)","720 x 1600 pixels, 20:9 ratio (~269 ppi density)",microSDXC (dedicated slot),,,"16 MP, f/2.0, 26mm (wide), 1/3.06"", 1.0µm","LED flash, HDR, panorama","1080p@30fps, gyro-EIS",,1080p@30fps,Yes,Yes,"Wi-Fi 802.11 b/g/n, Wi-Fi Direct, hotspot","5.0, A2DP, LE","Yes, with A-GPS, GLONASS, BDS",FM radio,"2.0, Type-C 1.0 reversible connector, USB On-The-Go","Fingerprint (rear-mounted), accelerometer, gyro, proximity, compass",,,,,HSDPA 850 / 900 / 2100 - India,"Li-Po 5000 mAh, non-removable",,,,"White Milk, Green Tea, Blue Soda","€ 176.69 / $ 167.50 / £ 168.54 / ₹ 14,249",,,"1, 3, 5, 8, 38, 40, 41 - India","64GB 3GB RAM, 64GB 4GB RAM, 128GB 4GB RAM",,eMMC 5.1,Corning Gorilla Glass 3,,,"Android 10, Realme UI 1.0",Octa-core (2x2.0 GHz Cortex-A75 & 6x1.8 GHz Cortex-A55),,,"1, 2, 3, 4, 5, 7, 8, 20, 28, 38, 40, 41 - Global",Mediatek Helio G80 (12 nm),Mali-G52 MC2,"48 MP, f/1.8, 26mm (wide), 1/2.0"", 0.8µm, PDAF 8 MP, f/2.3, 119˚ (ultrawide), 1/4.0"", 1.12µm 2 MP, f/2.4, (macro) 2 MP B/W, f/2.4","HDR, panorama",Fast charging 18W Reverse charging,,RMX2040,,,,Yes (market/region dependent),,,,"₹ 14,249",$ 179.00,"Glass front, plastic back, plastic frame",,,"AnTuTu: 202275 (v8) GeekBench: 5890 (v4.4), 1349 (v5.1) GFXBench: 17fps (ES 3.1 onscreen)",Contrast ratio: 1610:1 (nominal),Photo / Video,-30.5 LUFS (Below average),Endurance rating 186h,,,,€ 176.69,,,
realme,Realme 6 Pro,https://fdn2.gsmarena.com/vv/bigpic/realme-6-pro.jpg,GSM / HSPA / LTE,GSM 850 / 900 / 1800 / 1900 - SIM 1 & SIM 2,HSDPA 850 / 900 / 1700(AWS) / 1900 / 2100 - Global,"HSPA 42.2/11.5 Mbps, LTE-A (2CA) Cat6 300/150 Mbps","2020, March 05","Available. Released 2020, March 13",163.8 x 75.8 x 8.9 mm (6.45 x 2.98 x 0.35 in),202 g (7.13 oz),"Dual SIM (Nano-SIM, dual stand-by)","IPS LCD capacitive touchscreen, 16M colors","6.6 inches, 105.2 cm2 (~84.7% screen-to-body ratio)","1080 x 2400 pixels, 20:9 ratio (~399 ppi density)",microSDXC (dedicated slot),,,,"LED flash, HDR, panorama","4K@30fps, 1080p@30/60/120fps, gyro-EIS",,1080p@30fps,Yes,Yes,"Wi-Fi 802.11 a/b/g/n/ac, dual-band, Wi-Fi Direct, hotspot","5.1, A2DP, LE","Yes, with dual-band A-GPS, GLONASS, BDS, NavIC",FM radio,"2.0, Type-C 1.0 reversible connector, USB On-The-Go","Fingerprint (side-mounted), accelerometer, gyro, proximity, compass",,,,,HSDPA 850 / 900 / 2100 - India,"Li-Po 4300 mAh, non-removable",,,,"Lightning Blue, Lightning Orange, Lightning Red","€ 275.09 / $ 250.31 / £ 249.00 / ₹ 18,889",,,"1, 3, 5, 8, 38, 40, 41 - India","64GB 6GB RAM, 128GB 6GB RAM, 128GB 8GB RAM",,24-bit/192kHz audio,Corning Gorilla Glass 5,,,"Android 10, Realme UI",Octa-core (2x2.3 GHz Kryo 465 Gold & 6x1.8 GHz Kryo 465 Silver),,,"1, 2, 3, 4, 5, 7, 8, 20, 28, 38, 40, 41 - Global",Qualcomm SM7125 Snapdragon 720G (8 nm),Adreno 618,"64 MP, f/1.8, 26mm (wide), 1/1.72"", 0.8µm, PDAF 12 MP, f/2.5, 54mm (telephoto), 1/3.4"", 1.0µm, PDAF, 2x optical zoom 8 MP, f/2.3, 13mm (ultrawide), 1/4.0"", 1.12µm 2 MP, f/2.4, (macro)","HDR, panorama","Fast charging 30W, 100% in 57 min (advertised) VOOC 4.0",,"RMX2061, RMX2063",1.19 W/kg (head)     0.92 W/kg (body),£ 279.89,€ 275.09,Yes (market/region dependent),£ 249.00,,,,,"Glass front (Gorilla Glass 5), glass back, plastic frame","16 MP, f/2.1, 26mm (wide), 1/3.06"", 1.0µm 8 MP, f/2.2, 105˚ (ultrawide), 1/4.0"", 1.12µm",,"AnTuTu: 268785 (v8) GeekBench: 7027 (v4.4), 1666 (v5.1) GFXBench: 19fps (ES 3.1 onscreen)",Contrast ratio: 1324:1 (nominal),Photo / Video,-28.5 LUFS (Average),Endurance rating 107h,,,,,,,
realme,Realme 6,https://fdn2.gsmarena.com/vv/bigpic/realme-6.jpg,GSM / HSPA / LTE,GSM 850 / 900 / 1800 / 1900 - SIM 1 & SIM 2,HSDPA 850 / 900 / 1700(AWS) / 1900 / 2100 - Global,"HSPA 42.2/11.5 Mbps, LTE-A (2CA) Cat6 300/75 Mbps","2020, March 05","Available. Released 2020, March 11",162.1 x 74.8 x 8.9 mm (6.38 x 2.94 x 0.35 in),191 g (6.74 oz),"Dual SIM (Nano-SIM, dual stand-by)","IPS LCD capacitive touchscreen, 16M colors","6.5 inches, 102.0 cm2 (~84.1% screen-to-body ratio)","1080 x 2400 pixels, 20:9 ratio (~405 ppi density)",microSDXC (dedicated slot),,,"16 MP, f/2.0, 26mm (wide), 1/3.06"", 1.0µm","LED flash, HDR, panorama","4K@30fps, 1080p@30/60/120fps, gyro-EIS",,1080p@30fps,Yes,Yes,"Wi-Fi 802.11 a/b/g/n/ac, dual-band, Wi-Fi Direct, hotspot","5.0, A2DP, LE","Yes, with A-GPS, GLONASS, BDS",FM radio,"2.0, Type-C 1.0 reversible connector, USB On-The-Go","Fingerprint (side-mounted), accelerometer, gyro, proximity, compass",,,,,HSDPA 850 / 900 / 2100 - India,"Li-Po 4300 mAh, non-removable",,,,"Comet Blue, Comet White","€ 189.98 / $ 197.39 / £ 189.99 / ₹ 14,500",,,"1, 3, 5, 8, 38, 40, 41 - India","64GB 4GB RAM, 128GB 4GB RAM, 128GB 6GB RAM, 128GB 8GB RAM",,UFS 2.1,Corning Gorilla Glass 3,,0.71 W/kg (head)     0.57 W/kg (body),"Android 10, Realme UI",Octa-core (2x2.05 GHz Cortex-A76 & 6x2.0 GHz Cortex-A55),,,"1, 2, 3, 4, 5, 7, 8, 20, 28, 38, 40, 41 - Global",Mediatek MT6785 Helio G90T (12 nm),Mali-G76 MC4,"64 MP, f/1.8, 26mm (wide), 1/1.72"", 0.8µm, PDAF 8 MP, f/2.3, 13mm (ultrawide), 1/4.0"", 1.12µm 2 MP, f/2.4, (macro) 2 MP B/W, f/2.4, (depth)","HDR, panorama","Fast charging 30W, 100% in 55 min (advertised)",,RMX2001,1.14 W/kg (head)     0.59 W/kg (body),£ 244.00,,Yes (market/region dependent),,,,€ 189.98,,"Glass front (Gorilla Glass 3), plastic back, plastic frame",,,"AnTuTu: 288931 (v8) GeekBench: 7815 (v4.4), 1726 (v5.1) GFXBench: 16fps (ES 3.1 onscreen)",Contrast ratio: 1315:1 (nominal),Photo / Video,-28.7 LUFS (Average),Endurance rating 106h,,,,€ 208.47,,,
realme,Realme X50 Pro 5G,https://fdn2.gsmarena.com/vv/bigpic/realme-x50-pro-5g-.jpg,GSM / HSPA / LTE / 5G,GSM 850 / 900 / 1800 / 1900 - SIM 1 & SIM 2,HSDPA 800 / 850 / 900 / 1700(AWS) / 1900 / 2100,"HSPA 42.2/5.76 Mbps, LTE-A, 5G","2020, February 24","Available. Released 2020, March 05",159 x 74.2 x 8.9 mm (6.26 x 2.92 x 0.35 in),205 g (7.23 oz),"Dual SIM (Nano-SIM, dual stand-by)","Super AMOLED capacitive touchscreen, 16M colors","6.44 inches, 100.1 cm2 (~84.9% screen-to-body ratio)","1080 x 2400 pixels, 20:9 ratio (~409 ppi density)",No,,,,"LED flash, HDR, panorama","4K@30/60fps, 1080p@30/60fps; gyro-EIS",,"1080p@30/120fps, gyro-EIS","Yes, with dual speakers",No,"Wi-Fi 802.11 a/b/g/n/ac/6, dual-band, Wi-Fi Direct, hotspot","5.1, A2DP, LE, aptX HD","Yes, with dual-band A-GPS, GLONASS, BDS, GALILEO, NavIC",No,"2.0, Type-C 1.0 reversible connector","Fingerprint (under display, optical), accelerometer, gyro, proximity, compass",,,,,"1, 2, 3, 4, 5, 7, 8, 12, 17, 20, 34, 38, 39, 40, 41 - india","Li-Po 4200 mAh, non-removable",,,,"Moss Green, Rust Red",€ 579.00 / $ 504.35 / £ 499.99,,,"41, 78, 79 SA/NSA - India","128GB 6GB RAM, 128GB 8GB RAM, 256GB 8GB RAM, 256GB 12GB RAM",,24-bit/192kHz audio,Corning Gorilla Glass 5,,,"Android 10, realme UI 1.0",Octa-core (1x2.84 GHz Kryo 585 & 3x2.42 GHz Kryo 585 & 4x1.8 GHz Kryo 585),,,"1, 2, 3, 4, 5, 7, 8, 12, 17, 18, 19, 20, 26, 28, 32, 38, 39, 40, 41, 42, 66 - Global",Qualcomm SM8250 Snapdragon 865 (7 nm+),Adreno 650,"64 MP, f/1.8, 26mm (wide), 1/1.72"", 0.8µm, PDAF 12 MP, f/2.5, 54mm (telephoto), 2x optical zoom, PDAF 8 MP, f/2.3, 13mm (ultrawide), PDAF 2 MP B/W, f/2.4, (depth)",HDR,"Fast charging 65W, 100% in 35 min (advertised) SuperDart Flash Charge Power Delivery",,"RMX2075, RMX2071",,£ 599.00,€ 579.00,Yes,,"1, 3, 5, 7, 28, 38, 40, 41, 77, 78 SA/NSA - Global",,,,"Glass front (Gorilla Glass 5), glass back (Gorilla Glass 5), aluminum frame","32 MP, f/2.5, 26mm (wide), 1/2.8"", 0.8µm 8 MP, f/2.2, 17mm (ultrawide), 1/4.0"", 1.12µm",,AnTuTu: 592447 (v8) GeekBench: 3175 (v5.1) GFXBench: 45fps (ES 3.1 onscreen),Contrast ratio: Infinite (nominal),Photo / Video,-23.2 LUFS (Very good),Endurance rating 90h,£ 499.99,,,,,,
realme,Realme C3 (3 cameras),https://fdn2.gsmarena.com/vv/bigpic/reame-c3-3cameras.jpg,GSM / HSPA / LTE,GSM 850 / 900 / 1800 / 1900 - SIM 1 & SIM 2,HSDPA 850 / 900 / 2100,"HSPA 42.2/11.5 Mbps, LTE-A (2CA) Cat6 300/75 Mbps","2020, February 19","Available. Released 2020, February 20",164.4 x 75 x 9 mm (6.47 x 2.95 x 0.35 in),195 g (6.88 oz),"Dual SIM (Nano-SIM, dual stand-by)","IPS LCD capacitive touchscreen, 16M colors","6.5 inches, 102.0 cm2 (~82.7% screen-to-body ratio)","720 x 1600 pixels, 20:9 ratio (~270 ppi density)",microSDXC (dedicated slot),,,"5 MP, f/2.4, 27mm (wide), 1/5"", 1.12µm","LED flash, HDR, panorama",1080p@30fps,,1080p@30fps,Yes,Yes,"Wi-Fi 802.11 b/g/n, hotspot","5.0, A2DP, LE, aptX","Yes, with A-GPS, GLONASS, BDS",FM radio,"microUSB 2.0, USB On-The-Go","Fingerprint (rear-mounted), accelerometer, proximity, compass",,,,,"1, 3, 5, 7, 8, 38, 40, 41 - India","Li-Po 5000 mAh, non-removable",,,,"Frozen Blue, Blazing Red",€ 104.24 / $ 109.99 / £ 134.00,,,Weather-sealed ports & loudspeaker,"32GB 2GB RAM, 32GB 3GB RAM, 64GB 3GB RAM, 64GB 4GB RAM",,eMMC 5.1,Corning Gorilla Glass 3,,,"Android 10, realme UI 1.0",Octa-core (2x2.0 GHz Cortex-A75 & 6x1.7 GHz Cortex-A55),,,"1, 3, 5, 7, 8, 20, 28, 38, 40, 41 - Global",Mediatek Helio G70 (12 nm),Mali-G52 2EEMC2,,"HDR, panorama",Charging 10W Reverse charging,"12 MP, f/1.8, 28mm (wide), 1/2.8"", 1.25µm, PDAF 2 MP, (macro) 2 MP, f/2.4, (depth)",,,,,,,,$ 114.41,,€ 104.24,"Glass front (Gorilla Glass 3), plastic back, plastic frame",,,,,,,,,,,,,,
realme,Realme C3,https://fdn2.gsmarena.com/vv/bigpic/realme-c3-2020.jpg,GSM / HSPA / LTE,GSM 850 / 900 / 1800 / 1900 - SIM 1 & SIM 2,HSDPA 850 / 900 / 2100,"HSPA 42.2/11.5 Mbps, LTE-A (2CA) Cat6 300/75 Mbps","2020, February 05","Available. Released 2020, February 14",164.4 x 75 x 9 mm (6.47 x 2.95 x 0.35 in),195 g (6.88 oz),"Dual SIM (Nano-SIM, dual stand-by)","IPS LCD capacitive touchscreen, 16M colors","6.5 inches, 103.7 cm2 (~84.1% screen-to-body ratio)","720 x 1560 pixels, 19.5:9 ratio (~264 ppi density)",microSDXC (dedicated slot),,,"5 MP, f/2.4, 27mm (wide), 1/5"", 1.12µm","LED flash, HDR, panorama",1080p@30fps,,1080p@30fps,Yes,Yes,"Wi-Fi 802.11 b/g/n, hotspot","5.0, A2DP, LE, aptX","Yes, with A-GPS, GLONASS, BDS",FM radio,"microUSB 2.0, USB On-The-Go","Accelerometer, proximity, compass",,,,,Weather-sealed ports & loudspeaker,"Li-Po 5000 mAh, non-removable",,,,"Frozen Blue, Blazing Red, Volcano Grey shade","$ 124.42 / £ 129.90 / ₹ 9,299",,,480 nits max brightness (advertised),"32GB 2GB RAM, 32GB 3GB RAM, 64GB 4GB RAM, 64GB 3GB RAM",,eMMC 5.1,Corning Gorilla Glass 3,,,"Android 10, realme UI 1.0",Octa-core (2x2.0 GHz Cortex-A75 & 6x1.7 GHz Cortex-A55),,,"1, 3, 5, 8, 38, 40, 41",Mediatek Helio G70 (12 nm),Mali-G52 2EEMC2,,"HDR, panorama",Charging 10W,,"RMX2027, RMX2020",,,,,,,£ 129.90,£ 169.90,$ 124.42,"Glass front (Gorilla Glass 3), plastic back, plastic frame","12 MP, f/1.8, 28mm (wide), 1/2.8"", 1.25µm, PDAF 2 MP, f/2.4, (depth)",,AnTuTu: 192223 (v8) GeekBench: 1262 (v5.1) GFXBench: 15fps (ES 3.1 onscreen),,,,,,,,,,,
realme,Realme X50 5G (China),https://fdn2.gsmarena.com/vv/bigpic/realme-x50-5g-.jpg,GSM / CDMA / HSPA / EVDO / LTE / 5G,GSM 850 / 900 / 1800 / 1900 - SIM 1 & SIM 2,HSDPA 850 / 900 / 1700(AWS) / 1900 / 2100,"HSPA 42.2/5.76 Mbps, LTE-A, 5G (1.9 Gbps DL)","2020, January 07","Available. Released 2020, January",163.8 x 75.8 x 8.9 mm (6.45 x 2.98 x 0.35 in),202 g (7.13 oz),"Dual SIM (Nano-SIM, dual stand-by)","IPS LCD capacitive touchscreen, 16M colors","6.57 inches, 104.2 cm2 (~83.9% screen-to-body ratio)","1080 x 2400 pixels, 20:9 ratio (~401 ppi density)",No,,,,"LED flash, HDR, panorama","4K@30fps, 1080p@30/60fps; gyro-EIS",,"1080p@30fps, gyro-EIS",Yes,No,"Wi-Fi 802.11 a/b/g/n/ac, dual-band, Wi-Fi Direct, hotspot","5.0, A2DP, LE","Yes, with dual-band A-GPS, GLONASS, BDS, GALILEO",Unspecified,"2.0, Type-C 1.0 reversible connector","Fingerprint (side-mounted), accelerometer, gyro, proximity, compass",,,,,CDMA 800 & TD-SCDMA,"Li-Po 4200 mAh, non-removable",,,,"Glacier, Polar",$ 409.99,,,CDMA2000 1xEV-DO,"64GB 6GB RAM, 128GB 8GB RAM, 256GB 6GB RAM, 256GB 12GB RAM",,24-bit/192kHz audio,Corning Gorilla Glass 5,,,"Android 10, ColorOS 7",Octa-core (1x2.4 GHz Kryo 475 Prime & 1x2.2 GHz Kryo 475 Gold & 6x1.8 GHz Kryo 475 Silver),,,"1, 2, 3, 4, 5, 7, 8, 34, 38, 39, 40, 41",Qualcomm SDM765 Snapdragon 765G (7 nm),Adreno 620,"64 MP, f/1.8, 26mm (wide), 1/1.72"", 0.8µm, PDAF 12 MP, f/3.0, 54mm (telephoto), 2x optical zoom, PDAF 8 MP, f/2.3, 13mm (ultrawide) 2 MP, f/2.4, (macro)",HDR,"Fast charging 30W, 70% in 30 min (advertised) VOOC 4.0",,"RMX2051, RMX2025",,,,Yes,$ 409.99,"1, 41, 78, 79 SA/NSA",,,,"Glass front (Gorilla Glass 5), glass back (Gorilla Glass 5), aluminum frame","16 MP, f/2.0, 26mm (wide), 1/3.06"", 1.0µm 8 MP, f/2.2, 17mm (ultrawide), 1/4.0"", 1.12µm",,,,,,,,,,,,,
realme,Realme 5i,https://fdn2.gsmarena.com/vv/bigpic/realme-5i.jpg,GSM / HSPA / LTE,GSM 850 / 900 / 1800 / 1900 - SIM 1 & SIM 2,HSDPA 850 / 900 / 2100,"HSPA 42.2/5.76 Mbps, LTE-A (2CA) 450/50 Mbps","2020, January 06","Available. Released 2020, January",164.4 x 75 x 9.3 mm (6.47 x 2.95 x 0.37 in),195 g (6.88 oz),"Dual SIM (Nano-SIM, dual stand-by)","IPS LCD capacitive touchscreen, 16M colors","6.52 inches, 102.6 cm2 (~83.2% screen-to-body ratio)","720 x 1600 pixels, 20:9 ratio (~269 ppi density)",microSDXC (dedicated slot),,,"8 MP, f/2.0","LED flash, HDR, panorama","4K@30fps, 1080p@30fps, gyro-EIS",,1080p@30fps,Yes,Yes,"Wi-Fi 802.11 a/b/g/n/ac, dual-band, Wi-Fi Direct, hotspot","5.0, A2DP, LE","Yes, with A-GPS, GLONASS, GALILEO, BDS",FM radio,"microUSB 2.0, USB On-The-Go","Fingerprint (rear-mounted), accelerometer, gyro, proximity, compass",,,,,"1, 3, 5, 8, 38, 40, 41 - India","Li-Po 5000 mAh, non-removable",,,,"Blue, Green","€ 229.72 / $ 199.99 / ₹ 11,999",,,eMMC,"32GB 3GB RAM, 64GB 4GB RAM",,,Corning Gorilla Glass (unspecified),,,"Android 9.0 (Pie), upgradable to Android 10, Realme UI",Octa-core (4x2.0 GHz Kryo 260 Gold & 4x1.8 GHz Kryo 260 Silver),,,"1, 3, 5, 7, 8, 20, 28, 38, 40, 41 - Global",Qualcomm SDM665 Snapdragon 665 (11 nm),Adreno 610,"12 MP, f/1.8, (wide), 1/2.9"", 1.25µm, PDAF 8 MP, f/2.3, 13mm (ultrawide) 2 MP, f/2.4, (macro) 2 MP, f/2.4, (depth)","HDR, panorama",Charging 10W,,RMX2030,,,,,,,,€ 229.72,,"Glass front (Gorilla Glass), plastic back, plastic frame",,,,,,,,,,,,,,
realme,Realme 5s,https://fdn2.gsmarena.com/vv/bigpic/realme-5s.jpg,GSM / HSPA / LTE,GSM 850 / 900 / 1800 / 1900 - SIM 1 & SIM 2,HSDPA 850 / 900 / 2100,"HSPA 42.2/5.76 Mbps, LTE-A (2CA) 450/50 Mbps","2019, November 20","Available. Released 2019, November",164.4 x 75.6 x 9.3 mm (6.47 x 2.98 x 0.37 in),198 g (6.98 oz),"Dual SIM (Nano-SIM, dual stand-by)","IPS LCD capacitive touchscreen, 16M colors","6.5 inches, 102.8 cm2 (~82.7% screen-to-body ratio)","720 x 1600 pixels, 20:9 ratio (~269 ppi density)",microSDXC (dedicated slot),,,"13 MP, f/2.0, 26mm (wide), 1/3.1"", 1.12µm","LED flash, HDR, panorama","4K@30fps, 1080p@30fps, gyro-EIS",,1080p@30fps,Yes,Yes,"Wi-Fi 802.11 a/b/g/n/ac, dual-band, Wi-Fi Direct, hotspot","5.0, A2DP, LE","Yes, with A-GPS, GLONASS, GALILEO, BDS",FM radio,"microUSB 2.0, USB On-The-Go","Fingerprint (rear-mounted), accelerometer, gyro, proximity, compass",,,,,Weather-sealed ports & loudspeaker,"Li-Po 5000 mAh, non-removable",,,,"Crystal Purple, Crystal Blue, Crystal Red","$ 320.80 / ₹ 14,980",,,eMMC,"64GB 4GB RAM, 128GB 4GB RAM",,,Corning Gorilla Glass 3+,,,"Android 9.0 (Pie), upgradable to Android 10, Realme UI",Octa-core (4x2.0 GHz Kryo 260 Gold & 4x1.8 GHz Kryo 260 Silver),,,"1, 3, 5, 8, 38, 40, 41",Qualcomm SDM665 Snapdragon 665 (11 nm),Adreno 610,"48 MP, f/1.8, (wide), 1/2.0"", 0.8µm, PDAF 8 MP, f/2.2, 13mm (ultrawide) 2 MP, f/2.4, (macro) 2 MP, f/2.4, (depth)","HDR, panorama",Charging 10W,,RMX1925,,,,,,,,,,"Glass front (Gorilla Glass 3), plastic back, plastic frame",,,"AnTuTu: 139103 (v7), 168635 (v8) GeekBench: 5596 (v4.4) GFXBench: 12fps (ES 3.1 onscreen)",Contrast ratio: 1412:1,Photo / Video,Voice 66dB / Noise 73dB / Ring 89dB,Endurance rating 143h,,,,$ 320.80,Noise -93.5dB / Crosstalk -90.1dB,,
realme,Realme C2s,https://fdn2.gsmarena.com/vv/bigpic/realme-c2s.jpg,GSM / HSPA / LTE,GSM 850 / 900 / 1800 / 1900 - SIM 1 & SIM 2,HSDPA 850 / 900 / 2100,"HSPA 42.2/5.76 Mbps, LTE-A","2020, January","Available. Released 2020, January",154.3 x 73.7 x 8.5 mm (6.07 x 2.90 x 0.33 in),166 g (5.86 oz),"Dual SIM (Nano-SIM, dual stand-by)","IPS LCD capacitive touchscreen, 16M colors","6.1 inches, 91.3 cm2 (~80.3% screen-to-body ratio)","720 x 1560 pixels, 19.5:9 ratio (~282 ppi density)",microSDXC (dedicated slot),,,"5 MP, f/2.0, 1/5"", 1.12µm","LED flash, HDR, panorama",1080p@30fps,,1080p@30fps,Yes,Yes,"Wi-Fi 802.11 b/g/n, hotspot","4.2, A2DP, LE","Yes, with A-GPS, GLONASS, BDS",FM radio,"microUSB 2.0, USB On-The-Go","Accelerometer, proximity, compass",,,,,eMMC 5.1,"Li-Po 4000 mAh, non-removable",,,,Diamond Black,About 40 EUR,,,,32GB 3GB RAM,,,,,,"Android 9.0 (Pie), ColorOS 6.1",Octa-core 2.0 GHz Cortex-A53,,,"1, 3, 5, 8, 38, 40, 41",Mediatek MT6762 Helio P22 (12 nm),PowerVR GE8320,,HDR,,,,,,,,,,,,,"Glass front, plastic back, plastic frame","13 MP, f/2.2, 1/3.1"", 1.12µm, PDAF 2 MP, f/2.4, (depth)",,,,,,,,,,,,,
realme,Realme C2 2020,https://fdn2.gsmarena.com/vv/bigpic/realme-c2.jpg,GSM / HSPA / LTE,GSM 850 / 900 / 1800 / 1900 - SIM 1 & SIM 2,HSDPA 850 / 900 / 2100,"HSPA 42.2/5.76 Mbps, LTE-A","2019, November","Available. Released 2019, November",154.3 x 73.7 x 8.5 mm (6.07 x 2.90 x 0.33 in),166 g (5.86 oz),"Dual SIM (Nano-SIM, dual stand-by)","IPS LCD capacitive touchscreen, 16M colors","6.1 inches, 91.3 cm2 (~80.3% screen-to-body ratio)","720 x 1560 pixels, 19.5:9 ratio (~282 ppi density)",microSDXC (dedicated slot),,,"5 MP, f/2.0, 1/5"", 1.12µm","LED flash, HDR, panorama",1080p@30fps,,1080p@30fps,Yes,Yes,"Wi-Fi 802.11 b/g/n, hotspot","4.2, A2DP, LE","Yes, with A-GPS, GLONASS, BDS",FM radio,"microUSB 2.0, USB On-The-Go","Accelerometer, proximity, compass",,,,,eMMC 5.1,"Li-Po 4000 mAh, non-removable",,,,"Diamond Black, Diamond Blue",About 100 EUR,,,,"32GB 2GB RAM, 64GB 3GB RAM",,,Corning Gorilla Glass 3,,,"Android 9.0 (Pie), ColorOS 6 Lite",Octa-core 2.0 GHz Cortex-A53,,,"1, 3, 5, 8, 38, 40, 41",Mediatek MT6762 Helio P22 (12 nm),PowerVR GE8320,,HDR,,,,,,,,,,,,,"Glass front (Gorilla Glass 3), plastic back, plastic frame","13 MP, f/2.2, 1/3.1"", 1.12µm, PDAF 2 MP, f/2.4, (depth)",,,,,,,,,,,,,
realme,Realme X2 Pro,https://fdn2.gsmarena.com/vv/bigpic/realme-x2-pro.jpg,GSM / CDMA / HSPA / EVDO / LTE,GSM 850 / 900 / 1800 / 1900 - SIM 1 & SIM 2,HSDPA 850 / 900 / 1700(AWS) / 1900 / 2100 - China,"HSPA 42.2/11.5 Mbps, LTE-A","2019, October 15","Available. Released 2019, October",161 x 75.7 x 8.7 mm (6.34 x 2.98 x 0.34 in),199 g (7.02 oz),"Dual SIM (Nano-SIM, dual stand-by)","Super AMOLED capacitive touchscreen, 16M colors","6.5 inches, 103.5 cm2 (~84.9% screen-to-body ratio)","1080 x 2400 pixels, 20:9 ratio (~402 ppi density)",No,,,"16 MP, f/2.0, 25mm (wide), 1/3.06"", 1.0µm","Dual-LED flash, HDR, panorama","4K@30/60fps, 1080p@30/60/120fps, 720p@960fps, gyro-EIS",,"1080p@30fps, gyro-EIS","Yes, with Dolby Atmos stereo speakers (2 dedicated amplifiers)",Yes,"Wi-Fi 802.11 a/b/g/n/ac, dual-band, Wi-Fi Direct, hotspot","5.0, A2DP, LE","Yes, with dual-band A-GPS, GLONASS, BDS, GALILEO",No,"2.0, Type-C 1.0 reversible connector","Fingerprint (under display, optical), accelerometer, gyro, proximity, compass",,,,,CDMA 800 & TD-SCDMA,"Li-Po 4000 mAh, non-removable",,,,"Lunar White, Neptune Blue, Red Master Edition, Gray Master Edition","€ 553.22 / $ 349.99 / £ 508.47 / ₹ 29,899",,,CDMA2000 1xEV-DO,"64GB 6GB RAM, 128GB 8GB RAM, 256GB 8GB RAM, 256GB 12GB RAM",,24-bit/192kHz audio (incl. speakers),Corning Gorilla Glass 5,,,"Android 9.0 (Pie), upgradable to Android 10, realme UI",Octa-core (1x2.96 GHz Kryo 485 & 3x2.42 GHz Kryo 485 & 4x1.8 GHz Kryo 485),,,"1, 2, 3, 4, 5, 7, 8, 12, 17, 18, 19, 20, 26, 34, 38, 39, 40, 41 - China",Qualcomm SM8150 Snapdragon 855+ (7 nm),Adreno 640 (700 MHz),"64 MP, f/1.8, 26mm (wide), 1/1.72"", 0.8µm, PDAF 13 MP, f/2.5, 52mm (telephoto), 1/3.4"", 1.0µm, PDAF, 2x optical zoom 8 MP, f/2.2, 16mm (ultrawide) 2 MP, f/2.4, (depth)",HDR,"Fast charging 50W, 100% in 35 min (advertised) SuperVOOC",,RMX1931,,,$ 539.00,Yes,€ 553.22,,,,,"Glass front (Gorilla Glass 5), glass back (Gorilla Glass 5), aluminum frame",,,"AnTuTu: 396827 (v7), 467653 (v8) GeekBench: 10373 (v4.4) GFXBench: 37fps (ES 3.1 onscreen)",Contrast ratio: Infinite (nominal),Photo / Video,Voice 82dB / Noise 75dB / Ring 91dB,Endurance rating 94h,,,,,Noise -91.3dB / Crosstalk -92.5dB,€ 649.67,
realme,Realme X2,https://fdn2.gsmarena.com/vv/bigpic/realme-xt-730g.jpg,GSM / CDMA / HSPA / EVDO / LTE,GSM 850 / 900 / 1800 / 1900 - SIM 1 & SIM 2,HSDPA 850 / 900 / 1900 / 2100,"HSPA 42.2/11.5 Mbps, LTE-A","2019, September 24","Available. Released 2019, September",158.7 x 75.2 x 8.6 mm (6.25 x 2.96 x 0.34 in),182 g (6.42 oz),"Dual SIM (Nano-SIM, dual stand-by)","Super AMOLED capacitive touchscreen, 16M colors","6.4 inches, 100.5 cm2 (~84.3% screen-to-body ratio)","1080 x 2340 pixels, 19.5:9 ratio (~403 ppi density)",microSDXC (dedicated slot),,,"32 MP, f/2.0, 26mm (wide), 1/2.8"", 0.8µm","LED flash, HDR, panorama","4K@30fps, 1080p@30/60/120fps, 720p@960fps, gyro-EIS",,1080p@30fps,Yes,Yes,"Wi-Fi 802.11 a/b/g/n/ac, dual-band, Wi-Fi Direct, hotspot","5.0, A2DP, LE","Yes, with A-GPS, GLONASS, GALILEO, BDS",No,"2.0, Type-C 1.0 reversible connector, USB On-The-Go","Fingerprint (under display, optical), accelerometer, gyro, proximity, compass",,,,,CDMA 800 & TD-SCDMA,"Li-Po 4000 mAh, non-removable",,,,"Pearl White, Pearl Blue, Pearl Green",$ 273.59 / £ 239.00,,,CDMA2000 1xEV-DO,"64GB 4GB RAM, 64GB 6GB RAM, 128GB 6GB RAM, 128GB 8GB RAM, 256GB 8GB RAM",,UFS 2.1,Corning Gorilla Glass 5,,,"Android 9.0 (Pie), upgradable to Android 10, realme UI",Octa-core (2x2.2 GHz Kryo 470 Gold & 6x1.8 GHz Kryo 470 Silver),,,"1, 3, 4, 5, 8, 34, 38, 39, 40, 41 - China",Qualcomm SDM730 Snapdragon 730G (8 nm),Adreno 618,"64 MP, f/1.8, (wide), 1/1.72"", 0.8µm, PDAF 8 MP, f/2.3, 13mm (ultrawide) 2 MP, f/2.4, (macro) 2 MP, f/2.4, (depth)",HDR,"Fast charging 30W, 67% in 30 min (advertised) VOOC 4.0",,"RMX1992, RMX1993, RMX1991",,,£ 264.89,Yes,$ 273.59,,,£ 239.00,,"Glass front (Gorilla Glass 5), glass back (Gorilla Glass 5), plastic frame",,,"AnTuTu: 215578 (v7), 257443 (v8) GeekBench: 6926 (v4.4), 1750 (v5.1) GFXBench: 13fps (ES 3.1 onscreen)",Contrast ratio: Infinite (nominal),Photo / Video,-28.0 LUFS (Good),Endurance rating 105h,,,,,Noise -92.6dB / Crosstalk -88.1dB,,
realme,Realme XT 730G,https://fdn2.gsmarena.com/vv/bigpic/realme-xt-730g.jpg,GSM / HSPA / LTE,GSM 850 / 900 / 1800 / 1900 - SIM 1 & SIM 2,HSDPA 850 / 900 / 2100,"HSPA 42.2/11.5 Mbps, LTE-A",Not announced yet,Cancelled,158.7 x 75.2 x 8.6 mm (6.25 x 2.96 x 0.34 in),183 g (6.46 oz),"Dual SIM (Nano-SIM, dual stand-by)","Super AMOLED capacitive touchscreen, 16M colors","6.4 inches, 100.5 cm2 (~84.3% screen-to-body ratio)","1080 x 2340 pixels, 19.5:9 ratio (~403 ppi density)",microSDXC (dedicated slot),,,"16 MP, f/2.0, 25mm (wide), 1/3.06"", 1.0µm","LED flash, HDR, panorama","4K@30fps, 1080p@30/60/120fps, 720p@960fps, gyro-EIS",,1080p@30fps,Yes,Yes,"Wi-Fi 802.11 a/b/g/n/ac, dual-band, Wi-Fi Direct, hotspot","5.0, A2DP, LE","Yes, with A-GPS, GLONASS, GALILEO, BDS",FM radio,"2.0, Type-C 1.0 reversible connector","Fingerprint (under display, optical), accelerometer, gyro, proximity, compass",,,,,UFS 2.1,"Li-Po 4000 mAh, non-removable",,,,"Pearl White, Pearl Blue",,,,,"64GB 4GB RAM, 128GB 6GB RAM, 128GB 8GB RAM",,,Corning Gorilla Glass 5,,,"Android 9.0 (Pie), planned upgrade to Android 10, ColorOS 6",Octa-core (2x2.2 GHz Kryo 470 Gold & 6x1.8 GHz Kryo 470 Silver),,,"1, 3, 5, 8, 38, 40, 41",Qualcomm SDM730 Snapdragon 730G (8 nm),Adreno 618,"64 MP, f/1.8, (wide), 1/1.72"", 0.8µm, PDAF 8 MP, f/2.3, 13mm (ultrawide) 2 MP, f/2.4, (macro) 2 MP, f/2.4, (depth)","HDR, panorama",Fast charging 30W VOOC 3.0,,,,,,,,,,,,"Glass front (Gorilla Glass 5), glass back (Gorilla Glass 5), plastic frame",,,,,,,,,,,,,,
realme,Realme XT,https://fdn2.gsmarena.com/vv/bigpic/realme-xt.jpg,GSM / HSPA / LTE,GSM 850 / 900 / 1800 / 1900 - SIM 1 & SIM 2,HSDPA 850 / 900 / 2100,"HSPA 42.2/11.5 Mbps, LTE-A","2019, September 13","Available. Released 2019, September",158.7 x 75.2 x 8.6 mm (6.25 x 2.96 x 0.34 in),183 g (6.46 oz),"Dual SIM (Nano-SIM, dual stand-by)","Super AMOLED capacitive touchscreen, 16M colors","6.4 inches, 100.5 cm2 (~84.3% screen-to-body ratio)","1080 x 2340 pixels, 19.5:9 ratio (~403 ppi density)",microSDXC (dedicated slot),,,"16 MP, f/2.0, 25mm (wide), 1/3.06"", 1.0µm","LED flash, HDR, panorama","4K@30fps, 1080p@30/60/120fps, 720p@960fps, gyro-EIS",,1080p@30fps,Yes,Yes,"Wi-Fi 802.11 a/b/g/n/ac, dual-band, Wi-Fi Direct, hotspot","5.0, A2DP, LE","Yes, with A-GPS, GLONASS, GALILEO, BDS",FM radio,"2.0, Type-C 1.0 reversible connector","Fingerprint (under display, optical), accelerometer, gyro, proximity, compass",,,,,UFS 2.1,"Li-Po 4000 mAh, non-removable",,,,"Pearl White, Pearl Blue","€ 285.72 / $ 266.99 / £ 303.65 / ₹ 17,999",,,,"64GB 4GB RAM, 64GB 6GB RAM, 128GB 8GB RAM",,,Corning Gorilla Glass 5,,,"Android 9.0 (Pie), upgradable to Android 10, Realme UI",Octa-core (2x2.3 GHz Kryo 360 Gold & 6x1.7 GHz Kryo 360 Silver),,,"1, 3, 5, 8, 38, 40, 41",Qualcomm SDM712 Snapdragon 712 (10 nm),Adreno 616,"64 MP, f/1.8, (wide), 1/1.72"", 0.8µm, PDAF 8 MP, f/2.3, 13mm (ultrawide) 2 MP, f/2.4, (macro) 2 MP, f/2.4, (depth)","HDR, panorama",Fast charging 20W VOOC 3.0,,RMX1921,,,€ 330.37,,€ 285.72,,,"₹ 17,999",,"Glass front (Gorilla Glass 5), glass back (Gorilla Glass 5), plastic frame",,,AnTuTu: 185193 (v7) GeekBench: 6102 (v4.4) GFXBench: 13fps (ES 3.1 onscreen),Contrast ratio: Infinite (nominal),Photo / Video,Voice 68dB / Noise 74dB / Ring 89dB,Endurance rating 100h,,,,,Noise -92.2dB / Crosstalk -91.4dB,,
realme,Realme Q,https://fdn2.gsmarena.com/vv/bigpic/realme-5-pro-rmx1971.jpg,GSM / CDMA / HSPA / LTE,GSM 850 / 900 / 1800 / 1900 - SIM 1 & SIM 2,HSDPA 850 / 900 / 2100,"HSPA 42.2/11.5 Mbps, LTE-A","2019, September","Available. Released 2019, September",157 x 74.2 x 8.9 mm (6.18 x 2.92 x 0.35 in),184 g (6.49 oz),"Dual SIM (Nano-SIM, dual stand-by)","IPS LCD capacitive touchscreen, 16M colors","6.3 inches, 97.4 cm2 (~83.6% screen-to-body ratio)","1080 x 2340 pixels, 19.5:9 ratio (~409 ppi density)",microSDXC (dedicated slot),,,"16 MP, f/2.0, 25mm (wide), 1/3.06"", 1.0µm","LED flash, HDR, panorama","4K@30fps, 1080p@30/60/120fps, 720p@960fps, gyro-EIS",,1080p@30fps,Yes,Yes,"Wi-Fi 802.11 a/b/g/n/ac, dual-band, Wi-Fi Direct, hotspot","5.0, A2DP, LE","Yes, with A-GPS, GLONASS, GALILEO, BDS",FM radio,"2.0, Type-C 1.0 reversible connector, USB On-The-Go","Fingerprint (rear-mounted), accelerometer, gyro, proximity, compass",,,,,CDMA 800 & TD-SCDMA,"Li-Po 4035 mAh, non-removable",,,,"Light Green, Light Blue",About 130 EUR,,,Weather-sealed ports & loudspeaker,"64GB 4GB RAM, 64GB 6GB RAM, 128GB 8GB RAM",,,Corning Gorilla Glass 3+,,,"Android 9.0 (Pie), ColorOS 6",Octa-core (2x2.3 GHz Kryo 360 Gold & 6x1.7 GHz Kryo 360 Silver),,,"1, 3, 4, 5, 8, 38, 39, 40, 41",Qualcomm SDM712 Snapdragon 712 (10 nm),Adreno 616,"48 MP, f/1.8, (wide), 1/2.0"", 0.8µm, PDAF 8 MP, f/2.2, 13mm (ultrawide) 2 MP, f/2.4, (macro) 2 MP, f/2.4, (depth)","HDR, panorama","Fast charging 20W, 50% in 30 min (advertised) VOOC 3.0",,,,,,,,,,,,"Glass front (Gorilla Glass 3+), plastic back, plastic frame",,,,,,,,,,,,,,
realme,Realme 5 Pro,https://fdn2.gsmarena.com/vv/bigpic/realme-5-pro-rmx1971.jpg,GSM / HSPA / LTE,GSM 850 / 900 / 1800 / 1900 - SIM 1 & SIM 2,HSDPA 850 / 900 / 2100,"HSPA 42.2/11.5 Mbps, LTE-A","2019, August 20","Available. Released 2019, September",157 x 74.2 x 8.9 mm (6.18 x 2.92 x 0.35 in),184 g (6.49 oz),"Dual SIM (Nano-SIM, dual stand-by)","IPS LCD capacitive touchscreen, 16M colors","6.3 inches, 97.4 cm2 (~83.6% screen-to-body ratio)","1080 x 2340 pixels, 19.5:9 ratio (~409 ppi density)",microSDXC (dedicated slot),,,"16 MP, f/2.0, 25mm (wide), 1/3.06"", 1.0µm","LED flash, HDR, panorama","4K@30fps, 1080p@30/60/120fps, 720p@960fps, gyro-EIS",,1080p@30fps,Yes,Yes,"Wi-Fi 802.11 a/b/g/n/ac, dual-band, Wi-Fi Direct, hotspot","5.0, A2DP, LE","Yes, with A-GPS, GLONASS, GALILEO, BDS",FM radio,"2.0, Type-C 1.0 reversible connector, USB On-The-Go","Fingerprint (rear-mounted), accelerometer, gyro, proximity, compass",,,,,"1, 3, 5, 7, 8, 20, 28, 38, 40, 41 - EMEA","Li-Po 4035 mAh, non-removable",,,,"Crystal Green, Crystal Blue, Chroma White","€ 371.40 / $ 265.00 / £ 199.00 / ₹ 15,375",,,Weather-sealed ports & loudspeaker,"64GB 4GB RAM, 64GB 6GB RAM, 128GB 4GB RAM, 128GB 8GB RAM",,UFS 2.1,Corning Gorilla Glass 3+,,,"Android 9.0 (Pie), upgradable to Android 10, Realme UI",Octa-core (2x2.3 GHz Kryo 360 Gold & 6x1.7 GHz Kryo 360 Silver),,,"1, 3, 5, 8, 38, 40, 41 - India",Qualcomm SDM712 Snapdragon 712 (10 nm),Adreno 616,"48 MP, f/1.8, (wide), 1/2.0"", 0.8µm, PDAF 8 MP, f/2.2, 13mm (ultrawide) 2 MP, f/2.4, (macro) 2 MP, f/2.4, (depth)","HDR, panorama","Fast charging 20W, 50% in 30 min (advertised) VOOC 3.0",,RMX1971,,,€ 371.40,,,,,£ 199.00,,"Glass front (Gorilla Glass 3+), plastic back, plastic frame",,,AnTuTu: 182765 (v7) GeekBench: 6106 (v4.4) GFXBench: 12fps (ES 3.1 onscreen),Contrast ratio: 1875:1 (nominal),Photo / Video,Voice 66dB / Noise 72dB / Ring 85dB,Endurance rating 100h,,,,£ 199.99,Noise -93.3dB / Crosstalk -92.0dB,,
realme,Realme 5,https://fdn2.gsmarena.com/vv/bigpic/realme-5.jpg,GSM / HSPA / LTE,GSM 850 / 900 / 1800 / 1900 - SIM 1 & SIM 2,HSDPA 850 / 900 / 2100,"HSPA 42.2/5.76 Mbps, LTE-A (2CA) 450/50 Mbps","2019, August 20","Available. Released 2019, August",164.4 x 75.6 x 9.3 mm (6.47 x 2.98 x 0.37 in),198 g (6.98 oz),"Dual SIM (Nano-SIM, dual stand-by)","IPS LCD capacitive touchscreen, 16M colors","6.5 inches, 102.8 cm2 (~82.7% screen-to-body ratio)","720 x 1600 pixels, 20:9 ratio (~269 ppi density)",microSDXC (dedicated slot),,,"13 MP, f/2.0, 26mm (wide), 1/3.1"", 1.12µm","LED flash, HDR, panorama","4K@30fps, 1080p@30fps, gyro-EIS",,1080p@30fps,Yes,Yes,"Wi-Fi 802.11 a/b/g/n/ac, dual-band, Wi-Fi Direct, hotspot","5.0, A2DP, LE","Yes, with A-GPS, GLONASS, GALILEO, BDS",FM radio,"microUSB 2.0, USB On-The-Go","Fingerprint (rear-mounted), accelerometer, gyro, proximity, compass",,,,,Weather-sealed ports & loudspeaker,"Li-Po 5000 mAh, non-removable",,,,"Crystal Purple, Crystal Blue","$ 188.99 / £ 134.90 / ₹ 10,999",,,eMMC,"32GB 3GB RAM, 64GB 3GB RAM, 64GB 4GB RAM, 128GB 4GB RAM",,,Corning Gorilla Glass 3+,,,"Android 9.0 (Pie), upgradable to Android 10, Realme UI",Octa-core (4x2.0 GHz Kryo 260 Gold & 4x1.8 GHz Kryo 260 Silver),,,"1, 3, 5, 8, 38, 40, 41",Qualcomm SDM665 Snapdragon 665 (11 nm),Adreno 610,"12 MP, f/1.8, (wide), 1/2.9"", 1.25µm, PDAF 8 MP, f/2.2, 13mm (ultrawide) 2 MP, f/2.4, (macro) 2 MP, f/2.4, (depth)","HDR, panorama",Charging 10W,,RMX1911,,,,,,,£ 134.90,£ 158.90,,"Glass front (Gorilla Glass 3+), plastic back, plastic frame",,,AnTuTu: 139516 (v7) GeekBench: 5707 (v4.4) GFXBench: 13fps (ES 3.1 onscreen),Contrast ratio: 1406:1 (nominal),Photo / Video,Voice 66dB / Noise 73dB / Ring 89dB,Endurance rating 144h,,,,£ 178.00,,,
realme,Realme 3i,https://fdn2.gsmarena.com/vv/bigpic/realme-3i.jpg,GSM / HSPA / LTE,GSM 850 / 900 / 1800 / 1900 - SIM 1 & SIM 2,HSDPA 850 / 900 / 2100,"HSPA 42.2/5.76 Mbps, LTE-A (2CA) Cat12 600/50 Mbps","2019, July","Available. Released 2019, July",156.1 x 75.6 x 8.3 mm (6.15 x 2.98 x 0.33 in),175 g (6.17 oz),"Dual SIM (Nano-SIM, dual stand-by)","IPS LCD capacitive touchscreen, 16M colors","6.2 inches, 95.9 cm2 (~81.3% screen-to-body ratio)","720 x 1520 pixels, 19:9 ratio (~271 ppi density)",microSDXC (dedicated slot),,,"13 MP, f/2.0, (wide), 1/3.1"", 1.12µm","LED flash, HDR",1080p@30fps,,1080p@30fps,Yes,Yes,"Wi-Fi 802.11 b/g/n, hotspot","4.2, A2DP, LE","Yes, with A-GPS, GLONASS",FM radio,"microUSB 2.0, USB On-The-Go","Fingerprint (rear-mounted), accelerometer, proximity",,,,,eMMC 5.1,"Li-Po 4230 mAh, non-removable",,,,"Diamond Blue, Diamond Red, Diamond Black",About 8000 INR,,,,"32GB 3GB RAM, 64GB 4GB RAM",,,Corning Gorilla Glass 3,,,"Android 9.0 (Pie), upgradable to Android 10, Realme UI",Octa-core (4x2.0 GHz Cortex-A73 & 4x2.0 GHz Cortex-A53),,,"1, 3, 5, 8, 38, 40, 41",Mediatek MT6771 Helio P60 (12 nm),Mali-G72 MP3,,HDR,,,RMX1827,,,,,,,,,,"Glass front (Gorilla Glass 3), plastic back, plastic frame","13 MP, f/1.8, 1/3.1"", 1.12µm, PDAF 2 MP, (depth)",,,,,,,,,,,,,
realme,Realme X,https://fdn2.gsmarena.com/vv/bigpic/realme-x.jpg,GSM / CDMA / HSPA / LTE,GSM 850 / 900 / 1800 / 1900 - SIM 1 & SIM 2,HSDPA 850 / 900 / 1700(AWS) / 2100,"HSPA 42.2/11.5 Mbps, LTE-A (2CA) Cat6 300/75 Mbps","2019, May","Available. Released 2019, July",161.2 x 76 x 9.4 mm (6.35 x 2.99 x 0.37 in),191 g (6.74 oz),"Dual SIM (Nano-SIM, dual stand-by)","AMOLED capacitive touchscreen, 16M colors","6.53 inches, 105.2 cm2 (~85.9% screen-to-body ratio)","1080 x 2340 pixels, 19.5:9 ratio (~394 ppi density)",No,,,"Motorized pop-up 16 MP, f/2.0, 25mm (wide), 1/3.06"", 1.0µm","LED flash, HDR","4K@30fps, 1080p@30fps (gyro-EIS), 1080p@120fps, 720p@960fps",,1080p@30fps,Yes,Yes,"Wi-Fi 802.11 a/b/g/n/ac, dual-band, Wi-Fi Direct, hotspot","5.0, A2DP, LE, aptX HD","Yes, with A-GPS, GLONASS, BDS",FM radio,Type-C 1.0 reversible connector,"Fingerprint (under display, optical), accelerometer, gyro, proximity, compass",,,,,CDMA 800 & TD-SCDMA - China,"Li-Po 3765 mAh, non-removable",,,,"Steam white, Punk Blue","$ 277.86 / £ 257.89 / ₹ 17,699",,,UFS 2.1,"64GB 4GB RAM, 64GB 6GB RAM, 128GB 4GB RAM, 128GB 8GB RAM, 256GB 8GB RAM",,,Corning Gorilla Glass 5,,,"Android 9.0 (Pie), upgradable to Android 10, Realme UI",Octa-core (2x2.2 GHz Kryo 360 Gold & 6x1.7 GHz Kryo 360 Silver),,,"1, 3, 4, 5, 8, 34, 38, 39, 40, 41",Qualcomm SDM710 Snapdragon 710 (10 nm),Adreno 616,,HDR,"Fast charging 20W, 55% in 30 min (advertised) VOOC 3.0",,"RMX1901, RMX1903",,,£ 299.00,,,,,$ 277.86,,"Glass front (Gorilla Glass 5), plastic back, plastic frame","48 MP, f/1.7, (wide), 26mm (wide), 1/2.0"", 0.8µm, PDAF 5 MP, f/2.4, (depth)",,GeekBench: 5915 (v4.4),Contrast ratio: Infinite (nominal),Photo / Video,-28.7 LUFS (Average),Endurance rating 86h,,,,£ 257.89,Noise -92.9dB / Crosstalk -93.3dB,,
realme,Realme 3 Pro,https://fdn2.gsmarena.com/vv/bigpic/realme-3pro.jpg,GSM / HSPA / LTE,GSM 850 / 900 / 1800 / 1900 - SIM 1 & SIM 2,HSDPA 850 / 900 / 2100  - India,"HSPA 42.2/11.5 Mbps, LTE-A (2CA) Cat6 300/75 Mbps","2019, April 22","Available. Released 2019, May",156.8 x 74.2 x 8.3 mm (6.17 x 2.92 x 0.33 in),172 g (6.07 oz),"Dual SIM (Nano-SIM, dual stand-by)","IPS LCD capacitive touchscreen, 16M colors","6.3 inches, 97.4 cm2 (~83.7% screen-to-body ratio)","1080 x 2340 pixels, 19.5:9 ratio (~409 ppi density)",microSDXC (dedicated slot),,,"25 MP, f/2.0, 1/2.8"", 0.8µm","LED flash, HDR","4K@30fps, 1080p@30/120fps, 720p@960fps, gyro-EIS",,1080p@30fps,Yes,Yes,"Wi-Fi 802.11 a/b/g/n/ac, dual-band, Wi-Fi Direct, hotspot","5.0, A2DP, LE","Yes, with A-GPS, GLONASS",FM radio,"microUSB 2.0, USB On-The-Go","Fingerprint (rear-mounted), accelerometer, gyro, proximity, compass",,,,,HSDPA 850 / 900 / 1700(AWS) / 1900 / 2100 - EMEA,"Li-Po 4045 mAh, non-removable",Up to 383 h (3G),Up to 32 h (3G),Up to 126 h,"Carbon Gray, Nitro Blue, Lightning Purple",$ 204.90 / £ 168.90,,,"1, 2, 3, 4, 5, 7, 8, 20, 28, 38, 39, 40, 41 - EMEA","64GB 4GB RAM, 64GB 6GB RAM, 128GB 6GB RAM",,eMMC 5.1,Corning Gorilla Glass 5,,,"Android 9.0 (Pie), planned upgrade to Android 10, ColorOS 6",Octa-core (2x2.2 GHz Kryo 360 Gold & 6x1.7 GHz Kryo 360 Silver),,,"1, 3, 5, 8, 38, 40, 41 - India",Qualcomm SDM710 Snapdragon 710 (10 nm),Adreno 616,,HDR,"Fast charging 20W, 50% in 30 min (advertised) VOOC 3.0",,RMX1851,,£ 205.90,,,£ 199.00,,,£ 168.90,,"Glass front (Gorilla Glass 5), plastic back, plastic frame","16 MP, f/1.7, 1/2.6"", 1.22µm, Dual Pixel PDAF 5 MP, f/2.4, (depth)",,AnTuTu: 155647 (v7)GeekBench: 5881 (v4.4)GFXBench: 11fps (ES 3.1 onscreen),Contrast ratio: 1782:1 (nominal),Photo / Video,Voice 67dB / Noise 73dB / Ring 90dB,Endurance rating 91h,,,,,Noise -92.9dB / Crosstalk -91.1dB,,
realme,Realme C2,https://fdn2.gsmarena.com/vv/bigpic/realme-c2.jpg,GSM / HSPA / LTE,GSM 850 / 900 / 1800 / 1900 - SIM 1 & SIM 2,HSDPA 850 / 900 / 2100,"HSPA 42.2/5.76 Mbps, LTE-A","2019, April 22","Available. Released 2019, May",154.3 x 73.7 x 8.5 mm (6.07 x 2.90 x 0.33 in),166 g (5.86 oz),"Dual SIM (Nano-SIM, dual stand-by)","IPS LCD capacitive touchscreen, 16M colors","6.1 inches, 91.3 cm2 (~80.3% screen-to-body ratio)","720 x 1560 pixels, 19.5:9 ratio (~282 ppi density)",microSDXC (dedicated slot),,,"5 MP, f/2.0, 1/5"", 1.12µm","LED flash, HDR, panorama",1080p@30fps,,1080p@30fps,Yes,Yes,"Wi-Fi 802.11 b/g/n, hotspot","4.2, A2DP, LE","Yes, with A-GPS, GLONASS, BDS",FM radio,"microUSB 2.0, USB On-The-Go","Accelerometer, proximity, compass",,,,,eMMC 5.1,"Li-Po 4000 mAh, non-removable",,,,"Diamond Black, Diamond Blue, Diamond Sapphire, Diamond Ruby","$ 109.99 / ₹ 7,924",,,,"16GB 2GB RAM, 32GB 2GB RAM, 32GB 3GB RAM",,,Corning Gorilla Glass 3,,,"Android 9.0 (Pie), ColorOS 6 Lite",Octa-core 2.0 GHz Cortex-A53,,,"1, 3, 5, 8, 38, 40, 41",Mediatek MT6762 Helio P22 (12 nm),PowerVR GE8320,,HDR,,,"RMX1941, RMX1945",,,,,,,"₹ 8,999",,,"Glass front (Gorilla Glass 3), plastic back, plastic frame","13 MP, f/2.2, 1/3.1"", 1.12µm, PDAF 2 MP, f/2.4, (depth)","₹ 7,924",,,,,,,,,,,,$ 109.99
realme,Realme 3,https://fdn2.gsmarena.com/vv/bigpic/realme-3.jpg,GSM / HSPA / LTE,GSM 850 / 900 / 1800 / 1900 - SIM 1 & SIM 2,HSDPA 850 / 900 / 2100,"HSPA 42.2/5.76 Mbps, LTE-A (2CA) Cat12 600/50 Mbps","2019, March","Available. Released 2019, March",156.1 x 75.6 x 8.3 mm (6.15 x 2.98 x 0.33 in),175 g (6.17 oz),"Dual SIM (Nano-SIM, dual stand-by)","IPS LCD capacitive touchscreen, 16M colors","6.22 inches, 96.6 cm2 (~81.8% screen-to-body ratio)","720 x 1520 pixels, 19:9 ratio (~270 ppi density)",microSDXC (dedicated slot),,,"13 MP, f/2.0, (wide), 1/3.1"", 1.12µm","LED flash, HDR",1080p@30fps,,1080p@30fps,Yes,Yes,"Wi-Fi 802.11 b/g/n, hotspot","4.2, A2DP, LE","Yes, with A-GPS, GLONASS",FM radio,"microUSB 2.0, USB On-The-Go","Fingerprint (rear-mounted), accelerometer, proximity, compass",,,,,"1, 3, 5, 8, 38, 40, 41","Li-Po 4230 mAh, non-removable",,,,"Black, Dynamic Black, Radiant Blue, Diamond Red",$ 169.66,,,eMMC 5.1,"32GB 3GB RAM, 64GB 3GB RAM, 64GB 4GB RAM",,,Corning Gorilla Glass 3,,,"Android 9.0 (Pie), upgradable to Android 10, Realme UI",Octa-core (4x2.0 GHz Cortex-A73 & 4x2.0 GHz Cortex-A53)Octa-core (4x2.1 GHz Cortex-A73 & 4x2.0 GHz Cortex-A53),,,"1, 3, 5, 7, 8, 20, 28, 38, 40, 41",Mediatek MT6771 Helio P60 (12 nm)Mediatek Helio P70 (12nm),Mali-G72 MP3,,HDR,Charging 10W,,"RMX1825, RMX1821, 1821",,,,,,,$ 169.66,,,"Glass front (Gorilla Glass 3), plastic back, plastic frame","13 MP, f/1.8, 1/3.1"", 1.12µm, PDAF 2 MP, (depth)",,AnTuTu: 132764 (v7) GeekBench: 4936 (v4.4) GFXBench: 15fps (ES 3.1 onscreen),"Contrast ratio: 1464:1 (nominal), 2.918 (sunlight)",Photo / Video,Voice 66dB / Noise 71dB / Ring 81dB,Endurance rating 108h,,,,,Noise -93.5dB / Crosstalk -91.6dB,,
realme,Realme C1 (2019),https://fdn2.gsmarena.com/vv/bigpic/oppo-realme-c1.jpg,GSM / HSPA / LTE,GSM 850 / 900 / 1800 / 1900 - SIM 1 & SIM 2,HSDPA 850 / 900 / 2100,"HSPA 42.2/5.76 Mbps, LTE-A (2CA) Cat6 300/50 Mbps","2019, January","Available. Released 2019, February",156.2 x 75.6 x 8.2 mm (6.15 x 2.98 x 0.32 in),168 g (5.93 oz),"Dual SIM (Nano-SIM, dual stand-by)","IPS LCD capacitive touchscreen, 16M colors","6.2 inches, 95.9 cm2 (~81.2% screen-to-body ratio)","720 x 1520 pixels, 19:9 ratio (~271 ppi density)",microSDXC (dedicated slot),,,"5 MP, f/2.2","LED flash, HDR, panorama",1080p@30fps,,,Yes,Yes,"Wi-Fi 802.11 b/g/n, Wi-Fi Direct, hotspot","4.2, A2DP, LE","Yes, with A-GPS",FM radio,"microUSB 2.0, USB On-The-Go","Accelerometer, proximity, compass",,,,,eMMC 5.1,"Li-Ion 4230 mAh, non-removable",,,,"Black, Blue",About 7500 INR,,,,"32GB 2GB RAM, 32GB 3GB RAM",,,Corning Gorilla Glass 3,,,"Android 8.1 (Oreo), ColorOS 5.2",Octa-core 1.8 GHz Cortex-A53,,,"1, 3, 5, 8, 38, 40, 41",Qualcomm SDM450 Snapdragon 450 (14 nm),Adreno 506,,HDR,,,MX181,,,,,,,,,,"Glass front (Gorilla Glass 3), plastic back, plastic frame","13 MP, f/2.2, AF 2 MP, f/2.4, (depth)",,,,,,,,,,,,,
realme,Realme U1,https://fdn2.gsmarena.com/vv/bigpic/realme-u1.jpg,GSM / HSPA / LTE,GSM 850 / 900 / 1800 / 1900 - SIM 1 & SIM 2,HSDPA 850 / 900 / 2100,"HSPA 42.2/5.76 Mbps, LTE-A Cat6 300/50 Mbps","2018, November","Available. Released 2018, December",157 x 74 x 8 mm (6.18 x 2.91 x 0.31 in),168 g (5.93 oz),"Dual SIM (Nano-SIM, dual stand-by)","LTPS IPS LCD capacitive touchscreen, 16M colors","6.3 inches, 97.4 cm2 (~83.9% screen-to-body ratio)","1080 x 2340 pixels, 19.5:9 ratio (~409 ppi density)",microSDXC (dedicated slot),,,"25 MP, f/2.0, 1/2.8"", 0.9µm","LED flash, HDR, panorama","1080p@30fps, 720p@90fps",,1080p@30fps,Yes,Yes,"Wi-Fi 802.11 b/g/n, Wi-Fi Direct, hotspot","4.2, A2DP, LE","Yes, with A-GPS, GLONASS",FM radio,"microUSB 2.0, USB On-The-Go","Fingerprint (rear-mounted), accelerometer, proximity, compass",,,,,eMMC 5.1,"Li-Ion 3500 mAh, non-removable",,,,"Ambitious Black, Brave Blue, Fiery Gold",About 130 EUR,,,,"32GB 3GB RAM, 64GB 3GB RAM, 64GB 4GB RAM",,,Corning Gorilla Glass 3,,,"Android 8.1 (Oreo), upgradable to Android 9.0 (Pie), ColorOS 6",Octa-core (4x2.1 GHz Cortex-A73 & 4x2.0 GHz Cortex-A53),,,"1, 3, 5, 8, 38, 40, 41",Mediatek MT6771 Helio P70 (12nm),Mali-G72 MP3,,HDR,Charging 10W,,"RMX1831, RMX1833",,,,,,,,,,"Glass front (Gorilla Glass 3), plastic back, plastic frame","13 MP, f/2.2, AF 2 MP, f/2.4, (depth)",,AnTuTu: 144436 (v7)GeekBench: 6004 (v4.4)GFXBench: 7.1fps (ES 3.1 onscreen),"Contrast ratio: 1830:1 (nominal), 2.815 (sunlight)",Photo / Video,Voice 68dB / Noise 73dB / Ring 72dB,Endurance rating 93h,,,,,Noise -92.8dB / Crosstalk -93.3dB,,
realme,Realme 2 Pro,https://fdn2.gsmarena.com/vv/bigpic/oppo-realme-2-pro.jpg,GSM / HSPA / LTE,GSM 850 / 900 / 1800 / 1900 - SIM 1 & SIM 2,HSDPA 850 / 900 / 2100,"HSPA 42.2/5.76 Mbps, LTE-A (2CA) Cat6 300/50 Mbps","2018, September","Available. Released 2018, October",156.7 x 74 x 8.5 mm (6.17 x 2.91 x 0.33 in),174 g (6.14 oz),"Dual SIM (Nano-SIM, dual stand-by)","IPS LCD capacitive touchscreen, 16M colors","6.3 inches, 97.4 cm2 (~84.0% screen-to-body ratio)","1080 x 2340 pixels, 19.5:9 ratio (~409 ppi density)",microSDXC (dedicated slot),,,"16 MP, f/2.0, 25mm (wide), 1/3.06"", 1.0µm","LED flash, HDR, panorama","4K@30fps, 1080p@30fps, 720p@240fps",,1080p@30fps,Yes,Yes,"Wi-Fi 802.11 а/b/g/n/ac, dual-band, Wi-Fi Direct, hotspot","5.0, A2DP, LE","Yes, with A-GPS",No,"microUSB 2.0, USB On-The-Go","Fingerprint (rear-mounted), accelerometer, gyro, proximity, compass",,,,,"1, 3, 5, 8, 34, 38, 40, 41 - India","Li-Ion 3500 mAh, non-removable",,,,"Black, Deep Blue, Light Blue",About 150 EUR,,,eMMC 5.1,"64GB 4GB RAM, 64GB 6GB RAM, 128GB 8GB RAM",,,Corning Gorilla Glass 3,,,"Android 8.1 (Oreo), upgradable to Android 10, Realme UI 1.0",Octa-core (4x2.0 GHz Kryo 260 Gold & 4x1.8 GHz Kryo 260 Silver),,,"1, 3, 5, 7, 8, 20, 38, 40, 41 - Global",Qualcomm SDM660 Snapdragon 660 (14 nm),Adreno 512,,HDR,Charging 10W,,"RMX1801, RMX1807",,,,,,,,,,"Glass front (Gorilla Glass 3), plastic back, plastic frame","16 MP, f/1.7, 1/2.8"", 1.12µm, PDAF 2 MP, (depth)",,AnTuTu: 132958 (v7) GeekBench: 5531 (v4.4) GFXBench: 7.2fps (ES 3.1 onscreen),"Contrast ratio: 1755:1 (nominal), 3.235 (sunlight)",Photo / Video,Voice 69dB / Noise 74dB / Ring 81dB,Endurance rating 97h,,,,,Noise -93.3dB / Crosstalk -92.7dB,,
realme,Realme C1,https://fdn2.gsmarena.com/vv/bigpic/oppo-realme-c1.jpg,GSM / HSPA / LTE,GSM 850 / 900 / 1800 / 1900 - SIM 1 & SIM 2,HSDPA 850 / 900 / 2100,"HSPA 42.2/5.76 Mbps, LTE-A (2CA) Cat6 300/50 Mbps","2018, September","Available. Released 2018, October",156.2 x 75.6 x 8.2 mm (6.15 x 2.98 x 0.32 in),168 g (5.93 oz),"Dual SIM (Nano-SIM, dual stand-by)","IPS LCD capacitive touchscreen, 16M colors","6.2 inches, 95.9 cm2 (~81.2% screen-to-body ratio)","720 x 1520 pixels, 19:9 ratio (~271 ppi density)",microSDXC (dedicated slot),,,"5 MP, f/2.2","LED flash, HDR, panorama",1080p@30fps,,,Yes,Yes,"Wi-Fi 802.11 b/g/n, Wi-Fi Direct, hotspot","4.2, A2DP, LE","Yes, with A-GPS",FM radio,"microUSB 2.0, USB On-The-Go","Accelerometer, proximity, compass",,,,,eMMC 5.1,"Li-Ion 4230 mAh, non-removable",,,,"Black, Blue",About 100 EUR,,,,16GB 2GB RAM,,,Corning Gorilla Glass 3,,,"Android 8.1 (Oreo), ColorOS 5.2",Octa-core 1.8 GHz Cortex-A53,,,"1, 3, 5, 8, 38, 40, 41",Qualcomm SDM450 Snapdragon 450 (14 nm),Adreno 506,,HDR,,,A1603,,,,,,,,,,"Glass front (Gorilla Glass 3), plastic back, plastic frame","13 MP, f/2.2, AF 2 MP, f/2.4, (depth)",,,,,,,,,,,,,
realme,Realme 2,https://fdn2.gsmarena.com/vv/bigpic/oppo-realme-2-.jpg,GSM / HSPA / LTE,GSM 850 / 900 / 1800 / 1900 - SIM 1 & SIM 2,HSDPA 850 / 900 / 2100,"HSPA 42.2/5.76 Mbps, LTE-A (2CA) Cat6 300/50 Mbps","2018, August","Available. Released 2018, September",156.2 x 75.6 x 8.2 mm (6.15 x 2.98 x 0.32 in),168 g (5.93 oz),"Dual SIM (Nano-SIM, dual stand-by)","IPS LCD capacitive touchscreen, 16M colors","6.2 inches, 95.9 cm2 (~81.2% screen-to-body ratio)","720 x 1520 pixels, 19:9 ratio (~271 ppi density)",microSDXC (dedicated slot),,,"8 MP, f/2.2, 1/4"", 1.12µm","LED flash, HDR, panorama",1080p@30fps,,1080p@30fps,Yes,Yes,"Wi-Fi 802.11 b/g/n, Wi-Fi Direct, hotspot","4.2, A2DP, LE","Yes, with A-GPS",FM radio,"microUSB 2.0, USB On-The-Go","Fingerprint (rear-mounted), accelerometer, proximity, compass",,,,,eMMC 5.1,"Li-Ion 4230 mAh, non-removable",,,,"Diamond Black, Diamond Red, Diamond Blue",About 120 EUR,,,,"32GB 3GB RAM, 64GB 4GB RAM",,,Corning Gorilla Glass 3,,,"Android 8.1 (Oreo), upgradable to Android 9.0 (Pie), ColorOS 6",Octa-core 1.8 GHz Cortex-A53,,,"1, 3, 5, 8, 38, 40, 41",Qualcomm SDM450 Snapdragon 450 (14 nm),Adreno 506,,HDR,,,"RMX1805, RMX1809",,,,,,,,,,"Glass front (Gorilla Glass 3), plastic back, plastic frame","13 MP, f/2.2, AF 2 MP, f/2.4, (depth)",,AnTuTu: 75434 (v7)GeekBench: 3881 (v4.4)GFXBench: 6.3fps (ES 3.1 onscreen),"Contrast ratio: 1437:1 (nominal), 3.006 (sunlight)",Photo / Video,Voice 66dB / Noise 71dB / Ring 87dB,Endurance rating 121h,,,,,Noise -93.4dB / Crosstalk -89.7dB,,
realme,Realme 1,https://fdn2.gsmarena.com/vv/bigpic/oppo-realme-1.jpg,GSM / HSPA / LTE,GSM 850 / 900 / 1800 / 1900 - SIM 1 & SIM 2,HSDPA 850 / 900 / 2100,"HSPA 42.2/5.76 Mbps, LTE-A (2CA) Cat13 600/100 Mbps","2018, May","Available. Released 2018, May",156.5 x 75.2 x 7.8 mm (6.16 x 2.96 x 0.31 in),155 g (5.47 oz),"Dual SIM (Nano-SIM, dual stand-by)","IPS LCD capacitive touchscreen, 16M colors","6.0 inches, 92.9 cm2 (~78.9% screen-to-body ratio)","1080 x 2160 pixels, 18:9 ratio (~402 ppi density)",microSDXC (dedicated slot),,,"13 MP, f/2.2, PDAF","LED flash, HDR, panorama",1080p@30fps,"8 MP, f/2.2",1080p@30fps,Yes,Yes,"Wi-Fi 802.11 b/g/n, Wi-Fi Direct, hotspot","4.2, A2DP, LE","Yes, with A-GPS",FM radio,"microUSB 2.0, USB On-The-Go","Accelerometer, gyro, proximity, compass",,,,,eMMC 5.1,"Li-Ion 3410 mAh, non-removable",,,,"Diamond Black, Solar Red, Moonlight Silver",About 130 EUR,,,,"32GB 3GB RAM, 64GB 4GB RAM, 128GB 6GB RAM",,,Corning Gorilla Glass 3,,,"Android 8.1 (Oreo), upgradable to Android 9.0 (Pie), ColorOS 6",Octa-core (4x2.0 GHz Cortex-A73 & 4x2.0 GHz Cortex-A53),,,"1, 3, 5, 8, 38, 40, 41",Mediatek MT6771 Helio P60 (12 nm),Mali-G72 MP3,,,,,"CPH1859, CPH1861, 1861",,,,,,,,,,"Glass front (Gorilla Glass 3), plastic back, plastic frame",,,AnTuTu: 138524 (v7)GeekBench: 5741 (v4.4)GFXBench: 7.5fps (ES 3.1 onscreen),"Contrast ratio: 1209 (nominal), 2.932 (sunlight)",Photo / Video,Voice 64dB / Noise 70dB / Ring 89dB,Endurance rating 84h,,,,,Noise -89.0dB / Crosstalk -87.3dB,,
