Brand,Model Name,Model Image,Technology,2G bands,3G bands,Speed,Announced,Status,Dimensions,Weight,SIM,Type,Size,Resolution,Card slot,Phonebook,Call records,Single,Features,Video,Single_1,Video_1,Loudspeaker,3.5mm jack,WLAN,Bluetooth,GPS,Radio,USB,Sensors,Messaging,Browser,Games,Java,,Type_1,Stand-by,Talk time,Music play,Colors,Price,GPRS,EDGE,_1,Internal,Alert types,_1_1,Protection,Infrared port,SAR EU,OS,CPU,Clock,Alarm
sagem,Sagem Puma Phone,https://fdn2.gsmarena.com/vv/bigpic/sagem-puma-phone.jpg,GSM / HSPA,GSM 900 / 1800 / 1900,HSDPA 900 / 2100,HSPA 7.2/2 Mbps,"2010, February. Released 2010, August",Discontinued,102 x 56 x 13 mm (4.02 x 2.20 x 0.51 in),115 g (4.06 oz),Mini-SIM,"TFT resistive touchscreen, 256K colors","2.8 inches, 24.3 cm2 (~42.5% screen-to-body ratio)","240 x 320 pixels, 4:3 ratio (~143 ppi density)","microSDHC (dedicated slot), 2 GB included",Yes,"20 dialed, 20 received, 20 missed calls",3.15 MP,LED flash,Yes,VGA,,Yes,Yes,No,"2.1, A2DP","Yes, with A-GPS","Stereo FM radio, RDS",2.0,"Accelerometer, compass","SMS, MMS, Email, IM","WAP 2.0/xHTML, HTML",Yes,"Yes, MIDP 2.0","Integrated solar cell with charge indicator Bike Tracker, Run Tracker, Pedometer PUMA services",Removable Li-Ion 880 mAh battery,Up to 350 h,Up to 5 h (2G) / Up to 4 h (3G),Up to 24 h,Black,About 400 EUR,,,,,,,,,,,,,
sagem,Sagem my421z,https://fdn2.gsmarena.com/vv/bigpic/sagem-my421z.jpg,GSM,GSM 900 / 1800 / 1900,,,"2008, September. Released 2008, October",Discontinued,97 x 46 x 14 mm (3.82 x 1.81 x 0.55 in),95 g (3.35 oz),Mini-SIM,"TFT, 256K colors","2.0 inches, 12.6 cm2 (~28.2% screen-to-body ratio)",176 x 220 pixels (~141 ppi density),microSD (dedicated slot),Yes,"20 dialed, 20 received, 20 missed calls",1.3 MP,,Yes,,,No,No,No,Yes,No,No,Proprietary,,"SMS, EMS, MMS",WAP 2.0/xHTML,Yes,"Yes, MIDP 2.0",No,Removable Li-Ion battery,Up to 250 h,Up to 3 h 30 min,,"Black, Silver, Pink",,Yes,No,MP3/AAC player Predictive text input Organizer,,,,,,,,,,
sagem,Sagem Roland Garros,https://fdn2.gsmarena.com/vv/bigpic/sagem-rg.jpg,GSM,GSM 900 / 1800 / 1900,,,"2008, February. Released 2008, April",Discontinued,106.9 x 46.3 x 10.9 mm (4.21 x 1.82 x 0.43 in),81 g (2.86 oz),Mini-SIM,"TFT, 65K colors",,"120 x 160 pixels, 4:3 ratio",microSD (dedicated slot),Yes,"20 dialed, 20 received, 20 missed calls",1.3 MP,,No,,,Yes,No,No,Yes,No,No,Proprietary,,"SMS, MMS",WAP 2.0/xHTML,Yes,"Yes, MIDP 2.0",No,Removable Li-Ion battery,Up to 220 h,Up to 3 h,,Black,,Yes,No,MP3 player Predictive text input Organizer Voice memo,13MB,Vibration; Polyphonic ringtones,,,,,,,,
sagem,Sagem myMobileTV 2,https://fdn2.gsmarena.com/vv/bigpic/mymobile-tv.jpg,GSM,GSM 900 / 1800 / 1900,,,"2008, February. Released 2008, April",Discontinued,-,-,Mini-SIM,"TFT, 256K colors",,"240 x 320 pixels, 4:3 ratio",microSD (dedicated slot),Yes,"20 dialed, 20 received, 20 missed calls",2 MP,,Yes,,,Yes,No,No,"1.1, A2DP",No,No,Proprietary,,"SMS, MMS, Email",WAP 2.0/xHTML,Yes,"Yes, MIDP 2.0","spin-and-rotate display external 65K TFT display, 72 x 96 pixel resolution",Removable Li-Ion battery,,Up to 5 h,,Black,,Yes,No,No,25MB,Vibration; Polyphonic ringtones,DVB-H receiver-decoder MP3 player Predictive text input Organizer Voice memo,,,,,,,
sagem,Sagem my411C Oxbow,https://fdn2.gsmarena.com/vv/bigpic/sagem-my411c-oxbow.jpg,GSM,GSM 900 / 1800 / 1900,,,"2008, February. Released 2008",Discontinued,91 x 46 x 16.5 mm (3.58 x 1.81 x 0.65 in),87 g (3.07 oz),Mini-SIM,"CSTN, 65K colors",,128 x 160 pixels,microSD (dedicated slot),Yes,"20 dialed, 20 received, 20 missed calls",VGA,,Yes,,,Yes,No,No,Yes,No,No,Proprietary,,"SMS, MMS",WAP 2.0/xHTML,Yes,No,External monochrome display,Removable Li-Ion battery,Up to 210 h,Up to 3 h,,,,Yes,No,No,10MB,,MP3 player Organizer Predictive text input,,,,,,,
sagem,Sagem my855c,https://fdn2.gsmarena.com/vv/bigpic/sagem-my855c.jpg,GSM / HSPA,GSM 900 / 1800 / 1900,HSDPA 2100,HSPA 3.6/0.384 Mbps,"2008, February. Released 2008",Discontinued,96 x 49 x 16 mm (3.78 x 1.93 x 0.63 in),95 g (3.35 oz),Mini-SIM,"TFT, 256K colors","2.0 inches, 12.4 cm2 (~26.3% screen-to-body ratio)","320 x 240 pixels, 4:3 ratio (~200 ppi density)",microSD (dedicated slot),Yes,"20 dialed, 20 received, 20 missed calls",2 MP,,Yes,VGA videocall camera,,Yes,No,No,"2.0, A2DP",No,No,Proprietary,,"SMS, MMS, Instant Messaging",WAP 2.0/xHTML,Yes,"Yes, MIDP 2.0",Music player Predictive text input Organizer,Removable Li-Ion battery,Up to 300 h,Up to 4 h 30 min,,,,,,,,Vibration; Polyphonic ringtones,,,,,,,,
sagem,Sagem my810x,https://fdn2.gsmarena.com/vv/bigpic/sagem-my810x.jpg,GSM / UMTS,GSM 900 / 1800,UMTS 2100,"Yes, 384 kbps","2007, October",Cancelled,104 x 48 x 16 mm (4.09 x 1.89 x 0.63 in),105 g (3.70 oz),Mini-SIM,"TFT, 256K colors",,176 x 220 pixels,microSDHC (dedicated slot),1000 entries,"30 dialed, 30 received, 30 missed calls",1.3 MP,,Yes,VGA videocall camera,,Yes,No,No,1.2,No,No,1.1,,"SMS, MMS",WAP 2.0/xHTML,Yes,"Yes, MIDP 2.0",MP3 player Organizer Voice memo Predictive text input,Removable Li-Ion battery,Up to 280 h,Up to 5 h,,Black,,,,,,,,,,,,,,
sagem,Sagem my750x,https://fdn2.gsmarena.com/vv/bigpic/sagem-my750x.jpg,GSM / HSPA,GSM 900 / 1800 / 1900,HSDPA 2100,HSPA 3.6/0.384 Mbps,"2008, February. Released 2008",Discontinued,108 x 48 x 11 mm (4.25 x 1.89 x 0.43 in),95 g (3.35 oz),Mini-SIM,"TFT, 256K colors","2.4 inches, 17.8 cm2 (~34.4% screen-to-body ratio)","320 x 240 pixels, 4:3 ratio (~167 ppi density)",microSD (dedicated slot),Yes,"20 dialed, 20 received, 20 missed calls",3.15 MP,LED flash,Yes,VGA videocall camera,,Yes,No,No,Yes,No,"Stereo FM radio, RDS",Proprietary,,"SMS, MMS, Instant Messaging",WAP 2.0/xHTML,Yes,"Yes, MIDP 2.0",Music player Predictive text input Organizer,Removable Li-Ion battery,Up to 300 h,Up to 4 h 30 min,,"Violet, Green, Red, Blue, Orange",,,,,,Vibration; Polyphonic ringtones,,,,,,,,
sagem,Sagem my721x,https://fdn2.gsmarena.com/vv/bigpic/sagem-my721x.jpg,GSM,GSM 900 / 1800 / 1900,,,"2008, February. Released 2008, May",Discontinued,112 x 48 x 9.8 mm (4.41 x 1.89 x 0.39 in),90 g (3.17 oz),Mini-SIM,"TFT, 256K colors","2.0 inches, 12.6 cm2 (~23.4% screen-to-body ratio)",176 x 220 pixels (~141 ppi density),microSD (dedicated slot),Yes,"20 dialed, 20 received, 20 missed calls",3.15 MP,,Yes,,,"Yes, with stereo speakers",No,No,Yes,No,"Stereo FM radio, RDS",Proprietary,,"SMS, MMS, Instant Messaging",WAP 2.0/xHTML,Yes,"Yes, MIDP 2.0",No,Removable Li-Ion battery,Up to 200 h,Up to 3 h,,"Black, Silver",,Class 10,No,Music player Predictive text input Organizer,,Vibration; Polyphonic ringtones,,,,,,,,
sagem,Sagem my721z,https://fdn2.gsmarena.com/vv/bigpic/sagem-my721z.jpg,GSM,GSM 900 / 1800 / 1900,,,"2008, February. Released 2008",Discontinued,106 x 52 x 12 mm (4.17 x 2.05 x 0.47 in),125 g (4.41 oz),Mini-SIM,"TFT, 256K colors","2.2 inches, 15.2 cm2 (~27.6% screen-to-body ratio)",176 x 220 pixels (~128 ppi density),microSD (dedicated slot),Yes,"20 dialed, 20 received, 20 missed calls",3.15 MP,,Yes,,,Yes,No,No,Yes,No,"Stereo FM radio, RDS",Proprietary,,"SMS, MMS, Instant Messaging",WAP 2.0/xHTML,Yes,"Yes, MIDP 2.0",Mirror effect,Removable Li-Ion battery,Up to 200 h,Up to 3 h,,Silver,,Yes,No,No,,Vibration; Polyphonic ringtones,Music player Predictive text input Organizer,,,,,,,
sagem,Sagem my521x,https://fdn2.gsmarena.com/vv/bigpic/sagem-my521x.jpg,GSM,GSM 900 / 1800 / 1900,,,"2008, July",Discontinued,107 x 46 x 10 mm (4.21 x 1.81 x 0.39 in),90 g (3.17 oz),Mini-SIM,"TFT, 65K colors","1.9 inches, 11.4 cm2 (~23.1% screen-to-body ratio)",128 x 160 pixels (~108 ppi density),microSD (dedicated slot),Yes,"20 dialed, 20 received, 20 missed calls",1.3 MP,,Yes,,,No,No,No,Yes,No,No,Proprietary,,"SMS, EMS, MMS",WAP 2.0/xHTML,Yes,"Yes, MIDP 2.0",No,Removable Li-Ion battery,Up to 200 h,Up to 3 h,,"Black,Silver",,Yes,No,MP3/AAC player Predictive text input Organizer,10MB,Vibration; Polyphonic(32) ringtones,,,,,,,,
sagem,Sagem my519x,https://fdn2.gsmarena.com/vv/bigpic/sagem-my519x.jpg,GSM,GSM 900 / 1800 / 1900,,,"2008, February. Released 2008",Discontinued,108 x 48 x 11 mm (4.25 x 1.89 x 0.43 in),95 g (3.35 oz),Mini-SIM,"TFT, 256K colors","2.0 inches, 12.6 cm2 (~24.3% screen-to-body ratio)",176 x 220 pixels (~141 ppi density),microSD (dedicated slot),Yes,"20 dialed, 20 received, 20 missed calls",3.15 MP,,Yes,,,Yes,No,Wi-Fi 802.11b/g,Yes,No,"Stereo FM radio, RDS",Proprietary,,"SMS, MMS, Instant Messaging",WAP 2.0/xHTML,Yes,"Yes, MIDP 2.0",No,Removable Li-Ion battery,Up to 240 h,Up to 4 h 30 min,,"Violet, Green, Pink",,Yes,Class 10,Music player Barcode reader Predictive text input Organizer,,Vibration; Polyphonic ringtones,,,,,,,,
sagem,Sagem my421x,https://fdn2.gsmarena.com/vv/bigpic/sagem-my421x.jpg,GSM,GSM 900 / 1800,,,"2008, February. Released 2008",Discontinued,107 x 47 x 10 mm (4.21 x 1.85 x 0.39 in),81 g (2.86 oz),Mini-SIM,"CSTN, 65K colors","1.8 inches, 10.2 cm2 (~20.3% screen-to-body ratio)",128 x 160 pixels (~114 ppi density),microSD (dedicated slot),Yes,"20 dialed, 20 received, 20 missed calls",1.3 MP,,Yes,,,Yes,No,No,Yes,No,"Stereo FM radio, RDS",Proprietary,,"SMS, MMS",WAP 2.0/xHTML,Yes,"Yes, MIDP 2.0",Glossy effect,Removable Li-Ion battery,Up to 220 h,Up to 3 h 40 min,,Black,,Yes,No,No,,Vibration; Polyphonic ringtones,Music player Predictive text input Organizer,,,,,,,
sagem,Sagem my429x,https://fdn2.gsmarena.com/vv/bigpic/sagem-my419x.jpg,GSM,GSM 900 / 1800,,,"2008, February",Discontinued,106 x 46 x 15 mm (4.17 x 1.81 x 0.59 in),95 g (3.35 oz),Mini-SIM,"CSTN, 65K colors","1.8 inches, 10.2 cm2 (~20.9% screen-to-body ratio)",128 x 160 pixels (~114 ppi density),No,Yes,"20 dialed, 20 received, 20 missed calls",VGA,,Yes,,,Yes,No,Wi-Fi 802.11b/g,Yes,No,No,Proprietary,,"SMS, MMS",WAP 2.0/xHTML,Yes,"Yes, MIDP 2.0",Metallic cover with mirror effect,Removable Li-Ion battery,Up to 370 h,Up to 4 h,,Silver,,Yes,No,No,,Vibration; Polyphonic ringtones,Music player Predictive text input Organizer,,,,,,,
sagem,Sagem my419x,https://fdn2.gsmarena.com/vv/bigpic/sagem-my419x-new.jpg,GSM,GSM 900 / 1800,,,"2008, February",Discontinued,106 x 46 x 15 mm (4.17 x 1.81 x 0.59 in),95 g (3.35 oz),Mini-SIM,"TFT, 65K colors","1.8 inches, 10.2 cm2 (~20.9% screen-to-body ratio)",128 x 160 pixels (~114 ppi density),No,Yes,"20 dialed, 20 received, 20 missed calls",VGA,,Yes,,,Yes,No,Wi-Fi 802.11b/g,Yes,No,No,Proprietary,,"SMS, MMS",WAP 2.0/xHTML,Yes,"Yes, MIDP 2.0",Metallic cover with mirror effect,Removable Li-Ion battery,Up to 370 h,Up to 4 h,,Silver,,Yes,No,No,,Vibration; Polyphonic ringtones,Music player Predictive text input Organizer,,,,,,,
sagem,Sagem P9522 Porsche,https://fdn2.gsmarena.com/vv/bigpic/Sagem-Porsche-P9522.jpg,GSM,GSM 850 / 900 / 1800 / 1900,,,"2008, October. Released 2008, October",Discontinued,112 x 49 x 12 mm (4.41 x 1.93 x 0.47 in),115 g (4.06 oz),Mini-SIM,"AMOLED resistive touchscreen, 256K colors","2.8 inches, 22.3 cm2 (~40.7% screen-to-body ratio)","240 x 400 pixels, 5:3 ratio (~167 ppi density)",microSD (dedicated slot),1000 contacts,Yes,"5 MP, AF",,Yes,,,Yes,No,Wi-Fi 802.11 b/g,Yes,"Yes, with A-GPS","Stereo FM radio, RDS",Proprietary,Fingerprint (front-mounted),"SMS, MMS, Email","WAP 2.0/xHTML, HTML (Opera)",Yes,"Yes, MIDP 2.0",No,Removable Li-Ion battery,Up to 300 h,Up to 4 h,,Black,About 600 EUR,Class 10,Class 10,MP3/eAAC+ player MP4/H.263 player Organizer Voice memo/dial Predictive text input,,,,Scratch-resistant glass,,,,,,
sagem,Sagem P9521 Porsche,https://fdn2.gsmarena.com/vv/bigpic/Sagem-Porsche-P9521.jpg,GSM,GSM 850 / 900 / 1800 / 1900,,,"2008, October. Released 2008, December",Discontinued,91.5 x 48.3 x 17.8 mm (3.60 x 1.90 x 0.70 in),139 g (4.90 oz),Mini-SIM,"AMOLED, 256K colors","2.2 inches, 15.0 cm2 (~33.9% screen-to-body ratio)","240 x 320 pixels, 4:3 ratio (~182 ppi density)",microSD (dedicated slot),1000 contacts,Yes,"3.15 MP, AF",LED flash,Yes,,,Yes,No,No,"1.2, A2DP",No,No,1.1,Fingerprint (front-mounted),"SMS, MMS, Email",WAP 2.0/xHTML,Yes,"Yes, MIDP 2.0",Secondary external display,Removable Li-Ion battery,Up to 240 h,Up to 3 h 30 min,Up to 7 h,Black,About 1200 EUR,Class 10,Class 10,No,22MB,,MP3/eAAC+ player MP4/H.263 player Organizer Voice memo/dial Predictive text input,,,,,,,
sagem,Sagem my730c,https://fdn2.gsmarena.com/vv/bigpic/sagem-my730c.jpg,GSM / UMTS,GSM 900 / 1800 / 1900,UMTS 2100,"Yes, 384 kbps","2008, August. Released 2008, Q4",Discontinued,96 x 49 x 16 mm (3.78 x 1.93 x 0.63 in),95 g (3.35 oz),Mini-SIM,"TFT, 256K colors","2.0 inches, 12.4 cm2 (~26.3% screen-to-body ratio)","240 x 320 pixels, 4:3 ratio (~200 ppi density)",microSD (dedicated slot),"1000 contacts, Photocall","20 dialed, 20 received, 20 missed calls",2 MP,,Yes,,,Yes,No,No,Yes,No,No,miniUSB,,"SMS, MMS",WAP 2.0/xHTML,Yes,"Yes, MIDP 2.0",Secondary external display Dedicated music keys,Removable Li-Ion 920 mAh battery,Up to 300 h,Up to 4 h,,Black,,,,No,54MB,,MP3/MP4 player Organizer Voice memo Predictive text input,,,,,,,
sagem,Sagem my411c,https://fdn2.gsmarena.com/vv/bigpic/sagem-my411c.jpg,GSM,GSM 900 / 1800 / 1900,,,"2008, February",Discontinued,91 x 46 x 16 mm (3.58 x 1.81 x 0.63 in),87 g (3.07 oz),Mini-SIM,"CSTN, 65K colors","1.8 inches, 10.2 cm2 (~24.4% screen-to-body ratio)",128 x 160 pixels (~114 ppi density),microSD (dedicated slot),Yes,"20 dialed, 20 received, 20 missed calls",VGA,,Yes,,,Yes,No,No,Yes,No,No,Proprietary,,"SMS, MMS",WAP 2.0/xHTML,Yes,"Yes, MIDP 2.0",Mirror effect,Removable Li-Ion battery,Up to 200 h,Up to 3 h,,"Black, Pink",,Yes,No,No,,Vibration; Polyphonic ringtones,Music player Predictive text input Organizer,,,,,,,
sagem,Sagem my312x,https://fdn2.gsmarena.com/vv/bigpic/sagem-my312x.jpg,GSM,GSM 900 / 1800 / 1900,,,"2008, February. Released 2008",Discontinued,109 x 48 x 11 mm (4.29 x 1.89 x 0.43 in),87 g (3.07 oz),Mini-SIM,"TFT, 65K colors","1.8 inches, 10.2 cm2 (~19.5% screen-to-body ratio)",128 x 160 pixels (~114 ppi density),No,Yes,"20 dialed, 20 received, 20 missed calls",,,,,,Yes,No,No,Yes,No,No,Proprietary,,"SMS, MMS",WAP 2.0/xHTML,Yes,"Yes, MIDP 2.0",No,Removable Li-Ion battery,Up to 220 h,Up to 3 h 40 min,,Black,,Yes,No,Predictive text input Organizer,,Vibration; Polyphonic ringtones,,,,,,,,
sagem,Sagem my234x,https://fdn2.gsmarena.com/vv/bigpic/sagem-my231x.jpg,GSM,GSM 900 / 1800,,,"2008, February. Released 2008",Discontinued,106 x 46 x 12 mm (4.17 x 1.81 x 0.47 in),75 g (2.65 oz),Mini-SIM,"CSTN, 65K colors","1.8 inches, 10.2 cm2 (~20.9% screen-to-body ratio)",128 x 160 pixels (~114 ppi density),No,Yes,"20 dialed, 20 received, 20 missed calls",,,,,,Yes,No,No,No,No,FM radio,Proprietary,,SMS,No,Yes,No,No,Removable Li-Ion battery,Up to 450 h,Up to 6 h,,Black,,No,No,Predictive text input Organizer,,Vibration; Polyphonic ringtones,,,,,,,,
sagem,Sagem my231x,https://fdn2.gsmarena.com/vv/bigpic/sagem-my231x.jpg,GSM,GSM 900 / 1800,,,"2008, February. Released 2008",Discontinued,106 x 46 x 12 mm (4.17 x 1.81 x 0.47 in),75 g (2.65 oz),Mini-SIM,"CSTN, 65K colors","1.8 inches, 10.2 cm2 (~20.9% screen-to-body ratio)",128 x 160 pixels (~114 ppi density),No,Yes,"20 dialed, 20 received, 20 missed calls",,,,,,Yes,No,No,Yes,No,No,Proprietary,,SMS,No,Yes,No,No,Removable Li-Ion battery,Up to 450 h,Up to 6 h,,Black,,No,No,Predictive text input Organizer,,Vibration; Polyphonic ringtones,,,,,,,,
sagem,Sagem my230x,https://fdn2.gsmarena.com/vv/bigpic/sagem-my230x.jpg,GSM,GSM 900 / 1800,,,"2008, February. Released 2008",Discontinued,106 x 46 x 10 mm (4.17 x 1.81 x 0.39 in),65 g (2.29 oz),Mini-SIM,"CSTN, 65K colors","1.8 inches, 10.2 cm2 (~20.9% screen-to-body ratio)",128 x 160 pixels (~114 ppi density),No,Yes,"20 dialed, 20 received, 20 missed calls",,,,,,Yes,No,No,No,No,No,Proprietary,,SMS,No,mySUDOKU,No,No,Removable Li-Ion battery,Up to 240 h,Up to 3 h,,,,No,No,Predictive text input Organizer,,Vibration; Polyphonic ringtones,,,,,,,,
sagem,Sagem my226x,https://fdn2.gsmarena.com/vv/bigpic/sagem-my226x.jpg,GSM,GSM 900 / 1800,,,"2008, February. Released 2008",Discontinued,103 x 46 x 11 mm (4.06 x 1.81 x 0.43 in),65 g (2.29 oz),Mini-SIM,"CSTN, 65K colors",", 26 x 28 mm","128 x 128 pixels, 1:1 ratio",No,"Yes, up to 250 entries","20 dialed, 20 received, 20 missed calls",,,,,,No,No,No,No,No,No,Proprietary,,SMS,No,Yes,No,No,Removable Li-Ion 670 mAh battery,Up to 240 h,Up to 3 h,,Black,,No,No,Organizer Predictive text input,,,,,,,,,,
sagem,Sagem my220x,https://fdn2.gsmarena.com/vv/bigpic/sagem-my220x.jpg,GSM,GSM 900 / 1800,,,"2008, February",Discontinued,107 x 47 x 10 mm (4.21 x 1.85 x 0.39 in),65 g (2.29 oz),Mini-SIM,"CSTN, 65K colors","1.5 inches, 7.3 cm2 (~14.4% screen-to-body ratio)","128 x 128 pixels, 1:1 ratio (~121 ppi density)",No,Yes,"20 dialed, 20 received, 20 missed calls",,,,,,Yes,No,No,No,No,No,Proprietary,,SMS,No,Yes,No,No,Removable Li-Ion battery,Up to 240 h,Up to 3 h,,"Chrome, Bronze, Red",About 60 EUR,No,No,Predictive text input Organizer,,Vibration; Polyphonic(32) ringtones,,,,,,,,
sagem,Sagem my901C,https://fdn2.gsmarena.com/vv/bigpic/sagem-my901c.gif,GSM / UMTS,GSM 900 / 1800 / 1900,UMTS 2100,"Yes, 384 kbps","2007, March. Released 2008, February",Discontinued,90 x 45 x 23.5 mm (3.54 x 1.77 x 0.93 in),115 g (4.06 oz),Mini-SIM,"TFT, 256K colors","1.9 inches, 11.2 cm2 (~27.6% screen-to-body ratio)","240 x 320 pixels, 4:3 ratio (~211 ppi density)",miniSD,Yes,"20 dialed, 20 received, 20 missed calls",2 MP,,Yes,VGA videocall camera,,No,No,No,"2.0, A2DP",No,No,Proprietary,,"SMS, EMS, MMS, Email",WAP 2.0/xHTML,Yes,"Yes, MIDP 2.0","Second external TFT, 256K colors display (96 x 64 pixels)",Removable Li-Ion battery,Up to 300 h,Up to 5 h,,"Black, Dark Blue, Dark Red",,,,Video telephony & streaming MP3/AAC player  Predictive text input Organizer Voice memo,,Vibration; Downloadable polyphonic ringtones,,,,,,,,
sagem,Sagem my900C,https://fdn2.gsmarena.com/vv/bigpic/sagem-my900c.gif,GSM / UMTS,GSM 900 / 1800 / 1900,UMTS 2100,"Yes, 384 kbps","2006, March",Cancelled,90 x 45 x 23.5 mm (3.54 x 1.77 x 0.93 in),115 g (4.06 oz),Mini-SIM,"TFT, 256K colors",,"240 x 320 pixels, 4:3 ratio",miniSD,Yes,"20 dialed, 20 received, 20 missed calls",2 MP,,Yes,VGA videocall camera,,No,No,No,Yes,No,No,Proprietary,,"SMS, EMS, MMS, Email",WAP 2.0/xHTML,Yes,"Yes, MIDP 2.0","Second external TFT, 256K colors display (96 x 64 pixels)",Removable Li-Ion battery,,,,,,,,Video telephony & streaming MP3/AAC player  Predictive text input Organizer Voice memo,,Vibration; Downloadable polyphonic ringtones,,,,,,,,
sagem,Sagem my850C,https://fdn2.gsmarena.com/vv/bigpic/sagem-my850c.gif,GSM / UMTS,GSM 900 / 1800 / 1900,UMTS 2100,"Yes, 384 kbps","2006, March",Discontinued,96 x 49 x 16 mm (3.78 x 1.93 x 0.63 in),95 g (3.35 oz),Mini-SIM,"TFT, 256K colors","2.0 inches, 12.4 cm2 (~26.3% screen-to-body ratio)","240 x 320 pixels, 4:3 ratio (~200 ppi density)",microSD (dedicated slot),Yes,"20 dialed, 20 received, 20 missed calls",2 MP,,Yes,VGA videocall camera,,No,No,No,"2.0, A2DP",No,No,1.0,,"SMS, EMS, MMS, Email",WAP 2.0/xHTML,Yes,"Yes, MIDP 2.0",Second external mono display (96 x 64 pixels),Removable Li-Ion battery,Up to 300 h,Up to 3 h 30 min,,Black,About 250 EUR,,,Video telephony & streaming MP3/AAC/AAC+/eAAC+ player  Predictive text input Organizer Voice memo,64MB,Vibration; Downloadable polyphonic ringtones,,,,,,,,
sagem,Sagem my800X,https://fdn2.gsmarena.com/vv/bigpic/sagem-my800x.gif,GSM / UMTS,GSM 900 / 1800 / 1900,UMTS 2100,"Yes, 384 kbps","2006, March",Discontinued,110 x 47 x 16 mm (4.33 x 1.85 x 0.63 in),99 g (3.49 oz),Mini-SIM,"TFT, 256K colors",,176 x 220 pixels,miniSD,Yes,"20 dialed, 20 received, 20 missed calls",1.3 MP,,Yes,VGA videocall camera,,No,No,No,Yes,No,No,1.0,,"SMS, EMS, MMS, Email",WAP 2.0/xHTML,2,"Yes, MIDP 2.0",Video telephony & streaming MP3/AAC player  Predictive text input Organizer Voice memo,Removable Li-Ion 1000 mAh battery,,,,"Silver, Black",About 190 EUR,,,,16MB,Vibration; Downloadable polyphonic ringtones,,,,,,,,
sagem,Sagem my700X,https://fdn2.gsmarena.com/vv/bigpic/sagem-my700x.gif,GSM,GSM 850 / 900 / 1800 / 1900,,,"2006, February",Discontinued,"106 x 46 x 15 mm, 73 cc (4.17 x 1.81 x 0.59 in)",95 g (3.35 oz),Mini-SIM,"TFT, 256K colors",,176 x 220 pixels,miniSD,Yes,"20 dialed, 20 received, 20 missed calls",1.3 MP,,Yes,,,No,No,No,"1.2, A2DP",No,FM radio,Proprietary,,"SMS, EMS, MMS, Email",WAP 2.0/xHTML,Yes,"Yes, MIDP 2.0",No,Removable Li-Ion battery,Up to 350 h,Up to 5 h,,"Silver, Choco, White",,Class 10,Class 10,3D sound,32MB,Vibration; Downloadable polyphonic ringtones,MP3/AAC/AAC+/eAAC/Wave player Graphic equalizer SyncML Predictive text input Organizer,,,,,,,
sagem,Sagem my600X,https://fdn2.gsmarena.com/vv/bigpic/sagem-my600x.gif,GSM / UMTS,GSM 900 / 1800,UMTS 2100,"Yes, 384 kbps","2006, September",Discontinued,110 x 48 x 16 mm (4.33 x 1.89 x 0.63 in),99 g (3.49 oz),Mini-SIM,"TFT, 256K colors","1.8 inches, 10.2 cm2 (~19.3% screen-to-body ratio)",176 x 220 pixels (~157 ppi density),miniSD,Yes,"20 dialed, 20 received, 20 missed calls",VGA,,Yes,Videocall camera,,No,No,No,Yes,No,No,Proprietary,,"SMS, MMS, Email",WAP 2.0/xHTML,Yes,"Yes, MIDP 2.0",MP3/AAC player  Predictive text input Organizer Voice memo,Removable Li-Ion battery,Up to 350 h,Up to 4 h,,White,,,,,16MB,"Vibration; Downloadable polyphonic, MP3 ringtones",,,,,,,,
sagem,Sagem my600V,https://fdn2.gsmarena.com/vv/bigpic/sagem-my600v.gif,GSM / UMTS,GSM 900 / 1800,UMTS 2100,"Yes, 384 kbps","2006, October",Discontinued,110 x 48 x 16 mm (4.33 x 1.89 x 0.63 in),100 g (3.53 oz),Mini-SIM,"TFT, 256K colors","1.9 inches, 11.4 cm2 (~21.5% screen-to-body ratio)",176 x 220 pixels (~148 ppi density),miniSD,1000 entries,"20 dialed, 20 received, 20 missed calls",VGA,,Yes,CIF videocall camera,,No,No,No,Yes,No,No,Proprietary,,"SMS, MMS, Email",WAP 2.0/xHTML,Yes,"Yes, MIDP 2.0",Video telephony MP3/AAC player  Predictive text input Organizer Voice memo,Removable Li-Ion 1000 mAh battery,Up to 350 h,Up to 2 h 40 min,,Black,,,,,16MB,Vibration; Downloadable polyphonic ringtones,,,,,,,,
sagem,Sagem my511X,https://fdn2.gsmarena.com/vv/bigpic/sagem-my511x.gif,GSM,GSM 900 / 1800 / 1900,,,"2007, September",Discontinued,107 x 46 x 10 mm (4.21 x 1.81 x 0.39 in),90 g (3.17 oz),Mini-SIM,"TFT, 65K colors","1.9 inches, 11.4 cm2 (~23.1% screen-to-body ratio)",128 x 160 pixels (~108 ppi density),microSD (dedicated slot),Yes,"20 dialed, 20 received, 20 missed calls",1.3 MP,,Yes,,,No,No,No,Yes,No,No,miniUSB,,"SMS, EMS,MMS",WAP 2.0/xHTML,Yes,"Yes, MIDP 2.0",No,Removable Li-Ion battery,Up to 200 h,Up to 3 h,,"Black, Blue",About 140 EUR,Class 10,No,MP3/AAC player Predictive text input Organizer,32MB,Vibration; Downloadable polyphonic ringtones,,,,,,,,
sagem,Sagem my501X,https://fdn2.gsmarena.com/vv/bigpic/sagem-my501x.gif,GSM,GSM 900 / 1800 / 1900,,,"2006, March",Discontinued,100 x 46 x 16.5 mm (3.94 x 1.81 x 0.65 in),90 g (3.17 oz),Mini-SIM,"TFT, 256K colors","1.9 inches, 11.4 cm2 (~24.7% screen-to-body ratio)",176 x 220 pixels (~148 ppi density),miniSD,Yes,"20 dialed, 20 received, 20 missed calls",1.3 MP,,Yes,,,No,No,No,Yes,No,No,miniUSB,,"SMS, EMS,MMS",WAP 2.0/xHTML,Yes,"Yes, MIDP 2.0",No,Removable Li-Ion battery,Up to 250 h,Up to 3 h 30 min,,"Black, Silver, White",,Class 10,No,MP3/AAC player Predictive text input Organizer,32MB,Vibration; Downloadable polyphonic ringtones,,,,,,,,
sagem,Sagem my501C,https://fdn2.gsmarena.com/vv/bigpic/sagem-my501c.gif,GSM,GSM 900 / 1800,,,"2006, August",Discontinued,93 x 44.6 x 23.6 mm (3.66 x 1.76 x 0.93 in),99 g (3.49 oz),Mini-SIM,"CSTN, 65K colors","1.8 inches, 10.2 cm2 (~24.6% screen-to-body ratio)",128 x 160 pixels (~114 ppi density),microSD (dedicated slot),Yes,"20 received, dialed and missed calls",1.3 MP,,Yes,,,No,No,No,Yes,No,No,Proprietary,,"SMS, MMS, Email",WAP 1.2,Yes,Yes,"Second external OLED, 256 colors display Downloadable wallpapers",Removable Li-Ion battery,Up to 250 h,Up to 3 h 30 min,,"Silver, Red",About 140 EUR,Yes,No,No,32MB,"Vibration; Downloadable polyphonic, Hi-Fi ringtones",MP3/AAC player Predictive text input Calculator Currency converter SyncML,,,,,,,
sagem,Sagem my500X,https://fdn2.gsmarena.com/vv/bigpic/sagem-my500x.gif,GSM,GSM 900 / 1800 / 1900,,,"2006, March",Discontinued,100 x 46 x 16.5 mm (3.94 x 1.81 x 0.65 in),90 g (3.17 oz),Mini-SIM,"TFT, 256K colors",,176 x 220 pixels,miniSD,Yes,"20 dialed, 20 received, 20 missed calls",1.3 MP,,Yes,,,No,No,No,No,No,No,Proprietary,,"SMS, EMS,MMS",WAP 2.0/xHTML,Yes,"Yes, MIDP 2.0",No,Removable Li-Ion 850 mAh battery,Up to 350 h,Up to 4 h,,,,Class 10,No,MP3/AAC player Predictive text input Organizer,32MB,Vibration; Downloadable polyphonic ringtones,,,,,,,,
sagem,Sagem my411X,https://fdn2.gsmarena.com/vv/bigpic/sagem-my411x.gif,GSM,GSM 900 / 1800 / 1900,,,"2007, May",Discontinued,103.2 x 45.2 x 14.2 mm (4.06 x 1.78 x 0.56 in),85 g (3.00 oz),Mini-SIM,"CSTN, 65K colors",,128 x 160 pixels,microSD (dedicated slot),"12 fields, Photo call","20 dialed, 20 received, 20 missed calls",VGA,,Yes,,,No,No,No,1.2,No,No,No,,"SMS, EMS, MMS",WAP 2.0/xHTML,Yes,"Yes, MIDP 2.0",Mirror effect on display and keypad,Removable Li-Ion battery,Up to 240 h,Up to 4 h,,Black,About 110 EUR,Class 10,No,No,,Vibration; Downloadable polyphonic ringtones,MP3/AAC player Predictive text input Organizer,,,,,,,
sagem,Sagem my405X,https://fdn2.gsmarena.com/vv/bigpic/sagem-my405x.gif,GSM,GSM 900 / 1800 / 1900,,,"2006, March",Discontinued,105 x 46 x 15.5 mm (4.13 x 1.81 x 0.61 in),90 g (3.17 oz),Mini-SIM,"TFT, 65K colors",,128 x 160 pixels,No,Yes,"20 dialed, 20 received, 20 missed calls",VGA,,No,,,No,No,No,No,No,No,miniUSB 1.1,,"SMS, EMS, MMS",WAP 2.0/xHTML,2,"Yes, MIDP 2.0",No,Removable Li-Ion battery,Up to 300 h,Up to 3 h,,"Silver, Black",,Class 10,No,MP3 player Predictive text input Calculator Diary assistant Voice memo Currency converter,64MB,Vibration; Downloadable polyphonic ringtones,,,,,,,,
sagem,Sagem my401X,https://fdn2.gsmarena.com/vv/bigpic/sagem-my401x.gif,GSM,GSM 900 / 1800 / 1900,,,"2006, Q1",Discontinued,105 x 46 x 14 mm (4.13 x 1.81 x 0.55 in),85 g (3.00 oz),Mini-SIM,"CSTN, 65K colors",,128 x 160 pixels,No,"12 fields, Photo call","20 dialed, 20 received, 20 missed calls",VGA,,Yes,,,No,No,No,1.2,No,No,No,,"SMS, EMS, MMS",WAP 2.0/xHTML,Yes,"Yes, MIDP 2.0",200 SMS messages,Removable Li-Ion battery,Up to 300 h,Up to 4 h,,Silver,,Class 10,No,No,3.2MB,Vibration; Downloadable polyphonic ringtones,MP3/AAC player Predictive text input Organizer,,Yes,,,,,
sagem,Sagem my401Z,https://fdn2.gsmarena.com/vv/bigpic/sagem-my401z.gif,GSM,GSM 900 / 1800 / 1900,,,"2007, July",Discontinued,90 x 46 x 21 mm (3.54 x 1.81 x 0.83 in),90 g (3.17 oz),Mini-SIM,"CSTN, 65K colors",,128 x 160 pixels,microSD (dedicated slot),"12 fields, Photo call","20 dialed, 20 received, 20 missed calls",VGA,,Yes,,,No,No,No,1.2,No,No,No,,"SMS, EMS, MMS",WAP 2.0/xHTML,Yes,"Yes, MIDP 2.0",No,Removable Li-Ion battery,Up to 240 h,Up to 3 h 30 min,,Silver,,Class 10,No,MP3/AAC player Predictive text input Organizer,37MB,Vibration; Downloadable polyphonic ringtones,,,,,,,,
sagem,Sagem my401C,https://fdn2.gsmarena.com/vv/bigpic/sagem-my401c.gif,GSM,GSM 900 / 1800 / 1900,,,"2007, March",Discontinued,86 x 43.3 x 18.5 mm (3.39 x 1.70 x 0.73 in),82 g (2.89 oz),Mini-SIM,"CSTN, 65K colors",,128 x 160 pixels,microSD (dedicated slot),"12 fields, Photo call","20 dialed, 20 received, 20 missed calls",VGA,,Yes,,,No,No,No,1.2,No,No,miniUSB 1.1,,"SMS, EMS, MMS",WAP 2.0/xHTML,Yes,"Yes, MIDP 2.0",No,Removable Li-Ion battery,Up to 250 h,Up to 3 h 30 min,,"Silver, Red, Blue/White, Red/White",About 120 EUR,Class 10,No,MP3/AAC player Predictive text input Organizer,,"Vibration; Downloadable polyphonic, MP3 ringtones",,,,,,,,
sagem,Sagem my400V,https://fdn2.gsmarena.com/vv/bigpic/sagem-my400v.gif,GSM,GSM 900 / 1800,,,"2007, February",Cancelled,105 x 46 x 14 mm (4.13 x 1.81 x 0.55 in),85 g (3.00 oz),Mini-SIM,"CSTN, 65K colors",,128 x 160 pixels,No,"12 fields, Photo call","20 dialed, 20 received, 20 missed calls",VGA,,Yes,,,No,No,No,No,No,No,No,,"SMS, EMS, MMS",WAP 2.0/xHTML,Yes,"Yes, MIDP 2.0",No,Removable Li-Ion 850 mAh battery,Up to 350 h,Up to 4 h,,,,Class 10,No,Predictive text input Organizer,,Vibration; Downloadable polyphonic ringtones,,,Yes,,,,,
sagem,Sagem my400X,https://fdn2.gsmarena.com/vv/bigpic/sagem-my400x.gif,GSM,GSM 900 / 1800,,,"2006, Q1",Discontinued,105 x 46 x 14 mm (4.13 x 1.81 x 0.55 in),85 g (3.00 oz),Mini-SIM,"CSTN, 65K colors",,128 x 160 pixels,No,"12 fields, Photo call","20 dialed, 20 received, 20 missed calls",VGA,,Yes,,,No,No,No,No,No,No,No,,"SMS, EMS, MMS",WAP 2.0/xHTML,Yes,"Yes, MIDP 2.0",200 SMS messages,Removable Li-Ion 850 mAh battery,Up to 350 h,Up to 4 h,,Silver,,Class 10,No,No,3.2MB,Vibration; Downloadable polyphonic ringtones,Predictive text input Organizer,,Yes,,,,,
sagem,Sagem my302X,https://fdn2.gsmarena.com/vv/bigpic/sagem-my302x.gif,GSM,GSM 900 / 1800 / 1900,,,"2005, Q4",Discontinued,105 x 46 x 14 mm (4.13 x 1.81 x 0.55 in),88 g (3.10 oz),Mini-SIM,"CSTN, 65K colors","1.7 inches, 9.3 cm2 (~19.3% screen-to-body ratio)","128 x 128 pixels, 1:1 ratio (~106 ppi density)",No,Yes,"20 dialed, 20 received, 20 missed calls",,,,,,No,No,No,1.2,No,No,,,"SMS, EMS,MMS",WAP 2.0/xHTML,Yes,"Yes, MIDP 2.0","Dust, shock and splash resistant",Removable Li-Ion battery,Up to 350 h,Up to 4 h,,Silver,,Class 10,No,No,3.2MB,Vibration; Downloadable polyphonic ringtones,Organizer SyncML Predictive text input,,Yes,,,,,
sagem,Sagem my301X,https://fdn2.gsmarena.com/vv/bigpic/sagem-my301x.gif,GSM,GSM 900 / 1800 / 1900,,,"2005, Q4",Discontinued,105 x 46 x 14 mm (4.13 x 1.81 x 0.55 in),88 g (3.10 oz),Mini-SIM,"CSTN, 65K colors","1.7 inches, 9.3 cm2 (~19.3% screen-to-body ratio)","128 x 128 pixels, 1:1 ratio (~106 ppi density)",No,Yes,"20 dialed, 20 received, 20 missed calls",,,,,,No,No,No,1.2,No,No,,,"SMS, EMS,MMS",WAP 2.0/xHTML,Yes,"Yes, MIDP 2.0",No,Removable Li-Ion battery,Up to 350 h,Up to 4 h,,,,Class 10,No,Predictive text input Organizer SyncML,3.2MB,Vibration; Downloadable polyphonic ringtones,,,Yes,,,,,
sagem,Sagem my300X,https://fdn2.gsmarena.com/vv/bigpic/sagem-my300x.gif,GSM,GSM 900 / 1800,,,"2005, Q4",Discontinued,105 x 46 x 14 mm (4.13 x 1.81 x 0.55 in),88 g (3.10 oz),Mini-SIM,"CSTN, 65K colors","1.7 inches, 9.3 cm2 (~19.3% screen-to-body ratio)","128 x 128 pixels, 1:1 ratio (~106 ppi density)",No,Yes,"20 dialed, 20 received, 20 missed calls",,,,,,No,No,No,No,No,No,,,"SMS, EMS,MMS",WAP 2.0/xHTML,Yes,"Yes, MIDP 2.0",No,Removable Li-Ion 850 mAh battery,Up to 350 h,Up to 4 h,,"Blue, Silver, Red",,Class 10,No,Predictive text input Organizer SyncML,3.2MB,Vibration; Downloadable polyphonic ringtones,,,Yes,,,,,
sagem,Sagem my300C,https://fdn2.gsmarena.com/vv/bigpic/sagem-my300c.gif,GSM,GSM 900 / 1800,,,"2007, March",Discontinued,79.2 x 43.5 x 21.7 mm (3.12 x 1.71 x 0.85 in),79 g (2.79 oz),Mini-SIM,"CSTN, 65K colors",,"128 x 128 pixels, 1:1 ratio",No,"Yes, Photo call","20 dialed, 20 received, 20 missed calls",VGA,,No,,,Yes,No,No,No,No,No,Proprietary,,"SMS, MMS",WAP 2.0/xHTML,mySudoku,"Yes, MIDP 2.0",No,Removable Li-Ion battery,,,,"Black, Silver, Red",About 80 EUR,Class 10,No,Predictive text input Organizer,3MB,Vibration; Downloadable polyphonic ringtones,,,,1.25 W/kg (head),,,,
sagem,Sagem my215x,https://fdn2.gsmarena.com/vv/bigpic/sagem-my215x.gif,GSM,GSM 900 / 1800,,,"2007, January",Discontinued,103 x 44.5 x 15 mm (4.06 x 1.75 x 0.59 in),69 g (2.43 oz),Mini-SIM,"CSTN, 65K colors",,"128 x 128 pixels, 1:1 ratio",No,Yes,"20 dialed, 20 received, 20 missed calls",,,,,,No,No,No,No,No,No,Proprietary,,SMS,No,2 embedded,No,No,Removable Li-Ion 680 mAh battery,Up to 255 h,Up to 3 h 50 min,,,About 80 EUR,No,No,MP3/iMelody/Midi/AAC player Predictive text input Organizer,256MB,"Vibration; Polyphonic(32) ringtones, composer",,,,,,,,
sagem,Sagem my210x,https://fdn2.gsmarena.com/vv/bigpic/sagem-my210x.jpg,GSM,GSM 900 / 1800,,,"2007, October. Released 2007, October",Discontinued,103 x 44.5 x 15.4 mm (4.06 x 1.75 x 0.61 in),69 g (2.43 oz),Mini-SIM,"CSTN, 65K colors",,"128 x 128 pixels, 1:1 ratio",No,Yes,"20 dialed, 20 received, 20 missed calls",,,,,,No,No,No,No,No,No,miniUSB,,SMS,No,2 embedded,No,No,Removable Li-Ion battery,Up to 255 h,Up to 3 h 50 min,,"Black, Blue, White, Green",,No,No,Predictive text input Organizer,,"Vibration; Polyphonic(32) ringtones, composer",,,,,,,,
sagem,Sagem my200x,https://fdn2.gsmarena.com/vv/bigpic/sagem-my200x.gif,GSM,GSM 900 / 1800,,,"2006, February",Discontinued,104 x 43 x 15.5 mm (4.09 x 1.69 x 0.61 in),76 g (2.68 oz),Mini-SIM,"CSTN, 4096 colors",,101 x 80 pixels,No,250 entries,"20 dialed, 20 received, 20 missed calls",,,,,,Yes,No,No,No,No,No,No,,"SMS, EMS(my201x only),MMS(my202x only)",WAP 1.2  (my201x only),1 embedded,No,240 KB shared memory (my201x) 470B shared memory (my202x),Removable Li-Ion battery,Up to 255h,Up to 3 h 50 min,,,,Yes (my202x only),No,No,,"Vibration; Polyphonic(8) ringtones, composer",Predictive text input Organizer,,,,,,,
sagem,Sagem my200C,https://fdn2.gsmarena.com/vv/bigpic/sagem-my200c.gif,GSM,GSM 900 / 1800,,,"2007, February",Discontinued,74 x 42 x 21 mm (2.91 x 1.65 x 0.83 in),85 g (3.00 oz),Mini-SIM,"CSTN, 65K colors",,"128 x 128 pixels, 1:1 ratio",No,"100 numbers, 15 groups","20 dialed, 10 received, 10 missed calls",,,,,,No,No,No,No,No,No,,,"SMS, EMS, MMS",Yes,mySudoku,No,No,Removable Li-Ion 680 mAh battery,Up to 240 h,Up to 4 h,,"Black, Red, Silver, White & Pink",About 70 EUR,Yes,No,Predictive text input Organizer,240 KB,Vibration; Downloadable polyphonic ringtones,,,,1.10 W/kg (head),,,,
sagem,Sagem my150X,https://fdn2.gsmarena.com/vv/bigpic/sagem-my150x.jpg,GSM,GSM 900 / 1800,,,"2006, February",Discontinued,107 x 47 x 10 mm (4.21 x 1.85 x 0.39 in),65 g (2.29 oz),Mini-SIM,Monochrome graphics,"1.8 inches, 9.5 cm2 (~18.8% screen-to-body ratio)",101 x 64 pixels (~66 ppi density),No,100 entries,20 redail list,,,,,,Yes,No,No,No,No,No,No,,SMS,No,1 embedded,No,Blue glow backlight,Removable Li-Ion battery,Up to 240 h,Up to 3 h,,"Silver/Black, Pink/Black",About 60 EUR,No,No,No,,"Vibration; Polyphonic(8) ringtones, composer",Predictive text input Organizer,,,,,,,
sagem,Sagem my101X,https://fdn2.gsmarena.com/vv/bigpic/sagem-my101x.jpg,GSM,GSM 900 / 1800,,,"2006, February",Discontinued,104.2 x 42.6 x 15.3 mm (4.10 x 1.68 x 0.60 in),76 g (2.68 oz),Mini-SIM,Monochrome graphics,,101 x 64 pixels,No,100 entries,20 redail list,,,,,,Yes,No,No,No,No,No,No,,SMS,No,1 embedded,No,Backlight keypad amber(my101X) and green (my100X),Removable Li-Ion battery,Up to 255 h,Up to 3 h 50 min,,"Black, White",,No,No,No,,"Vibration; Polyphonic(8) ringtones, composer",Predictive text input Organizer,,,,,,,
sagem,Sagem my100X,https://fdn2.gsmarena.com/vv/bigpic/sagem-my100x.gif,GSM,GSM 900 / 1800,,,"2006, February",Discontinued,104 x 42 x 15.5 mm (4.09 x 1.65 x 0.61 in),76 g (2.68 oz),Mini-SIM,Monochrome graphics,,101 x 64 pixels,No,100 entries,20 redail list,,,,,,Yes,No,No,No,No,No,No,,SMS,No,1 embedded,No,Backlight keypad amber(my101X) and green (my100X),Removable Li-Ion 720 mAh battery,Up to 255h,Up to 3 h 50 min,,,,No,No,No,,"Vibration; Polyphonic(8) ringtones, composer",Predictive text input Organizer,,,,,,,
sagem,Sagem VS4,https://fdn2.gsmarena.com/vv/bigpic/sagem-vs4.gif,GSM,GSM 900 / 1800 / 1900,,,"2005, June",Discontinued,111 x 46.8 x 14.7 mm (4.37 x 1.84 x 0.58 in),90 g (3.17 oz),Mini-SIM,"CSTN, 65K colors","1.7 inches, 27.3 x 32.6 mm, 9.1 cm2 (~17.5% screen-to-body ratio)",128 x 160 pixels (~121 ppi density),No,1000 entries,"20 received, dialed and missed calls",,,,,,Yes,No,No,No,No,No,Proprietary,,SMS,WAP,No,No,No,Removable Li-Ion 850 mAh battery,Up to 166 h,Up to 4 h,,Silver,,Class 8,No,Predictive text input Reminder,4MB,Vibration; Polyphonic(16) ringtones,,,,,,,,
sagem,Sagem VS3,https://fdn2.gsmarena.com/vv/bigpic/sagem-vs3.gif,GSM,GSM 900 / 1800,,,"2005, Q4",Discontinued,85 x 42 x 23 mm (3.35 x 1.65 x 0.91 in),76 g (2.68 oz),Mini-SIM,"CSTN, 65K colors",,128 x 160 pixels,No,1000 entries,"20 received, dialed and missed calls",,,,,,Yes,No,No,No,No,No,Proprietary,,"SMS, MMS",WAP,No,No,Second external STN mono display (96 x 55 pixels),Removable Li-Ion 730 mAh battery,Up to 240 h,Up to 4 h,,Silver,,Class 8,No,No,4MB,Vibration; Polyphonic(16) ringtones,Predictive text input Reminder,,,,,,,
sagem,Sagem VS2,https://fdn2.gsmarena.com/vv/bigpic/sagem-vs2.gif,GSM,GSM 900 / 1800 / 1900,,,"2005, Q2",Discontinued,118.7 x 47.5 x 20.3 mm (4.67 x 1.87 x 0.80 in),125 g (4.41 oz),Mini-SIM,"TFT, 65K colors",,128 x 160 pixels,No,1000 entries,"20 received, dialed and missed calls",,,,,,Yes,No,No,No,No,No,Proprietary,,"SMS, MMS",,No,No,No,Removable Li-Ion 920 mAh battery,Up to 300 h,Up to 4 h,,Black,,Class 8,No,Predictive text input Remainder,4MB,Vibration; Polyphonic(16) ringtones,,,,,,,,
sagem,Sagem VS1,https://fdn2.gsmarena.com/vv/bigpic/sagem-vs1.gif,GSM,GSM 900 / 1800 / 1900,,,"2005, Q2",Discontinued,123.5 x 52.5 x 24.8 mm (4.86 x 2.07 x 0.98 in),125 g (4.41 oz),Mini-SIM,65K colors,,128 x 160 pixels,No,1000 entries,"20 received, dialed and missed calls",,,,,,Yes,No,No,No,No,No,Proprietary,,"SMS, MMS",,No,No,No,Removable Li-Ion 920 mAh battery,Up to 300 h,Up to 4 h,,Silver,,Class 8,No,Predictive text input Remainder,4MB,Vibration; Polyphonic(16) ringtones,,,,,,,,
sagem,Sagem MY V-85,https://fdn2.gsmarena.com/vv/bigpic/sagem-myv85.gif,GSM / UMTS,GSM 900 / 1800 / 1900,UMTS 2100,"Yes, 384 kbps","2005, Q4",Discontinued,112 x 20 x 46 mm (4.41 x 0.79 x 1.81 in),120 g (4.23 oz),Mini-SIM,"TFT, 256K colors",,176 x 220 pixels,microSD (dedicated slot),"Yes, Photocall","20 dialed, 20 received, 20 missed calls",1.3 MP,,QCIF,VGA videocall camera,,No,No,No,Yes,No,No,Proprietary,,"SMS, EMS, MMS, EMail",WAP 2.0/xHTML,Yes + downloadable,"Yes, MIDP 2.0",MP3 player Predictive text input Calculator Photo editor,Removable Li-Ion battery,Up to 300 h,Up to 4 h,,Graphite,,,,,8MB,Vibration; Downloadable polyphonic ringtones,,,Yes,,,,,
sagem,Sagem MY V-76,https://fdn2.gsmarena.com/vv/bigpic/sagem-myv76.gif,GSM,GSM 900 / 1800 / 1900,,,"2005, July",Discontinued,110 x 19 x 47 mm (4.33 x 0.75 x 1.85 in),104 g (3.67 oz),Mini-SIM,"TFT, 256K colors",,176 x 220 pixels,microSD (dedicated slot),"Yes, Photocall","20 dialed, 20 received, 20 missed calls",1.3 MP,LED flash,Yes,,,No,No,No,1.2,No,No,,,"SMS, EMS, MMS",WAP 2.0/xHTML,Yes + downloadable,"Yes, MIDP 2.0",No,Removable Li-Ion 920 mAh battery,Up to 350 h,Up to 4 h,,Silver,,Class 10,No,MP3 player Calculator Photo editor Voice memo Predictive text input,8MB,Vibration; Downloadable polyphonic ringtones,,,Yes,,,,,
sagem,Sagem MY V-56,https://fdn2.gsmarena.com/vv/bigpic/sagem-myv56.gif,GSM,GSM 900 / 1800 / 1900,,,"2004, Q4",Discontinued,106 x 19 x 46 mm (4.17 x 0.75 x 1.81 in),97 g (3.42 oz),Mini-SIM,"CSTN, 65K colors",,128 x 160 pixels,No,"In shared memory, Photo call","20 dialed, 20 received, 20 missed calls",VGA,,No,,,Yes,No,No,No,No,No,,,"SMS, MMS",WAP 2.0/xHTML,Yes + downloadable,Yes,Animated screensavers Color backgrounds Downloadable logos,Removable Li-Ion 920 mAh battery,Up to 370 h,Up to 4 h 50 min,,Silver,,Class 10,No,No,4MB,"Vibration; Downloadable polyphonic, Hi-Fi ringtones",Predictive text input Organizer Voice dial/memo Exchangeable cover,,Yes,,,,,
sagem,Sagem myW-7,https://fdn2.gsmarena.com/vv/bigpic/sagem-myw7.gif,GSM / UMTS,GSM 900 / 1800 / 1900,UMTS 2100,"Yes, 384 kbps","2006, February",Discontinued,"112 x 46 x 20 mm, 93 cc (4.41 x 1.81 x 0.79 in)",119 g (3.84 oz),Mini-SIM,"TFT, 256K colors",,176 x 220 pixels,microSD (dedicated slot),Yes,"20 dialed, 20 received, 20 missed calls",1.3 MP,,Yes,VGA videocall camera,,Yes,No,No,Yes,No,No,Proprietary,,"SMS, EMS, MMS, Email",WAP 2.0/xHTML,Yes + downloadable,"Yes, MIDP 2.0",Video telephony & streaming MP3/AAC player  Predictive text input Organizer Voice memo,Removable Li-Ion 1100 mAh battery,Up to 300 h,Up to 4 h,,Silver,,,,,6MB,Vibration; Downloadable polyphonic ringtones,,,Yes,,,,,
sagem,Sagem myMobileTV,https://fdn2.gsmarena.com/vv/bigpic/sagem-mymobiletv.gif,GSM,GSM 900 / 1800 / 1900,,,"2006, February",Discontinued,"115 x 47 x 20.8 mm, 107 cc (4.53 x 1.85 x 0.82 in)",125 g (4.41 oz),Mini-SIM,"TFT, 256K colors",,"240 x 320 pixels, 4:3 ratio",microSD (dedicated slot),Yes,"20 dialed, 20 received, 20 missed calls",1.3 MP,,Yes,,,Yes,No,No,No,No,No,Proprietary (optional),,"SMS, EMS, MMS, EMail, Instant Messaging",WAP 2.0/xHTML,Yes,"Yes, MIDP 2.0",No,Removable Li-Ion battery,Up to 350 h,Up to 5 h,,Black,,Class 10,No,DVB-H TV receiver MP3 player  Predictive text input Organizer Voice memo,40MB,Vibration; Downloadable polyphonic ringtones,,,Yes,,,,,
sagem,Sagem MY C2-3,https://fdn2.gsmarena.com/vv/bigpic/sagem-myc2-3.gif,GSM,GSM 900 / 1800,,,"2005, Q4",Discontinued,"73 x 42 x 21 mm, 70 cc (2.87 x 1.65 x 0.83 in)",75 g (2.65 oz),Mini-SIM,"CSTN, 4096 colors",,"101 x 80 pixels, 6 lines",No,"255 entries, contact groups","20 received, dialed and missed calls",,,,,,Yes,No,No,No,No,No,,,"SMS, EMS, MMS",WAP 1.2,,No,Downloadable wallpapers,Removable Li-Ion 700 mAh battery,Up to 240 h,Up to 3 h,,,,Class 10,No,Message templates,240 KB,"Vibration; Downloadable polyphonic, Hi-Fi ringtones",Predictive text input Calculator Currency converter,,,,,,,
sagem,Sagem myZ-5,https://fdn2.gsmarena.com/vv/bigpic/sagem-myz5.gif,GSM,GSM 900 / 1800 / 1900,,,"2006, February",Discontinued,85 x 42 x 23 mm (3.35 x 1.65 x 0.91 in),85 g (3.00 oz),Mini-SIM,"TFT, 65K colors",,128 x 160 pixels,No,Yes,"20 dialed, 20 received, 20 missed calls",VGA,,Yes,,,Yes,No,No,No,No,No,Proprietary,,"SMS, EMS, MMS",WAP 2.0/xHTML,2,"Yes, MIDP 2.0",Screensavers and wallpapers Downloadable logos and applications,Removable Li-Ion battery,Up to 240 h,Up to 3 h,,,,Class 10,No,No,3.7MB,"Vibration; Downloadable polyphonic, MP3 ringtones",Predictive text input Organizer,,,,,,,
sagem,Sagem MY C5-3,https://fdn2.gsmarena.com/vv/bigpic/sagem-myc5-3.gif,GSM,GSM 900 / 1800,,,"2006, October",Discontinued,82 x 43 x 23 mm (3.23 x 1.69 x 0.91 in),85 g (3.00 oz),Mini-SIM,"CSTN, 65K colors",,128 x 160 pixels,No,"500 x 10 fields, Photo call, 15 groups","20 dialed, 10 received, 10 missed calls",VGA,,Yes,,,No,No,No,No,No,No,,,"SMS, EMS, MMS",WAP 2.0/xHTML,Yes  + downloadable,"Yes, MIDP 2.0",Second external display B/W (96 x 64 pixels),Removable Li-Ion 700 mAh battery,Up to 240 h,Up to 3 h,,,About 110 EUR,Yes,No,100 short messages,3MB,"Vibration; Downloadable polyphonic, MP3 ringtones",Predictive text input Organizer Photo editor,,,,,,,
sagem,Sagem MY C3-2,https://fdn2.gsmarena.com/vv/bigpic/samyc3-2.gif,GSM,GSM 900 / 1800,,,"2005, Q1",Discontinued,"77 x 41 x 22 mm, 70 cc (3.03 x 1.61 x 0.87 in)",75 g (2.65 oz),Mini-SIM,"CSTN, 65K colors",,"128  x 128 pixels, 6 lines, 1:1 ratio",No,Yes,"20 received, dialed and missed calls",,,,,,Yes,No,No,No,No,No,,,"SMS, EMS, MMS",WAP 1.2,Yes,"Yes, MIDP 2.0 (MY C3-2j only)",Second external display (96 x 64 pixels) Downloadable wallpapers,Removable Li-Ion 650 mAh battery,Up to 240 h,Up to 3 h,,,,Yes,No,No,,Vibration; Downloadable polyphonic ringtones,Predictive text input Organizer,,,,,,,
sagem,Sagem MY Z-55,https://fdn2.gsmarena.com/vv/bigpic/sagem-myz55.gif,GSM,GSM 900 / 1800,,,"2005, Q1",Discontinued,81 x 41 x 24 mm (3.19 x 1.61 x 0.94 in),85 g (3.00 oz),Mini-SIM,"CSTN, 65K colors",,128 x 160 pixels,No,Yes,"20 dialed, 20 received, 20 missed calls",VGA,,No,,,No,No,No,No,No,No,Proprietary,,"SMS, EMS, MMS",WAP 2.0/xHTML,2,Yes,Screensavers and wallpapers Downloadable logos and applications,Removable Li-Ion battery,Up to 300 h,Up to 3 h,,,,Class 10,No,No,3.7MB,Vibration; Downloadable polyphonic ringtones,Predictive text input Organizer,,,,,,,
sagem,Sagem MY X6-2,https://fdn2.gsmarena.com/vv/bigpic/sagem-myx6-2.gif,GSM,GSM 900 / 1800 / 1900,,,"2005, Q1",Discontinued,110 x 47 x 19 mm (4.33 x 1.85 x 0.75 in),104 g (3.67 oz),Mini-SIM,"TFT, 256K colors","2.0 inches, 31 x 39 mm, 12.6 cm2 (~24.3% screen-to-body ratio)",176 x 220 pixels (~141 ppi density),microSD (dedicated slot),1500,"20 dialed, 10 received, 10 missed calls",1.3 MP,,Yes,,,Yes,No,No,1.2,No,No,,,"SMS, EMS, MMS",WAP 2.0/xHTML,Yes + downloadable,"Yes, MIDP 2.0",Screensavers and wallpapers Downloadable logos,Removable Li-Ion 760 mAh battery,Up to 350 h,Up to 4 h,,,,Class 10,No,No,10MB,"Vibration; Downloadable polyphonic, MP3 ringtones",MP3/AAC player Predictive text input Calculator Photo editor Voice memo,,Yes,,,,,
sagem,Sagem MY X2-2,https://fdn2.gsmarena.com/vv/bigpic/samyx2-2.gif,GSM,GSM 900 / 1800,,,"2005, Q1",Discontinued,105.6 x 46 x 20 mm (4.16 x 1.81 x 0.79 in),88 g (3.10 oz),Mini-SIM,4096 colors,,101 x 80 pixels,No,500 x 10 fields,"10 dialed, 10 received, 10 missed calls",,,,,,Yes,No,No,No,No,No,,,"SMS, EMS, MMS (myX2-2m only)",WAP 1.2.1,1 embedded,No,Downloadable screensavers,Removable Li-Ion 680 mAh battery,Up to 200 h,Up to 3 h 20 min,,,,Yes (myX2-2m only),No,myX2-2m: up to 470 KB myX2-2: up to 240 KB,,Vibration; Downloadable polyphonic ringtones,Predictive text input Calculator Currency converter Changeable covers,,,,,,,
sagem,Sagem MY X1-2,https://fdn2.gsmarena.com/vv/bigpic/samyx1-2.gif,GSM,GSM 900 / 1800,,,"2005, Q1",Discontinued,106 x 47 x 21 mm (4.17 x 1.85 x 0.83 in),93 g (3.28 oz),Mini-SIM,Monochrome graphics,,"96 x 64 pixels, 3:2 ratio",No,100 entries,"10 dialed, 10 received, 10 missed calls",,,,,,Yes,No,No,No,No,No,,,"SMS, EMS(myX1-2w only)",WAP 1.2.1 (myX1-2w only),Yes,No,GSM 850 / 1900 - US version,Removable Li-Ion battery,Up to 240 h,Up to 3 h,,,,Class 8,No,Downloadable wallpapers,,"Vibration; Polyphonic(16) ringtones, composer",Exchangeable covers,,,,,,,
sagem,Sagem MY C5-2,https://fdn2.gsmarena.com/vv/bigpic/samyc5-2.gif,GSM,GSM 900 / 1800,,,"2004, Q4",Discontinued,82 x 43 x 23 mm (3.23 x 1.69 x 0.91 in),80 g (2.82 oz),Mini-SIM,"CSTN, 65K colors",,128 x 160 pixels,No,"500 x 10 fields, Photo call, 15 groups","20 dialed, 10 received, 10 missed calls",VGA,,No,,,No,No,No,No,No,No,,,"SMS, EMS, MMS",WAP 1.2.1,"Siberian Strike, Gulo's Tale  + downloadable","Yes, MIDP 2.0",Second external display B/W (96 x 64 pixels),Removable Li-Ion 670 mAh battery,Up to 240 h,Up to  3 h,,,,Yes,No,100 short messages,3.7MB,Vibration; Downloadable polyphonic ringtones,Predictive text input Organizer Photo editor,,,,,,,
sagem,Sagem MY X-8,https://fdn2.gsmarena.com/vv/bigpic/samyx8.gif,GSM,GSM 900 / 1800 / 1900,,,"2004, Q3",Discontinued,115 x 47 x 20.8 mm (4.53 x 1.85 x 0.82 in),125 g (4.41 oz),Mini-SIM,"TFT, 256K colors","2.2 inches, 34 x 45 mm, 15.0 cm2 (~27.7% screen-to-body ratio)","240 x 320 pixels, 4:3 ratio (~182 ppi density)",miniSD,"300 entries, Photo call","20 dialed, 10 received, 10 missed calls",1.3 MP,LED flash,Yes,,,Yes,No,No,1.2,No,No,Proprietary,,"SMS, EMS, MMS",WAP 2.0/xHTML,Yes,"Yes, MIDP 2.0",Animated screensavers Color backgrounds,Removable Li-Ion battery,Up to 350 h,Up to 5 h,,,,Class 10,No,No,40MB,"Vibration; Downloadable polyphonic, MP3, Hi-Fi ringtones",Video/MP3 player Predictive text input Organizer,,Yes,,,,,
sagem,Sagem MY X-4,https://fdn2.gsmarena.com/vv/bigpic/samyx4.gif,GSM,GSM 900 / 1800,,,"2004, Q3",Discontinued,104 x 46 x 18 mm (4.09 x 1.81 x 0.71 in),95 g (3.35 oz),Mini-SIM,"TFT, 65K colors",,"120 x 160 pixels, 4:3 ratio",No,"500 x 10 fields, 15 groups, Photo call","20 dialed, 10 received, 10 missed calls",,,,,,Yes,No,No,No,No,No,Proprietary,,"SMS, MMS, Instant Messaging",WAP,2 + downloadable,"Yes, MIDP 2.0",5-way navi key Downloadable pictures,Removable Li-Ion battery,Up to 340 h,Up to 4 h,,,,Class 10,No,No,3.5MB,Vibration; Downloadable polyphonic ringtones,Predictive text input Video/media player Organizer Exchangeable covers,,,,,,,
sagem,Sagem MY C4-2,https://fdn2.gsmarena.com/vv/bigpic/sagem-myc4-2.gif,GSM,GSM 900 / 1800,,,"2004, Q4",Discontinued,77 x 42 x 23 mm (3.03 x 1.65 x 0.91 in),75 g (2.65 oz),Mini-SIM,"CSTN, 65K colors",,"128 x 128 pixels, 1:1 ratio",No,Yes,"20 dialed, 10 received, 10 missed calls",VGA,LED flash,No,,,No,No,No,No,No,No,,,"SMS, EMS, MMS",WAP 2.0/xHTML,Yes,"Yes, MIDP 2.0",Second external display B/W (96 x 64 pixels) Wallpapers Downloadable pictures,Removable Li-Ion 650 mAh battery,Up to 240 h,Up to 3 h,,"Silver , Black",,Class 8,No,No,,"Vibration; Downloadable polyphonic, Hi-Fi ringtones",Predictive text input Organizer Voice memo,,,,,,,
sagem,Sagem MY C-4,https://fdn2.gsmarena.com/vv/bigpic/samyc4.gif,GSM,GSM 900 / 1800,,,"2004, Q3",Discontinued,90 x 44.5 x 23 mm (3.54 x 1.75 x 0.91 in),92 g (3.25 oz),Mini-SIM,"CSTN, 65K colors",,"128 x 128 pixels, 1:1 ratio",No,In shared memory,"20 dialed, 10 received, 10 missed calls",,,,,,No,No,No,No,No,No,,,"SMS, EMS, MMS",WAP 1.2.1,2,"Yes, MIDP 2.0",Wallpapers Downloadable pictures,Removable Li-Ion 630 mAh battery,Up to 240 h,Up to 4 h,,Wine red,,Class 10,No,No,4.7MB,"Vibration; Downloadable polyphonic, Hi-Fi ringtones",Predictive text input Organizer Voice memo,,,,,,,
sagem,Sagem MY S-7,https://fdn2.gsmarena.com/vv/bigpic/samys7.gif,GSM,GSM 900 / 1800 / 1900,,,"2004, Q1",Discontinued,"110 x 49 x 21 mm, 110 cc (4.33 x 1.93 x 0.83 in)",120 g (4.23 oz),Mini-SIM,"TFT, 65K colors","2.2 inches, 35 x 44 mm, 15.2 cm2 (~28.3% screen-to-body ratio)",176 x 220 pixels (~128 ppi density),MMC/SD,,,VGA,,Yes,,,Yes,No,No,No,No,No,Proprietary,,,WAP 2.0/xHTML,,,Animated screensavers Color backgrounds Downloadable logos,Removable Li-Ion battery,Up to 100 h,Up to 4 h,,,,Class 10,No,No,32MB,"Vibration; Downloadable polyphonic, MP3, Hi-Fi ringtones",MP3 player Predictive text input Organizer Voice memo,,Yes,,Microsoft Smartphone 2003 SE,Intel PXA 262 200 MHz,,
sagem,Sagem MY Z-3,https://fdn2.gsmarena.com/vv/bigpic/samyz3.gif,GSM,GSM 900 / 1800,,,"2004, Q1",Discontinued,100 x 45 x 24 mm (3.94 x 1.77 x 0.94 in),105 g (3.70 oz),Mini-SIM,"CSTN, 65K colors",,128 x 160 pixels,No,255 entries,"15 dialed, 15 received, 15 missed calls",,,,,,No,No,No,No,No,No,Proprietary,,"SMS, EMS, MMS",WAP 1.2.1,2,No,Screensavers and wallpapers Downloadable logos and applications,Removable Li-Ion 780 mAh battery,Up to 300h,Up to 3 h,,,,Class 10,No,No,1.5MB,Vibration; Downloadable polyphonic ringtones,Predictive text input Organizer,,Yes,,,,,
sagem,Sagem MY C2-2,https://fdn2.gsmarena.com/vv/bigpic/samyc2-2.gif,GSM,GSM 900 / 1800,,,"2004, Q2",Discontinued,85 x 44 x 21 mm (3.35 x 1.73 x 0.83 in),80 g (2.82 oz),Mini-SIM,"CSTN, 4096 colors",,"101 x 80 pixels, 6 lines",No,"250 entries, contact groups","20 received, dialed and missed calls",,,,,,Yes,No,No,No,No,No,,,"SMS, EMS",WAP 1.2,,No,Downloadable wallpapers,Removable Li-Ion battery,Up to 360 h,Up to 3 h,,,,No,No,100 short messages Message templates,,"Vibration; Downloadable polyphonic, Hi-Fi ringtones",Predictive text input Calculator Currency converter,,,,,,,
sagem,Sagem SG 321i,https://fdn2.gsmarena.com/vv/bigpic/sasg321i.gif,GSM,GSM 900 / 1800,,,"2004, Q1",Discontinued,100 x 45 x 24 mm (3.94 x 1.77 x 0.94 in),105 g (3.70 oz),Mini-SIM,"TFT, 65K colors",,128 x 160 pixels,No,Yes,"15 dialed, 15 received, 15 missed calls",,,,,,No,No,No,No,No,No,Proprietary,,"SMS, EMS, MMS","WAP 2.0/xHTML, iMode",Yes + downloadable,Yes,Screensavers and wallpapers Downloadable logos,Removable Li-Ion battery,,,,,,Class 8,No,No,,Vibration; Downloadable polyphonic ringtones,Predictive text input Organizer,,,,,,,
sagem,Sagem MY V-55,https://fdn2.gsmarena.com/vv/bigpic/samyv55.gif,GSM,GSM 900 / 1800 / 1900,,,"2004, Q2",Discontinued,106 x 46 x 19 mm (4.17 x 1.81 x 0.75 in),97 g (3.42 oz),Mini-SIM,"CSTN, 65K colors",,128 x 160 pixels,No,"In shared memory, Photo call","20 dialed, 20 received, 20 missed calls",VGA,,No,,,Yes,No,No,No,No,No,,,"SMS, MMS",WAP 2.0/xHTML,Yes + downloadable,Yes,Animated screensavers Color backgrounds Downloadable logos,Removable Li-Ion 920 mAh battery,Up to 375 h,Up to 4 h 45 min,,,,Class 10,No,No,4MB,"Vibration; Downloadable polyphonic, Hi-Fi ringtones",Predictive text input Organizer Voice dial/memo Exchangeable cover,,Yes,,,,,
sagem,Sagem MY X5-2,https://fdn2.gsmarena.com/vv/bigpic/samyx52.gif,GSM,GSM 900 / 1800 / 1900,,,"2004, Q1",Discontinued,106 x 46 x 19 mm (4.17 x 1.81 x 0.75 in),97 g (3.42 oz),Mini-SIM,"CSTN, 65K colors",,128 x 160 pixels,No,1500,"15 dialed, 15 received, 15 missed calls",VGA,,No,,,Yes,No,No,No,No,No,Proprietary,,"SMS, EMS, MMS",WAP 2.0/xHTML,Yes + downloadable,"Yes, MIDP 2.0",Screensavers and wallpapers Downloadable logos,Removable Li-Ion battery,Up to 300 h,Up to 5 h,,,,Class 10,No,No,4MB,Vibration; Downloadable polyphonic ringtones,Predictive text input Organizer Photo editor Voice memo,,Yes,,,,,
sagem,Sagem MY V-75,https://fdn2.gsmarena.com/vv/bigpic/samyv75.gif,GSM,GSM 900 / 1800 / 1900,,,"2004, Q1",Discontinued,110 x 46 x 22 mm (4.33 x 1.81 x 0.87 in),106 g (3.74 oz),Mini-SIM,"TFT, 65K colors",,128 x 160 pixels,No,In shared memory,"15 dialed, 15 received, 15 missed calls",VGA,,No,,,Yes,No,No,No,No,No,,,"SMS, MMS",WAP 1.2.1,Yes + Java downloadable,No,Animated screensavers Color backgrounds Downloadable logos,Removable Li-Ion battery,,,,,,Yes,No,No,4MB,"Vibration; Downloadable polyphonic, Hi-Fi ringtones",Predictive text input Organizer,,Yes,,,,,
sagem,Sagem MY C-3b,https://fdn2.gsmarena.com/vv/bigpic/samyc3b.gif,GSM,GSM 900 / 1800,,,"2004, Q1",Discontinued,81 x 51 x 22.5 mm (3.19 x 2.01 x 0.89 in),85 g (3.00 oz),Mini-SIM,"CSTN, 65K colors",,"128 x 160 pixels, 12 lines",No,300 x 9 fields,"20 dialed, 10 received, 10 missed calls",,,,,,No,No,No,No,No,No,,,"SMS, EMS, MMS",WAP 2.0/xHTML,3,No,Animated screensavers Color backgrounds,Removable Li-Ion battery,Up to 120 h,Up to 2 h,,"2 - Silver, Red",,Class 8,No,No,1.5MB,"Vibration; Downloadable polyphonic, Hi-Fi ringtones",Predictive text input Organizer Voice memo,,,,,,,
sagem,Sagem MY C-3s,https://fdn2.gsmarena.com/vv/bigpic/samyc3s.gif,GSM,GSM 900 / 1800,,,"2004, Q1",Discontinued,81 x 52 x 22.5 mm (3.19 x 2.05 x 0.89 in),90 g (3.17 oz),Mini-SIM,"CSTN, 65K colors",,"128 x 160 pixels, 12 lines",No,250,"20 dialed, 10 received, 10 missed calls",,,,,,No,No,No,No,No,No,,,"SMS, EMS, MMS",WAP 2.0/xHTML,3,No,Animated screensavers Color backgrounds,Removable Li-Ion 750 mAh battery,Up to 100 h,Up to 3 h,,"2 - Silver, Red",,Class 8,No,No,,"Vibration; Downloadable polyphonic, Hi-Fi ringtones",Predictive text input Organizer,,Yes,,,,,
sagem,Sagem MY X3-2,https://fdn2.gsmarena.com/vv/bigpic/samyx32.gif,GSM,GSM 900 / 1800,,,"2004, Q1",Discontinued,100 x 45 x 21 mm (3.94 x 1.77 x 0.83 in),89 g (3.14 oz),Mini-SIM,"CSTN, 4096 colors",,101 x 80 pixels,No,1500,"20 dialed, 20 received, 20 missed calls",,,,,,No,No,No,No,No,No,,,"SMS, EMS, MMS, Email",WAP 1.2.1,"2 - Picture Puzzle, MegaBox Conquest + downloadable",No,GSM 850 / 1900 - MY X3-2a,Removable Li-Ion battery,Up to 340 h,Up to 5 h,,"4 - Silver, Light blue, Purple and White",,Class 8,No,Downloadable logos,,"Vibration; Downloadable polyphonic, Hi-Fi ringtones",Predictive text input Calculator Currency converter Interchangeable front and back covers,,,,,,,
sagem,Sagem MY X-7,https://fdn2.gsmarena.com/vv/bigpic/samyx7.gif,GSM,GSM 900 / 1800 / 1900,,,"2004, Q1",Discontinued,"110 x 46 x 22 mm, 111 cc (4.33 x 1.81 x 0.87 in)",106 g (3.74 oz),Mini-SIM,"TFT, 65K colors",,"128 x 160 pixels, 12 lines",No,"300 x 9 fields, Photo call","20 dialed, 10 received, 10 missed calls",VGA,,Yes,,,No,No,No,No,No,No,,,"SMS, EMS, MMS",WAP 2.0/xHTML,"2 - Siberian Strike, Guio's Tale + Java downloadable","Yes, MIDP 2.0",Animated screensavers Color backgrounds,Removable Li-Ion 1050 mAh battery,Up to 310 h,Up to 4 h 30 min,,,,Class 10,No,No,4MB,"Vibration; Downloadable polyphonic, Hi-Fi ringtones",Predictive text input Organizer Chronometer Voice memo (30 sec.) Changeable covers,,Yes,,,,,
sagem,Sagem MY V-65,https://fdn2.gsmarena.com/vv/bigpic/samyv65.gif,GSM,GSM 900 / 1800 / 1900,,,"2003, Q4",Discontinued,110 x 46 x 22 mm (4.33 x 1.81 x 0.87 in),106 g (3.74 oz),Mini-SIM,"TFT, 65K colors",,128 x 160 pixels,No,In shared memory,"15 dialed, 15 received, 15 missed calls",VGA,,No,,,Yes,No,No,No,No,No,,,"SMS, MMS",WAP 1.2.1,Yes + Java downloadable,Yes,Animated screensavers Color backgrounds,Removable Li-Ion 1050 mAh battery,Up to 310 h,Up to 4 h 30 min,,,,Yes,No,100 short messages,4MB,"Vibration; Downloadable polyphonic, Hi-Fi ringtones",Predictive text input PCSync Organizer,,Yes,,,,,
sagem,Sagem MY C-1,https://fdn2.gsmarena.com/vv/bigpic/samyc1.gif,GSM,GSM 900 / 1800,,,"2003, Q4",Discontinued,86 x 44 x 20 mm (3.39 x 1.73 x 0.79 in),80 g (2.82 oz),Mini-SIM,Monochrome graphic,,"96 x 64 pixels, 7 lines, 3:2 ratio",No,Yes,"20 received, dialed and missed calls",,,,,,No,No,No,No,No,No,,,SMS,,1,No,No,Removable Li-Ion battery,Up to 200 h,Up to 2 h 30 min,,,,No,No,Predictive text input Organizer,,Vibration; Downloadable polyphonic ringtones,,,,,,,,
sagem,Sagem MY X-1w,https://fdn2.gsmarena.com/vv/bigpic/samyx1w.gif,GSM,GSM 900 / 1800,,,"2003, Q4",Discontinued,106 x 47 x 21 mm (4.17 x 1.85 x 0.83 in),93 g (3.28 oz),Mini-SIM,Monochrome graphic,,"64 x 96 pixels, 7 lines, 3:2 ratio",No,Yes,"10 dialed, 10 received, 10 missed calls",,,,,,Yes,No,No,No,No,No,,,"SMS, EMS",WAP 1.2.1,Yes,No,Four way navigation keys Downloadable logos,Removable Li-Ion battery,Up to 240 h,Up to 3 h,,,,Class 4,No,No,,Downloadable polyphonic ringtones,Predictive text input Organizer Interchangeable front and back covers,,,,,,,
sagem,Sagem MY C-2,https://fdn2.gsmarena.com/vv/bigpic/samyc2.gif,GSM,GSM 900 / 1800,,,"2003, Q4",Discontinued,82 x 42 x 23 mm (3.23 x 1.65 x 0.91 in),90 g (3.17 oz),Mini-SIM,"CSTN, 256 colors",,"101 x 80 pixels, 6 lines",No,"250 entries, contact groups","20 received, dialed and missed calls",,,,,,Yes,No,No,No,No,No,,,"SMS, EMS",WAP 1.2.1,1 - Picture puzzle,No,Backgrounds and screensavers,Removable Li-Ion battery,Up to 190 h,Up to 3 h,,,,No,No,100 short messages Message templates,,"Vibration; Downloadable polyphonic, Hi-Fi ringtones",Predictive text input Calculator Currency converter,,,,,,,
sagem,Sagem MY C-6,https://fdn2.gsmarena.com/vv/bigpic/samyc6.gif,GSM,GSM 900 / 1800,,,"2003, Q3",Discontinued,84 x 46 x 22 mm (3.31 x 1.81 x 0.87 in),86 g (3.03 oz),Mini-SIM,"TFT, 65K colors",,"160 x 120 pixels, 4:3 ratio",No,300,"10 dialed, 10 received, 10 missed calls",,,,,,No,No,No,No,No,No,,,"SMS, EMS, MMS",WAP,,No,"Second external display, 84 x 40 pixels, SNT Four way navigation keys Downloadable screensavers",Removable Li-Ion 750 mAh battery,Up to 140 h,Up to 4 h,,,,Class 8,No,No,,Vibration; Polyphonic(16) ringtones,Predictive text input Calculator,,Yes,,,,Yes,Yes
sagem,Sagem MY C-5w,https://fdn2.gsmarena.com/vv/bigpic/samyc5w.gif,GSM,GSM 900 / 1800,,,"2003, Q3",Discontinued,88 x 44 x 20 mm (3.46 x 1.73 x 0.79 in),80 g (2.82 oz),Mini-SIM,"CSTN, 256 colors",,"101 x 80 pixels, 6 lines",No,300,"10 dialed, 10 received, 10 missed calls",,,,,,No,No,No,No,No,No,,,"SMS, EMS",WAP 1.2.1,"2 - MegaBox Conquest, Picture puzzle",No,Backgrounds and screensavers,Removable Li-Po 1000 mAh battery,Up to 200 h,Up to 3 h,,,,Class 8,No,No,,"Vibration; Downloadable polyphonic, Hi-Fi ringtones",Predictive text input Calculator Currency converter,,Yes,,,,Yes,Yes
sagem,Sagem MY X-2,https://fdn2.gsmarena.com/vv/bigpic/samyx2.gif,GSM,GSM 900 / 1800,,,"2003, Q3",Discontinued,99 x 45 x 21 mm (3.90 x 1.77 x 0.83 in),89 g (3.14 oz),Mini-SIM,"CSTN, 256 colors",,"101 x 80 pixels, 6 lines",No,250,"20 received, dialed and missed calls",,,,,,Yes,No,No,No,No,No,,,"SMS, EMS",WAP 1.2.1,Yes - Picture Puzzle,No,Screensavers and backgrounds,Removable Li-Ion battery,up to 340 h,up to 5 h,,,,No,No,100 short messages Message templates,,"Vibration; Downloadable polyphonic, Hi-Fi ringtones",Predictive text input Calculator Currency converter Interchangeable front and back covers,,,,,,Yes,Yes
sagem,Sagem MY X-6,https://fdn2.gsmarena.com/vv/bigpic/samyx6.gif,GSM,GSM 900 / 1800,,,"2003, Q1",Discontinued,"110 x 46 x 22 mm, 111 cc (4.33 x 1.81 x 0.87 in)",106 g (3.74 oz),Mini-SIM,"TFT, 65K colors",,"128 x 160 pixels, 12 lines",No,"In shared memory, Photo call","20 dialed, 10 received, 10 missed calls",VGA,,No,,,Yes,No,No,No,No,No,,,"SMS, EMS 5.0, MMS",WAP 1.2.1,Yes + In-Fusio downloadable,No,65K colors Animated screensavers Color backgrounds,Removable Li-Ion 1050 mAh battery,Up to 310 h,Up to 4 h 40 min,,,,Class 10,No,100 short messages,2.3MB,"Vibration; Downloadable polyphonic, Hi-Fi ringtones","Predictive text input Organizer Voice memo Interchangeable covers Formats: BMP, JPEG, PNG, GIF, animated GIF, Midi, iMelody, Wave, AMR",,Yes,,,,Yes,Yes
sagem,Sagem MY G5,https://fdn2.gsmarena.com/vv/bigpic/samyg5.gif,GSM,GSM 900 / 1800,,,2002,Discontinued,"105 x 46 x 20 mm, 77 cc (4.13 x 1.81 x 0.79 in)",92 g (3.25 oz),Mini-SIM,"CSTN, 256 colors",,"101 x 80 pixels, 8 lines",No,300,"10 dialed, 10 received, 10 missed calls",,,,,,Yes,No,No,No,No,No,,,"SMS, EMS, MMS (MY G5m only)",WAP 1.2,Yes,Yes,Softkeys 3D animated icons 50 icons (17 downloadable),Removable Li-Ion battery,240 h,4 h,,,,Yes,No,100 short messages,,Vibration; Downloadable polyphonic ringtones,Predictive text input Calculator Currency converter Interchangeable front and back covers,,Yes,,,,Yes,Yes
sagem,Sagem MY X-3,https://fdn2.gsmarena.com/vv/bigpic/samyx3.gif,GSM,GSM 900 / 1800,,,2002,Discontinued,"106 x 46 x 20 mm, 79 cc (4.17 x 1.81 x 0.79 in)",92 g (3.25 oz),Mini-SIM,Monochrome graphic,,"96 x 64 pixels, 3:2 ratio",No,200,"20 dialed, 20 received, 20 missed calls",,,,,,No,No,No,No,No,No,,,"SMS, EMS",WAP 1.2,"2 - Picture Puzzle, MegaBox Conquest + downloadable",No,Blue backlight Downloadable animated  screensavers,Removable Li-Ion battery,240 h,4 h,,,,Class 8,No,100 short messages 50 EMS pictures,,"Vibration; Downloadable monophonic ringtones, composer",Predictive text input Calculator Currency converter Interchangeable front and back covers,,,,,,Yes,Yes
sagem,Sagem MY X-5,https://fdn2.gsmarena.com/vv/bigpic/samyx5.gif,GSM,GSM 900 / 1800,,,2002,Discontinued,"105 x 46 x 20 mm, 77 cc (4.13 x 1.81 x 0.79 in)",92 g (3.25 oz),Mini-SIM,"CSTN, 256 colors",,"101 x 80 pixels, 8 lines",No,300 x 3 numbers,"10 dialed, 10 received, 10 missed calls",,,,,,Yes,No,No,No,No,No,,,"SMS, EMS, MMS",WAP 1.2.1,Downloadable,No,Dynamic font size Softkeys 3D animated icons 30 icons + downloadable,Removable Li-Ion 720 mAh battery,240 h,up to 4 h,,,,Class 10,No,100 short messages,,Vibration; Downloadable polyphonic ringtones,Predictive text input Calculator Currency converter Interchangeable front and back covers,,Yes,,,,Yes,Yes
sagem,Sagem MY 3078,https://fdn2.gsmarena.com/vv/bigpic/samy3078.gif,GSM,GSM 900 / 1800,,,2002,Discontinued,23 x 45 x 75 mm (0.91 x 1.77 x 2.95 in),85 g (3.00 oz),Mini-SIM,Monochrome graphic,,"96 x 64 pixels, 8 lines, 3:2 ratio",No,200,"10 dialed, 10 received, 10 missed calls",,,,,,No,No,No,No,No,No,,,SMS,WAP 1.1,"Megabox Conquest, Picture Puzzle, Mini Golf",No,Softkeys 3D animated screensavers 20 downloadable screens 10 downloadable icons (group calling),Removable Li-Ion battery,up to 180 h,up to 2 h 15 min,,,,No,No,No,,Vibration; Downloadable monophonic ringtones,Predictive text input Downloadable games Calculator Currency converter,,Yes,,,,Yes,Yes
sagem,Sagem MW 3026,https://fdn2.gsmarena.com/vv/bigpic/samw3026.gif,GSM,GSM 900 / 1800,,,2001,Discontinued,105 x 50 x 23 mm (4.13 x 1.97 x 0.91 in),112 g (3.95 oz),Mini-SIM,Monochrome graphic,,up to 8 lines,No,50,,,,,,,Yes,No,No,No,No,No,,,SMS,WAP 1.1,3,No,Blue backlight Softkeys 3D animated icons,Removable NiMH battery,185 h,3 h,,,,No,No,10 short messages,,Vibration; Downloadable monophonic ringtones,Predictive text input Calculator Curency converter,,,,,,Yes,Yes
sagem,Sagem MW 3052,https://fdn2.gsmarena.com/vv/bigpic/samw3052.gif,GSM,GSM 900 / 1800,,,2001,Discontinued,105 x 50 x 23 mm (4.13 x 1.97 x 0.91 in),100 g (3.53 oz),Mini-SIM,Monochrome graphic,,up to 8 lines,No,100,"10 dialed, 10 received, 10 missed calls",,,,,,Yes,No,No,No,No,No,,,SMS,WAP 1.1,3,No,Blue backlight Softkeys 3D animated icons,Removable Li-Ion battery,200 h,3 h,,,,Class 4,No,10 short messages,,Vibration; Downloadable monophonic ringtones,Predictive text input Calculator Curency converter,,Yes,,,,Yes,Yes
sagem,Sagem MW 3042,https://fdn2.gsmarena.com/vv/bigpic/samw3042.gif,GSM,GSM 900 / 1800,,,2001,Discontinued,"105 x 45 x 18 mm, 79 cc (4.13 x 1.77 x 0.71 in)",97 g (3.42 oz),Mini-SIM,Monochrome graphic,,up to 8 lines,No,100,"10 dialed, 10 received, 10 missed calls",,,,,,Yes,No,No,No,No,No,,,SMS,WAP 1.1,3,No,Blue backlight Softkeys 3D animated icons,Removable NiMH battery,207 h,3 h 45 min,,,,No,No,10 short messages,,Vibration; Downloadable monophonic ringtones,Predictive text input Calculator Curency converter Interchangeable front covers,,,,,,Yes,Yes
sagem,Sagem MW 3040,https://fdn2.gsmarena.com/vv/bigpic/samw3040.gif,GSM,GSM 900 / 1800,,,2001,Discontinued,"105 x 45 x 18 mm, 79 cc (4.13 x 1.77 x 0.71 in)",97 g (3.42 oz),Mini-SIM,Monochrome graphic,,up to 8 lines,No,100,,,,,,,Yes,No,No,No,No,No,,,SMS,WAP,3,No,Blue backlight Softkeys 3D animated icons,Removable NiMH battery,170 h,4 h 30 min,,,,No,No,10 short messages,,Vibration; Downloadable monophonic ringtones,Predictive text input Calculator Curency converter Interchangeable front covers,,,,,,Yes,Yes
sagem,Sagem MW X1,https://fdn2.gsmarena.com/vv/bigpic/samwx1.gif,GSM,GSM 900 / 1800,,,2001,Discontinued,140 x 57 x 20 mm (5.51 x 2.24 x 0.79 in),180 g (6.35 oz),Mini-SIM,Monochrome graphic,,"124 x 68 pixels, up to 8 lines, 17:9 ratio",No,100,"20 dialed, 20 received, 20 missed calls",,,,,,Yes,No,No,No,No,No,,,SMS,WAP,Yes,No,Softkeys,Removable Li-Ion 800 mAh battery,150 h,300 min,,,,No,No,20 SMS messages,,Vibration; Monophonic ringtones,Predictive text input Calculator Curency converter,,Yes,,,,Yes,Yes
sagem,Sagem WA 3050,https://fdn2.gsmarena.com/vv/bigpic/sawa3050.gif,GSM,GSM 900 / 1800,,,2001,Discontinued,130 x 80 x 17 mm (5.12 x 3.15 x 0.67 in),198 g (6.98 oz),Mini-SIM,Greyscale resistive touchscreen,,"240 x 320 pixels, 60 x 80 mm, 4:3 ratio",No,,,,,,,,No,No,No,No,No,No,,,,WAP 1.1,,,No,Removable Li-Ion battery,170 h,130 min,,,,Yes (for the GPRS model),No,MP3 player Predictive text input,,Vibration; Downloadable monophonic ringtones,,,Yes,,Microsoft Windows PocketPC,206 MHz ARM SA-1110,Yes,Yes
sagem,Sagem MW 3020,https://fdn2.gsmarena.com/vv/bigpic/samw3020.gif,GSM,GSM 900 / 1800,,,2001,Discontinued,"105 x 45 x 18 mm, 79 cc (4.13 x 1.77 x 0.71 in)",112 g (3.95 oz),Mini-SIM,Monochrome graphic,,up to 7 lines,No,50,,,,,,,Yes,No,No,No,No,No,,,SMS,WAP,Yes,No,Softkeys,Removable NiMH battery,170 h,130 min,,,,No,No,10 short messages,,Vibration; Downloadable monophonic ringtones,Predictive text input Calculator Curency converter,,,,,,Yes,Yes
sagem,Sagem MC 3000,https://fdn2.gsmarena.com/vv/bigpic/samc3000.gif,GSM,GSM 900 / 1800,,,2001,Discontinued,"105 x 45 x 18 mm, 79 cc (4.13 x 1.77 x 0.71 in)",112 g (3.95 oz),Mini-SIM,Monochrome graphic,,up to 7 lines,No,40,,,,,,,Yes,No,No,No,No,No,,,SMS,,Yes,No,Softkeys,Removable NiMH battery,140 h,105 min,,,,No,No,10 short messages,,Vibration; Downloadable monophonic ringtones,Predictive text input Calculator Curency converter,,,,,,Yes,Yes
sagem,Sagem MC 939 WAP,https://fdn2.gsmarena.com/vv/bigpic/samc939b.gif,GSM,GSM 900 / 1800,,,2000,Discontinued,116 x 45 x 18 mm (4.57 x 1.77 x 0.71 in),117 g (4.13 oz),Mini-SIM,Monochrome graphic,,up to 7 lines,No,100,,,,,,,Yes,No,No,No,No,No,,,SMS,WAP,Yes,No,Fixed icons Softkeys,Removable Li-Ion battery,150 h,3 h,,,,No,No,20 short messages,,Vibration; Downloadable monophonic ringtones,Predictive text input Calculator Curency converter,,,,,,Yes,Yes
sagem,Sagem MC 936,https://fdn2.gsmarena.com/vv/bigpic/samc936b.gif,GSM,GSM 900 / 1800,,,2000,Discontinued,116 x 45 x 18 mm (4.57 x 1.77 x 0.71 in),117 g (4.13 oz),Mini-SIM,Monochrome graphic,,up to 7 lines,No,100,,,,,,,Yes,No,No,No,No,No,,,SMS,,Yes,No,Fixed icons Softkeys,Removable Li-Ion battery,150 h,3 h,,,,No,No,20 short messages,,Vibration; Downloadable monophonic ringtones,Predictive text input Calculator Curency converter,,,,,,Yes,Yes
sagem,Sagem MC 950,https://fdn2.gsmarena.com/vv/bigpic/samc950b.gif,GSM,GSM 900 / 1800,,,2000,Discontinued,116 x 45 x 18 mm (4.57 x 1.77 x 0.71 in),95 g (3.35 oz),Mini-SIM,Monochrome graphic,,up to 7 lines,No,250,,,,,,,Yes,No,No,No,No,No,,,SMS,,Yes,No,Fixed icons Softkeys,Removable Li-Ion battery,150 h,3 h,,,,No,No,20 short messages,,Vibration; Downloadable monophonic ringtones,Predictive text input Calculator Curency converter,,,,,,Yes,Yes
sagem,Sagem MC 959,https://fdn2.gsmarena.com/vv/bigpic/samc959b.gif,GSM,GSM 900 / 1800,,,2000,Discontinued,116 x 45 x 18 mm (4.57 x 1.77 x 0.71 in),95 g (3.35 oz),Mini-SIM,Monochrome graphic,,up to 7 lines,No,250,,,,,,,Yes,No,No,No,No,No,,,SMS,,Yes,No,Fixed icons Softkeys,Removable Li-Ion battery,150 h,3 h,,,,No,No,20 short messages,,Vibration; Downloadable monophonic ringtones,Predictive text input Calculator Curency converter Active flip,,,,,,Yes,Yes
sagem,Sagem MC 940,https://fdn2.gsmarena.com/vv/bigpic/samc940b.gif,GSM,GSM 900 / 1800,,,2000,Discontinued,116 x 45 x 18 mm (4.57 x 1.77 x 0.71 in),117 g (4.13 oz),Mini-SIM,Monochrome graphic,,up to 7 lines,No,100,,,,,,,Yes,No,No,No,No,No,,,SMS,,Yes,No,Fixed icons Softkeys,Removable Li-Ion battery,160 h,3 h,,,,No,No,20 short messages,,Vibration; Downloadable monophonic ringtones,Predictive text input Calculator Curency converter,,,,,,Yes,Yes
sagem,Sagem MC 932,https://fdn2.gsmarena.com/vv/bigpic/samc932b.gif,GSM,GSM 900 / 1800,,,1999,Discontinued,116 x 45 x 18 mm (4.57 x 1.77 x 0.71 in),117 g (4.13 oz),Mini-SIM,Monochrome graphic,,up to 7 lines,No,100,,,,,,,Yes,No,No,No,No,No,,,SMS,,Yes,No,Fixed icons Softkeys,Removable Li-Ion battery,150 h,3 h,,,,No,No,20 short messages,,Vibration; Downloadable monophonic ringtones,Predictive text input Calculator Curency converter,,,,,,Yes,Yes
sagem,Sagem RC 922,https://fdn2.gsmarena.com/vv/bigpic/sarc922b.gif,GSM,GSM 900 / 1800,,,1999,Discontinued,116 x 45 x 18 mm (4.57 x 1.77 x 0.71 in),121 g (4.27 oz),Mini-SIM,Alphanumeric,,3x 12 chars,No,100,,,,,,,Yes,No,No,No,No,No,,,SMS,,No,No,Fixed icons Softkeys,Removable NiMH 500 mAh battery,130 h,3 h,,,,No,No,20 short messages,,Vibration; Downloadable monophonic ringtones,Calculator Curency converter,,,,,,Yes,Yes
sagem,Sagem MC 912,https://fdn2.gsmarena.com/vv/bigpic/samc912b.gif,GSM,GSM 900 / 1800,,,1999,Discontinued,116 x 45 x 22 mm (4.57 x 1.77 x 0.87 in),117 g (4.13 oz),Mini-SIM,Alphanumeric,,4 x 12 chars,No,100,,,,,,,Yes,No,No,No,No,No,,,SMS,,No,No,Fixed icons Softkeys,Removable Li-Ion battery,130 h,3 h,,,,No,No,20 short messages,,Vibration; Downloadable monophonic ringtones,Calculator Curency converter,,,,,,Yes,Yes
sagem,Sagem MC 850,https://fdn2.gsmarena.com/vv/bigpic/samc850b.gif,GSM,GSM 900 / 1800,,,1998,Discontinued,132 x 50 x 21 mm (5.20 x 1.97 x 0.83 in),137 g (4.83 oz),Mini-SIM,Monochrome graphic,,3 x 12 chars,No,100,,,,,,,Yes,No,No,No,No,No,,,SMS,,No,No,Fixed icons Softkeys,Removable Li-Ion battery,140 h,5 h,,,,No,No,No,,Vibration; Monophonic ringtones,Predictive text input Calculator Curency converter,,,,,,Yes,Yes
sagem,Sagem MC 825 FM,https://fdn2.gsmarena.com/vv/bigpic/sa825fmb.gif,GSM,GSM 900 / 1800,,,1998,Discontinued,132 x 50 x 26 mm (5.20 x 1.97 x 1.02 in),152 g (5.36 oz),Mini-SIM,Alphanumeric,,3 x 12 chars,No,100,,,,,,,Yes,No,No,No,No,FM radio,,,SMS,,No,No,Fixed icons Softkeys,Removable NiMH battery,90 h,3 h,,,,No,No,6 FM stations,,Vibration; Monophonic ringtones,Calculator Curency converter,,,,,,Yes,Yes
sagem,Sagem MC 820,https://fdn2.gsmarena.com/vv/bigpic/samc820b.gif,GSM,GSM 900 / 1800,,,1998,Discontinued,130 x 50 x 26 mm (5.12 x 1.97 x 1.02 in),135 g (4.76 oz),Mini-SIM,Alphanumeric,,3 x 12 chars,No,100,,,,,,,Yes,No,No,No,No,No,,,SMS,,No,No,Fixed icons Softkeys,Removable NiMH battery,90 h,3 h,,,,No,No,No,,Vibration; Monophonic ringtones,Calculator,,,,,,Yes,Yes
sagem,Sagem RC 750,https://fdn2.gsmarena.com/vv/bigpic/sarc750b.gif,GSM,GSM 900,,,1998,Discontinued,140 x 50 x 21 mm (5.51 x 1.97 x 0.83 in),158 g (5.57 oz),Mini-SIM,Alphanumeric,,3 x 12 chars,No,100,,,,,,,No,No,No,No,No,No,,,SMS,,No,No,Fixed icons,Removable NiMH 600 mAh battery,80 h,150 min,,,,No,No,No,,Vibration; Monophonic ringtones,Calculator Voice memo Serial cable,,,,,,Yes,Yes
sagem,Sagem RC 730,https://fdn2.gsmarena.com/vv/bigpic/sarc730b.gif,GSM,GSM 900,,,1997,Discontinued,140 x 50 x 21 mm (5.51 x 1.97 x 0.83 in),158 g (5.57 oz),Mini-SIM,Alphanumeric,,3 x 12 chars,No,100,,,,,,,No,No,No,No,No,No,,,SMS,,No,No,Fixed icons,Removable NiMH 600 mAh battery,70 h,150 min,,,,No,No,No,,Monophonic ringtones,Calculator,,,,,,Yes,Yes
