Brand,Model Name,Model Image,Technology,2G bands,GPRS,EDGE,Announced,Status,Dimensions,Weight,SIM,Type,Size,Resolution,OS,Chipset,CPU,GPU,Card slot,Internal,Single,Video,,Loudspeaker,3.5mm jack,WLAN,Bluetooth,GPS,Radio,USB,Sensors,_1,Type_1,Stand-by,Talk time,Colors,SAR EU,Features,Single_1,Video_1,Music play,3G bands,Speed,Price,Keyboard,Phonebook,Call records,Messaging,Games,Java,SAR,_1_1,Browser
spice,Spice Smart Pulse (M-9010),https://fdn2.gsmarena.com/vv/bigpic/spice-9010.jpg,GSM,GSM 900 / 1800 - SIM 1 & SIM 2,Class 12,Class 12,"2014, July. Released 2014, July",Discontinued,53.7 x 41.7 x 13.6 mm (2.11 x 1.64 x 0.54 in),52.5 g (1.83 oz),Dual SIM (Mini-SIM/ Micro-SIM),"TFT capacitive touchscreen, 256K colors","1.6 inches, 7.9 cm2 (~35.4% screen-to-body ratio)","240 x 320 pixels, 4:3 ratio (~250 ppi density)",Wearable platform,Mediatek MT6260,360 MHz,No,microSDHC (dedicated slot),64MB 64MB,VGA,144p@7fps,No,Yes,No,No,"2.0, A2DP",No,FM radio,No,No,MP3 player,"Li-Ion 420 mAh, non-removable",Up to 24 h (mixed usage) (2G) / Up to 50 h (3G),Up to 3 h (3G),Black,0.54 W/kg (head),,,,,,,,,,,,,,,,
spice,Spice Fire One (Mi-FX-1),https://fdn2.gsmarena.com/vv/bigpic/spice-firefox.jpg,GSM,GSM 900 / 1800 - SIM 1 & SIM 2,Class 12,Class 12,"2014, August. Released 2014, August",Discontinued,115.6 x 62 x 11.2 mm (4.55 x 2.44 x 0.44 in),65 g (2.29 oz),Dual SIM (Mini-SIM),"TFT capacitive touchscreen, 256K colors","3.5 inches, 36.5 cm2 (~50.9% screen-to-body ratio)","320 x 480 pixels, 3:2 ratio (~165 ppi density)",Firefox OS,Spreadtrum 6821,1.0 GHz,,microSDHC (dedicated slot),256MB 128MB RAM,1.3 MP,Yes,MP4/H.263 player MP3/AAC player,"Yes, dual speakers",Yes,Wi-Fi 802.11 b/g/n,"2.1, A2DP",No,FM radio,microUSB 2.0,Accelerometer,,Li-Ion 1400 mAh battery,Up to 120 h,Up to 8 h,"White, Black, Orange",0.74 W/kg (head),LED flash,VGA,,Up to 20 h,,,,,,,,,,,,
spice,Spice N-300,https://fdn2.gsmarena.com/vv/bigpic/N300.jpg,GSM,GSM 900 / 1800 - SIM 1 & SIM 2,Class 12,Class 12,"2014, August. Released 2014, August",Discontinued,150.4 x 74.8 x 9.8 mm (5.92 x 2.94 x 0.39 in),180 g (6.35 oz),Dual SIM (Mini-SIM/ Micro-SIM),"IPS LCD capacitive touchscreen, 256K colors","5.0 inches, 68.9 cm2 (~61.2% screen-to-body ratio)","480 x 854 pixels, 16:9 ratio (~196 ppi density)",Android 4.4.2 (KitKat),Mediatek MT6571 (28 nm),Dual-core 1.3 GHz Cortex-A7,Mali-400,microSDHC,4GB 512MB RAM,"8 MP, AF",720p@30fps,,"Yes, dual speakers",Yes,"Wi-Fi 802.11 b/g/n, hotspot","4.0, A2DP","Yes, with A-GPS",FM radio,microUSB 2.0,"Accelerometer, proximity",,Li-Ion 2000 mAh battery,Up to 200 h,Up to 5 h,Blue,0.82 W/kg (head),"LED flash, panorama",2 MP,,Up to 30 h,,,,,,,,,,,,
spice,Spice Smart Flo 508 (Mi-508),https://fdn2.gsmarena.com/vv/bigpic/spice-508.jpg,GSM,GSM 900 / 1800 - SIM 1 & SIM 2,Class 12,Class 12,"2014, August. Released 2014, August",Discontinued,150.4 x 74.8 x 9.8 mm (5.92 x 2.94 x 0.39 in),180 g (6.35 oz),Dual SIM (Mini-SIM/ Micro-SIM),"IPS LCD capacitive touchscreen, 256K colors","5.0 inches, 68.9 cm2 (~61.2% screen-to-body ratio)","480 x 854 pixels, 16:9 ratio (~196 ppi density)",Android 4.4.2 (KitKat),Mediatek MT6571 (28 nm),Dual-core 1.3 GHz Cortex-A7,Mali-400,microSDHC,4GB 512MB RAM,"8 MP, AF",720p@30fps,,Yes,Yes,"Wi-Fi 802.11 b/g/n, hotspot","4.0, A2DP","Yes, with A-GPS",FM radio,microUSB 2.0,"Accelerometer, proximity",,Li-Ion 2000 mAh battery,Up to 200 h,Up to 5 h,Blue,0.82 W/kg (head),"LED flash, panorama",2 MP,,Up to 30 h,,,,,,,,,,,,
spice,Spice Smart Flo 503 (Mi-503),https://fdn2.gsmarena.com/vv/bigpic/spice-503.jpg,GSM,GSM 900 / 1800 - SIM 1 & SIM 2,Class 12,Class 12,"2014, August. Released 2014, August",Discontinued,150.4 x 74.8 x 9.8 mm (5.92 x 2.94 x 0.39 in),180 g (6.35 oz),Dual SIM (Mini-SIM/ Micro-SIM),"IPS LCD capacitive touchscreen, 256K colors","5.0 inches, 68.9 cm2 (~61.2% screen-to-body ratio)","480 x 854 pixels, 16:9 ratio (~196 ppi density)",Android 4.4.2 (KitKat),Mediatek MT6571 (28 nm),Dual-core 1.3 GHz Cortex-A7,Mali-400,microSDHC,4GB 512MB RAM,"8 MP, AF",720p@30fps,,Yes,Yes,"Wi-Fi 802.11 b/g/n, hotspot","4.0, A2DP, EDR","Yes, with A-GPS",FM radio,microUSB 2.0,"Accelerometer, proximity",,Li-Ion 2000 mAh battery,Up to 200 h,Up to 5 h,"White, Gray",0.82 W/kg (head),"LED flash, panorama",2 MP,,Up to 30 h,,,,,,,,,,,,
spice,Spice Smart Flo 359 (Mi-359),https://fdn2.gsmarena.com/vv/bigpic/spice-359.jpg,GSM,GSM 900 / 1800 - SIM 1 & SIM 2,Class 12,Class 12,"2014, August. Released 2014, August",Discontinued,117.5 x 62.9 x 12 mm (4.63 x 2.48 x 0.47 in),130 g (4.59 oz),Dual SIM (Mini-SIM),"TFT capacitive touchscreen, 256K colors","3.5 inches, 36.5 cm2 (~49.4% screen-to-body ratio)","320 x 480 pixels, 3:2 ratio (~165 ppi density)",Android 4.4.2 (KitKat),Mediatek MT6571 (28 nm),Dual-core 1.3 GHz Cortex-A7,Mali-400,microSDHC,512MB 256MB RAM,2 MP,720p@25fps,,Yes,Yes,"Wi-Fi 802.11 b/g/n, hotspot","3.0, A2DP, EDR","Yes, with A-GPS",FM radio,microUSB 2.0,Accelerometer,,Li-Ion 1400 mAh battery,Up to 280 h,Up to 6 h,"Titanium Grey, Silver",0.51 W/kg (head),LED flash,1.3 MP,,Up to 20 h,,,,,,,,,,,,
spice,Spice Smart Flo 358 (Mi-358),https://fdn2.gsmarena.com/vv/bigpic/spice-358.jpg,GSM,GSM 900 / 1800 - SIM 1 & SIM 2,Class 12,Class 12,"2014, October. Released 2014, October",Discontinued,118 x 60.4 x 10.8 mm (4.65 x 2.38 x 0.43 in),130 g (4.59 oz),Dual SIM (Mini-SIM),"TFT capacitive touchscreen, 256K colors","3.5 inches, 36.5 cm2 (~51.2% screen-to-body ratio)","320 x 480 pixels, 3:2 ratio (~165 ppi density)",Android 4.4.2 (KitKat),Mediatek MT6571 (28 nm),Dual-core 1.3 GHz Cortex-A7,Mali-400,microSDHC,512MB 256MB RAM,2 MP,720p@25fps,,Yes,Yes,"Wi-Fi 802.11 b/g/n, hotspot","3.0, A2DP, EDR",A-GPS,FM radio,microUSB 2.0,Accelerometer,,Li-Ion 1450 mAh battery,Up to 300 h,Up to 6 h 30 min,"White, Gray",0.57 W/kg (head),LED flash,1.3 MP,,Up to 20 h,,,,,,,,,,,,
spice,Spice Stellar 439 (Mi-439),https://fdn2.gsmarena.com/vv/bigpic/spice-439.jpg,GSM / HSPA,GSM 900 / 1800 - SIM 1 & SIM 2,,,"2014, August. Released 2014, August",Discontinued,125 x 63 x 10 mm (4.92 x 2.48 x 0.39 in),113.8 g (4.02 oz),Dual SIM (Mini-SIM),"TFT capacitive touchscreen, 256K colors","4.0 inches, 45.5 cm2 (~57.8% screen-to-body ratio)","480 x 800 pixels, 5:3 ratio (~233 ppi density)",Android 4.4.2 (KitKat),Mediatek MT6572M (28 nm),Dual-core 1.0 GHz Cortex-A7,Mali-400,microSDHC,4GB 512MB RAM,3.15 MP,720p@25fps,,"Yes, dual speakers",Yes,"Wi-Fi 802.11 b/g/n, hotspot","3.0, A2DP",A-GPS,FM radio,microUSB 2.0,Accelerometer,,Li-Ion 1400 mAh battery,Up to 58 h,Up to 5 h 30 min,"Brown, Silver",0.85 W/kg (head),,1.3 MP,,Up to 15 h,HSDPA 2100,HSPA 21.1/5.76 Mbps,,,,,,,,,,
spice,Spice Stellar 361 (Mi-361),https://fdn2.gsmarena.com/vv/bigpic/spice-361.jpg,GSM / HSPA,GSM 900 / 1800 - SIM 1 & SIM 2,,,"2014, July. Released 2014, July",Discontinued,115.3 x 60.6 x 11.9 mm (4.54 x 2.39 x 0.47 in),102 g (3.60 oz),Dual SIM (Mini-SIM),"TFT capacitive touchscreen, 256K colors","3.5 inches, 36.5 cm2 (~52.2% screen-to-body ratio)","320 x 480 pixels, 3:2 ratio (~165 ppi density)",Android 4.2.2 (Jelly Bean),Mediatek MT6572M (28 nm),Dual-core 1.0 GHz Cortex-A7,Mali-400,microSDHC,512MB 256MB RAM,2 MP,480p@25fps,,"Yes, dual speakers",Yes,"Wi-Fi 802.11 b/g/n, hotspot","2.0, A2DP","Yes, with A-GPS",FM radio,microUSB 2.0,Accelerometer,,Li-Ion 1400 mAh battery,Up to 72 h,Up to 8 h,"Black, White",0.81 W/kg (head),LED flash,1.3 MP,,Up to 15 h,HSDPA 2100,HSPA 21.1/5.76 Mbps,,,,,,,,,,
spice,Spice Stellar 507 (Mi-507),https://fdn2.gsmarena.com/vv/bigpic/spice-507.jpg,GSM / HSPA,GSM 900 / 1800 - SIM 1 & SIM 2,,,"2014, August. Released 2014, August",Discontinued,145.2 x 72.7 x 10.7 mm (5.72 x 2.86 x 0.42 in),184 g (6.49 oz),Dual SIM (Mini-SIM/ Micro-SIM),"TFT capacitive touchscreen, 256K colors","5.0 inches, 68.9 cm2 (~65.3% screen-to-body ratio)","480 x 854 pixels, 16:9 ratio (~196 ppi density)",Android 4.4.2 (KitKat),Mediatek MT6572 (28 nm),Dual-core 1.3 GHz Cortex-A7,Mali-400,microSDHC,4GB 512MB RAM,"8 MP, AF",720p@30fps,,Yes,Yes,"Wi-Fi 802.11 b/g/n, hotspot","4.0, A2DP, EDR","Yes, with A-GPS",FM radio,microUSB 2.0,"Accelerometer, proximity",,Li-Ion 1800 mAh battery,Up to 200 h,Up to 8 h,"Red/Black, Blue/Black",0.94 W/kg (head),"LED flash, panorama",1.3 MP,,Up to 28 h,HSDPA 2100,HSPA 21.1/5.76 Mbps,,,,,,,,,,
spice,Spice Stellar 509 (Mi-509),https://fdn2.gsmarena.com/vv/bigpic/spice-509.jpg,GSM / HSPA,GSM 850 / 900 / 1800 / 1900,,,"2014, May. Released 2014, May",Discontinued,145 x 79 x 9.5 mm (5.71 x 3.11 x 0.37 in),120 g (4.23 oz),Mini-SIM,"IPS LCD capacitive touchscreen, 16M colors","5.0 inches, 68.9 cm2 (~60.1% screen-to-body ratio)","480 x 854 pixels, 16:9 ratio (~196 ppi density)",Android 4.4.2 (KitKat),Mediatek MT6582M (28 nm),Quad-core 1.3 GHz Cortex-A7,Mali-400MP2,microSDHC (dedicated slot),4GB 1GB RAM,"8 MP, AF",720p@30fps,,Yes,Yes,"Wi-Fi 802.11 a/b/g/n, dual-band, hotspot","3.0, A2DP","Yes, with A-GPS",FM radio,microUSB 2.0,"Accelerometer, proximity",,Li-Ion 2000 mAh battery,Up to 170 h,Up to 4 h 30 min,White,0.92 W/kg (head),"LED flash, panorama, HDR",2 MP,,Up to 30 h,HSDPA 2100,HSPA 21.1/5.76 Mbps,,,,,,,,,,
spice,Spice Stellar 600 (Mi-600),https://fdn2.gsmarena.com/vv/bigpic/spice-600.jpg,GSM / HSPA,GSM 900 / 1800 - SIM 1 & SIM 2,,,"2014, July. Released 2014, July",Discontinued,,189 g (6.67 oz),Dual SIM (Mini-SIM/ Micro-SIM),"IPS LCD capacitive touchscreen, 16M colors","6.0 inches, 99.2 cm2","540 x 960 pixels, 16:9 ratio (~184 ppi density)",Android 4.4.2 (KitKat),Mediatek MT6582M (28 nm),Quad-core 1.3 GHz Cortex-A7,Mali-400MP2,microSDHC,4GB 1GB RAM,"8 MP, AF",720p@30fps,,Yes,Yes,"Wi-Fi 802.11 a/b/g/n, dual-band, hotspot","3.0, A2DP","Yes, with A-GPS",FM radio,microUSB 2.0,"Accelerometer, proximity",,Li-Po 2500 mAh battery,Up to 100 h,Up to 18 h,White,0.44 W/kg (head),"LED flash, panorama, HDR",3.15 MP,,Up to 35 h,HSDPA 2100,HSPA 21.1/5.76 Mbps,,,,,,,,,,
spice,Spice Stellar 526 (Mi-526),https://fdn2.gsmarena.com/vv/bigpic/spice-526.jpg,GSM / HSPA,GSM 900 / 1800 - SIM 1 & SIM 2,,,"2014, July. Released 2014, July",Discontinued,143.6 x 71.7 x 8.3 mm (5.65 x 2.82 x 0.33 in),210 g (7.41 oz),Dual SIM (Mini-SIM/ Micro-SIM),"Capacitive touchscreen, 16M colors","5.0 inches, 68.9 cm2 (~66.9% screen-to-body ratio)","720 x 1280 pixels, 16:9 ratio (~294 ppi density)",Android 4.4.2 (KitKat),Mediatek MT6591,Hexa-core 1.5 GHz Cortex-A7,Mali-450MP4,microSDHC,8GB 1GB RAM,"8 MP, AF",1080p@30fps,,Yes,Yes,"Wi-Fi 802.11 a/b/g/n, dual-band, hotspot","4.0, A2DP, EDR","Yes, with A-GPS",FM radio,"microUSB 2.0, USB On-The-Go","Accelerometer, proximity",,Li-Po 2500 mAh battery,Up to 280 h,Up to 9 h,"White, Silver",0.44 W/kg (head),"LED flash, panorama, HDR",3.15 MP,,Up to 35 h,HSDPA 2100,HSPA 21.1/5.76 Mbps,,,,,,,,,,
spice,Spice Stellar 520 (Mi-520),https://fdn2.gsmarena.com/vv/bigpic/spice-520.jpg,GSM / HSPA,GSM 850 / 900 / 1800 / 1900,,,"2014, July. Released 2014, July",Discontinued,145 x 72.8 x 8.5 mm (5.71 x 2.87 x 0.33 in),156 g (5.50 oz),Mini-SIM,"IPS LCD capacitive touchscreen, 16M colors","5.0 inches, 68.9 cm2 (~65.3% screen-to-body ratio)","720 x 1280 pixels, 16:9 ratio (~294 ppi density)",Android 4.4.2 (KitKat),Mediatek MT6582 (28 nm),Quad-core 1.3 GHz Cortex-A7,Mali-400MP2,microSDHC (dedicated slot),4GB 1GB RAM,"8 MP, AF",Yes,,Yes,Yes,"Wi-Fi 802.11 b/g/n, hotspot","3.0, A2DP, EDR","Yes, with A-GPS",FM radio,microUSB 2.0,"Accelerometer, proximity",,Li-Ion 2000 mAh battery,Up to 200 h,Up to 4 h,Red/Yellow,0.82 W/kg (head),"LED flash, panorama, HDR",2 MP,,Up to 20 h,HSDPA 2100,HSPA 21.1/5.76 Mbps,,,,,,,,,,
spice,Spice Stellar 520n (Mi-520n),https://fdn2.gsmarena.com/vv/bigpic/spice-520n.jpg,GSM / HSPA,GSM 850 / 900 / 1800 / 1900,,,"2014, December. Released 2014, December",Discontinued,145 x 72.8 x 8.5 mm (5.71 x 2.87 x 0.33 in),156 g (5.50 oz),Mini-SIM,"IPS LCD capacitive touchscreen, 16M colors","5.0 inches, 68.9 cm2 (~65.3% screen-to-body ratio)","720 x 1280 pixels, 16:9 ratio (~294 ppi density)",Android 4.4.2 (KitKat),Mediatek MT6582 (28 nm),Quad-core 1.3 GHz Cortex-A7,Mali-400MP2,microSDHC (dedicated slot),8GB 1GB RAM,"8 MP, AF",Yes,,Yes,Yes,"Wi-Fi 802.11 b/g/n, hotspot","3.0, A2DP, EDR","Yes, with A-GPS",FM radio,microUSB 2.0,"Accelerometer, proximity",,Li-Ion 2000 mAh battery,Up to 200 h,Up to 4 h,Red/Yellow,0.82 W/kg (head),"LED flash, panorama, HDR",2 MP,,Up to 20 h,HSDPA 2100,HSPA 21.1/5.76 Mbps,,,,,,,,,,
spice,Spice Stellar 440 (Mi-440),https://fdn2.gsmarena.com/vv/bigpic/spice-440.jpg,GSM / HSPA,GSM 900 / 1800,,,"2014, December. Released 2014, December",Discontinued,127.6 x 63.8 x 11.5 mm (5.02 x 2.51 x 0.45 in),119 g (4.20 oz),Mini-SIM,"TFT capacitive touchscreen, 256K colors","4.0 inches, 45.5 cm2 (~55.9% screen-to-body ratio)","480 x 800 pixels, 5:3 ratio (~233 ppi density)",Android 4.4.2 (KitKat),Mediatek MT6572 (28 nm),Dual-core 1.0 GHz Cortex-A7,Mali-400,microSDHC (dedicated slot),4GB 512MB RAM,3.15 MP,480p@25fps,,"Yes, dual speakers",Yes,"Wi-Fi 802.11 b/g/n, hotspot","2.0, A2DP","Yes, with A-GPS",FM radio,microUSB 2.0,Accelerometer,,Li-Ion 1400 mAh battery,Up to 72 h,Up to 8 h,Gray,0.58 W/kg (head),LED flash,1.3 MP,,Up to 15 h,HSDPA 2100,HSPA 21.1/5.76 Mbps,,,,,,,,,,
spice,Spice Stellar 470 (Mi-470),https://fdn2.gsmarena.com/vv/bigpic/spice-470.jpg,GSM / HSPA,GSM 900 / 1800 - SIM 1 & SIM 2,,,"2014, October. Released 2014, October",Discontinued,137.8 x 68.6 x 7.9 mm (5.43 x 2.70 x 0.31 in),140 g (4.94 oz),Dual SIM (Mini-SIM/ Micro-SIM),"Capacitive touchscreen, 16M colors","4.7 inches, 60.9 cm2 (~64.4% screen-to-body ratio)","540 x 960 pixels, 16:9 ratio (~234 ppi density)",Android 4.4.2 (KitKat),Mediatek MT6582 (28 nm),Quad-core 1.3 GHz Cortex-A7,Mali-400MP2,microSDHC,8GB 1GB RAM,"8 MP, AF",1080p@30fps,,Yes,Yes,"Wi-Fi 802.11 a/b/g/n, dual-band, hotspot","4.0, A2DP, EDR","Yes, with A-GPS",FM radio,"microUSB 2.0, USB On-The-Go","Accelerometer, proximity",,Li-Ion 1500 mAh battery,Up to 120 h,Up to 4 h,"Black, Blue",0.89 W/kg (head),"LED flash, panorama, HDR",3.2 MP,,Up to 22 h,HSDPA 2100,HSPA 21.1/5.76 Mbps,,,,,,,,,,
spice,Spice Mi-449 3G,https://fdn2.gsmarena.com/vv/bigpic/Mi-449-3G.jpg,GSM / HSPA,GSM 900 / 1800 - SIM 1 & SIM 2,,,2014. Released 2014,Discontinued,134.5 x 69.5 x 8.7 mm (5.30 x 2.74 x 0.34 in),156 g (5.50 oz),Dual SIM,Capacitive touchscreen,", -","480 x 854 pixels, 16:9 ratio",Android 4.4 (KitKat),,,,microSDHC,,3.15 MP,Yes,,Yes,Yes,Wi-Fi 802.11 b/g/n,2.0,A-GPS only,FM radio,microUSB,Accelerometer,,Li-Ion 1450 mAh battery,Up to 60 h,Up to 5 h 30 min,"White, Gray",,,1.3 MP,,,HSDPA 2100,HSPA,,,,,,,,,,
spice,Spice Mi-451 3G,https://fdn2.gsmarena.com/vv/bigpic/Mi-451-3G.jpg,GSM / HSPA,GSM 900 / 1800 - SIM 1 & SIM 2,,,2014. Released 2014,Discontinued,134.5 x 69.5 x 8.7 mm (5.30 x 2.74 x 0.34 in),156 g (5.50 oz),Dual SIM,Capacitive touchscreen,", -","480 x 854 pixels, 16:9 ratio",Android 4.4 (KitKat),,,,microSDHC,,3.15 MP,Yes,,Yes,Yes,Wi-Fi 802.11 b/g/n,2.0,A-GPS only,FM radio,microUSB,Accelerometer,,Li-Ion 1450 mAh battery,Up to 60 h,Up to 5 h 30 min,"White, Gray",,,1.3 MP,,,HSDPA 2100,HSPA,,,,,,,,,,
spice,Spice Mi-498 Dream Uno,https://fdn2.gsmarena.com/vv/bigpic/spice-498.jpg,GSM / HSPA,GSM 850 / 900 / 1800 / 1900 - SIM 1 & SIM 2,,,"2014, September. Released 2014, September",Discontinued,132 x 67 x 9.2 mm (5.20 x 2.64 x 0.36 in),107 g (3.77 oz),Dual SIM,Capacitive touchscreen,"4.5 inches, 55.8 cm2 (~63.1% screen-to-body ratio)","480 x 854 pixels, 16:9 ratio (~218 ppi density)","Android 4.4.4 (KitKat), upgradable to 5.1.1 (Lollipop), Android One",Mediatek MT6582 (28 nm),Quad-core 1.3 GHz Cortex-A7,Mali-400MP2,microSDHC,4GB 1GB RAM,"5 MP, AF",Yes,,Yes,Yes,"Wi-Fi 802.11 b/g/n, hotspot",2.1,"Yes, with A-GPS",FM radio,microUSB 2.0,"Accelerometer, proximity",,"Li-Ion 1700 mAh, removable",Up to 160 h,Up to 17 h,"Black, White",,LED flash,2 MP,,,HSDPA 850 / 2100,HSPA 21.1/5.76 Mbps,About 90 EUR,,,,,,,,,
spice,Spice Mi-506 Stellar Mettle Icon,https://fdn2.gsmarena.com/vv/bigpic/spice-506.jpg,GSM / HSPA,GSM 900 / 1800 - SIM 1 & SIM 2,,,"2014, March. Released 2014, March",Discontinued,145 x 72.9 x 9.6 mm (5.71 x 2.87 x 0.38 in),177 g (6.24 oz),Dual SIM (Mini-SIM),TFT capacitive touchscreen,"5.0 inches, 68.9 cm2 (~65.2% screen-to-body ratio)","480 x 854 pixels, 16:9 ratio (~196 ppi density)",Android 4.2 (Jelly Bean),,,,microSDHC,,8 MP,Yes,,Yes,Yes,Wi-Fi 802.11 b/g/n,"4.0, A2DP","Yes, with A-GPS",FM radio,microUSB,Accelerometer,,"Li-Ion 1800 mAh, removable",Up to 200 h,Up to 7 h 30 min,White/Silver,,LED flash,1.3 MP,,,HSDPA 2100,HSPA,About 80 EUR,,,,,,,,,
spice,Spice Mi-356 Smart Flo Mettle 3.5X,https://fdn2.gsmarena.com/vv/bigpic/spice-356.jpg,GSM,GSM 900 / 1800 - SIM 1 & SIM 2,Class 12,Class 12,"2014, January. Released 2014, January",Discontinued,119.9 x 63 x 11.5 mm (4.72 x 2.48 x 0.45 in),112 g (3.95 oz),Dual SIM (Mini-SIM),TFT capacitive touchscreen,"3.5 inches, 36.5 cm2 (~48.3% screen-to-body ratio)","320 x 480 pixels, 3:2 ratio (~165 ppi density)",Android 4.2 (Jelly Bean),,,,microSDHC,,2 MP,Yes,,Yes,Yes,Wi-Fi 802.11 b/g/n,2.0,A-GPS only,FM radio,microUSB,Accelerometer,,Li-Ion 1500 mAh battery,Up to 120 h,Up to 7 h 30 min,Silver,,,1.3 MP,,,,,About 40 EUR,,,,,,,,,
spice,Spice Mi-426 Smart Flo Mettle 4.0X,https://fdn2.gsmarena.com/vv/bigpic/spice-426.jpg,GSM,GSM 900 / 1800 - SIM 1 & SIM 2,Class 12,Class 12,"2014, January. Released 2014, January",Discontinued,119.9 x 58 x 10.8 mm (4.72 x 2.28 x 0.43 in),122 g (4.30 oz),Dual SIM (Mini-SIM),TFT capacitive touchscreen,"4.0 inches, 45.5 cm2 (~65.5% screen-to-body ratio)","480 x 800 pixels, 5:3 ratio (~233 ppi density)",Android 4.2 (Jelly Bean),,,,microSDHC,,2 MP,Yes,,Yes,Yes,Wi-Fi 802.11 b/g/n,2.0,"Yes, with A-GPS",FM radio,microUSB,Accelerometer,,Li-Ion 1400 mAh battery,Up to 250 h,Up to 6 h,Silver,,,1.3 MP,,,,,About 50 EUR,,,,,,,,,
spice,Spice Mi-438 Stellar Glide,https://fdn2.gsmarena.com/vv/bigpic/spice-438.jpg,GSM / HSPA,GSM 900 / 1800 - SIM 1 & SIM 2,,,"2014, April. Released 2014, June",Discontinued,145 x 79 x 9.5 mm (5.71 x 3.11 x 0.37 in),155 g (5.47 oz),Dual SIM (Mini-SIM),TFT capacitive touchscreen,"4.0 inches, 45.5 cm2 (~39.8% screen-to-body ratio)","480 x 800 pixels, 5:3 ratio (~233 ppi density)",Android 4.2 (Jelly Bean),,,,microSDHC,,2 MP,Yes,,Yes,Yes,Wi-Fi 802.11 b/g/n,"4.0, A2DP","Yes, with A-GPS",FM radio,microUSB,Accelerometer,,Li-Ion 1350 mAh battery,Up to 170 h,Up to 4 h 30 min,Black/White,,,1.3 MP,,,HSDPA 2100,HSPA,About 60 EUR,,,,,,,,,
spice,Spice Mi-504 Smart Flo Mettle 5X,https://fdn2.gsmarena.com/vv/bigpic/spice-504.jpg,GSM,GSM 900 / 1800 - SIM 1 & SIM 2,Class 12,Class 12,"2014, February. Released 2014, February",Discontinued,148.5 x 78.9 x 10.4 mm (5.85 x 3.11 x 0.41 in),190 g (6.70 oz),Dual SIM (Mini-SIM),TFT capacitive touchscreen,"5.0 inches, 68.9 cm2 (~58.8% screen-to-body ratio)","480 x 854 pixels, 16:9 ratio (~196 ppi density)",Android 4.2 (Jelly Bean),,,,microSDHC,,8 MP,Yes,,Yes,Yes,Wi-Fi 802.11 b/g/n,2.0,"Yes, with A-GPS",FM radio,microUSB,Accelerometer,,"Li-Ion 1800 mAh, removable",,Up to 5 h 30 min,White,,LED flash,1.3 MP,,,,,About 80 EUR,,,,,,,,,
spice,Spice Mi-451 Smartflo Poise,https://fdn2.gsmarena.com/vv/bigpic/spice-451.jpg,GSM,GSM 850 / 900 / 1800 / 1900 - SIM 1 & SIM 2,Class 12,Class 32,"2014, February. Released 2014, June",Discontinued,134.5 x 69.5 x 8.7 mm (5.30 x 2.74 x 0.34 in),156 g (5.50 oz),Dual SIM (Mini-SIM),IPS LCD capacitive touchscreen,"4.5 inches, 55.8 cm2 (~59.7% screen-to-body ratio)","480 x 854 pixels, 16:9 ratio (~218 ppi density)",Android 4.2 (Jelly Bean),,,,microSDHC,,3.15 MP,Yes,,Yes,Yes,Wi-Fi 802.11 b/g/n,"4.0, A2DP",A-GPS only,FM radio,microUSB,Accelerometer,,"Li-Ion 1450 mAh, removable",,Up to 5 h 30 min,White,,,1.3 MP,,,,,About 60 EUR,,,,,,,,,
spice,Spice Mi-496 Spice Coolpad 2,https://fdn2.gsmarena.com/vv/bigpic/spice-coolpad-2-mi-496.jpg,GSM / HSPA,GSM 900 / 1800 - SIM 1 & SIM 2,,,"2013, November. Released 2013, November",Discontinued,-,-,Dual SIM,TFT capacitive touchscreen,"4.5 inches, 55.8 cm2","540 x 960 pixels, 16:9 ratio (~245 ppi density)",Android 4.1 (Jelly Bean),Mediatek MT6589 (28 nm),Quad-core 1.2 GHz Cortex-A7,PowerVR SGX544,microSDHC (dedicated slot),4GB 1GB RAM,"5 MP, AF",Yes,No,Yes,Yes,Wi-Fi 802.11 b/g/n,Yes,A-GPS,FM radio,microUSB,"Accelerometer, proximity",,Li-Ion 1700 mAh battery,,,White,,LED flash,,,,HSDPA 2100,HSPA,About 110 EUR,,,,,,,,,
spice,Spice Mi-423 Smart Flo Ivory 2,https://fdn2.gsmarena.com/vv/bigpic/spice-smart-flo-ivory-2-mi-423.jpg,GSM,GSM 900 / 1800 - SIM 1 & SIM 2,Yes,Yes,"2013, September. Released 2013, September",Discontinued,126.3 x 68.6 x 11.2 mm (4.97 x 2.70 x 0.44 in),-,Dual SIM,"TFT capacitive touchscreen, 256K colors","4.0 inches, 47.6 cm2 (~55.0% screen-to-body ratio)","320 x 480 pixels, 3:2 ratio (~144 ppi density)",Android 4.2.2 (Jelly Bean),,Dual-core 1.0 GHz,,microSDHC (dedicated slot),512MB 256MB RAM,3.15 MP,Yes,,Yes,Yes,Wi-Fi 802.11 b/g/n,Yes,No,FM radio,microUSB,Accelerometer,,Li-Ion 1400 mAh battery,Up to 120 h,Up to 8 h,White,,,1.3 MP,,,,,About 50 EUR,,,,,,,,,
spice,Spice Mi-349 Smart Flo Edge,https://fdn2.gsmarena.com/vv/bigpic/spice-smart-flo-edge-mi-349.jpg,GSM,GSM 900 / 1800 - SIM 1 & SIM 2,Yes,Yes,"2013, September. Released 2013, September",Discontinued,117 x 63 x 12.3 mm (4.61 x 2.48 x 0.48 in),-,Dual SIM,"TFT capacitive touchscreen, 256K colors","3.5 inches, 36.5 cm2 (~49.5% screen-to-body ratio)","320 x 480 pixels, 3:2 ratio (~165 ppi density)",Android 2.3.5 (Gingerbread),,1.0 GHz,,microSDHC (dedicated slot),512MB 256MB RAM,1.3 MP,Yes,,Yes,Yes,Wi-Fi 802.11 b/g/n,Yes,A-GPS only,FM radio,microUSB,Accelerometer,,Li-Ion 1500 mAh battery,Up to 120 h,Up to 8 h,White,,,VGA,,,,,About 40 EUR,,,,,,,,,
spice,Spice Mi-550 Pinnacle Stylus,https://fdn2.gsmarena.com/vv/bigpic/spice-mi-550.jpg,GSM / HSPA,GSM 900 / 1800 - SIM 1 & SIM 2,,,"2013, September. Released 2013, September",Discontinued,160 x 79 x 9.5 mm (6.30 x 3.11 x 0.37 in),155 g (5.47 oz),Dual SIM,Capacitive touchscreen,", -","720 x 1280 pixels, 16:9 ratio",Android 4.2 (Jelly Bean),,,,microSDHC (dedicated slot),,"8 MP, AF",Yes,Stylus,Yes,Yes,Wi-Fi 802.11 b/g/n,"4.0, A2DP","Yes, with A-GPS",FM radio,microUSB,"Accelerometer, proximity",,Li-Ion 2500 mAh battery,Up to 504 h,Up to 9 h 40 min,"Black, White",,,2 MP,,,HSDPA 2100,HSPA,About 150 EUR,,,,,,,,,
spice,Spice Mi-502n Smart FLO Pace3,https://fdn2.gsmarena.com/vv/bigpic/spice-mi-502n.jpg,GSM,GSM 900 / 1800 - SIM 1 & SIM 2,Class 12,Class 12,"2013, September. Released 2013, September",Discontinued,148.5 x 78.9 x 10.4 mm (5.85 x 3.11 x 0.41 in),190 g (6.70 oz),Dual SIM,Capacitive touchscreen,", -","480 x 800 pixels, 5:3 ratio",Android 4.2 (Jelly Bean),,,,microSDHC (dedicated slot),,8 MP,Yes,,Yes,Yes,Wi-Fi 802.11 b/g/n,"4.0, A2DP","Yes, with A-GPS",FM radio,microUSB,"Accelerometer, proximity",,"Li-Ion 2100 mAh, removable",Up to 400 h,Up to 8 h 20 min,White. Blue,,,1.3 MP,,,,,About 80 EUR,,,,,,,,,
spice,Spice Mi-492 Stellar Virtuoso Pro+,https://fdn2.gsmarena.com/vv/bigpic/spice-virtuoso-pro-plus.jpg,GSM / HSPA,GSM 900 / 1800 - SIM 1 & SIM 2,,,"2013, September. Released 2013, September",Discontinued,133.8 x 68.2 x 10 mm (5.27 x 2.69 x 0.39 in),123.3 g (4.34 oz),Dual SIM,Capacitive touchscreen,", -","480 x 854 pixels, 16:9 ratio",Android 4.2 (Jelly Bean),,,,microSDHC (dedicated slot),,5 MP,Yes,,Yes,Yes,Wi-Fi 802.11 b/g/n,"4.0, A2DP","Yes, with A-GPS",FM radio,microUSB,"Accelerometer, proximity",,"Li-Ion 1730 mAh, removable",Up to 350 h,Up to 5 h,"Black, White",,,1.3 MP,,,HSDPA 2100,HSPA,About 80 EUR,,,,,,,,,
spice,Spice Mi-437 Stellar Nhance 2,https://fdn2.gsmarena.com/vv/bigpic/spice-mi-437.jpg,GSM / HSPA,GSM 900 / 1800 - SIM 1 & SIM 2,,,"2013, October. Released 2013, October",Discontinued,124.5 x 65.5 x 10.5 mm (4.90 x 2.58 x 0.41 in),108 g (3.81 oz),Dual SIM,Capacitive touchscreen,", -","480 x 800 pixels, 5:3 ratio",Android 4.2 (Jelly Bean),,,,microSDHC (dedicated slot),,3.15 MP,Yes,,Yes,Yes,Wi-Fi 802.11 b/g/n,Yes,"Yes, with A-GPS",FM radio,microUSB,"Accelerometer, proximity",,Li-Ion 1400 mAh battery,Up to 400 h,Up to 7 h,Gray,,,1.3 MP,,,HSDPA 2100,HSPA,About 70 EUR,,,,,,,,,
spice,Spice Mi-436 Stellar Glamour,https://fdn2.gsmarena.com/vv/bigpic/spice-mi-436.jpg,GSM / HSPA,GSM 850 / 900 / 1800 / 1900 - SIM 1 & SIM 2,,,"2013, August",Discontinued,125 x 65.8 x 11.5 mm (4.92 x 2.59 x 0.45 in),100 g (3.53 oz),Dual SIM,Capacitive touchscreen,"4.0 inches, 45.5 cm2 (~55.4% screen-to-body ratio)","480 x 800 pixels, 5:3 ratio (~233 ppi density)",Android 4.2 (Jelly Bean),Mediatek MT6572 (28 nm),Dual-core 1.2 GHz Cortex-A7,Mali-400,microSDHC (dedicated slot),,5 MP,Yes,,Yes,Yes,Wi-Fi 802.11 b/g/n,3.0,"Yes, with A-GPS",FM radio,microUSB,"Accelerometer, proximity",,Li-Ion 1400 mAh battery,Up to 170 h,Up to 4 h 30 min,"Blue, Red/black",,,1.3 MP,,,HSDPA 2100,HSPA,About 70 EUR,,,,,,,,,
spice,Spice Mi-354 Smartflo Space,https://fdn2.gsmarena.com/vv/bigpic/spice-mi-354.jpg,GSM,GSM 900 / 1800 - SIM 1 & SIM 2,Class 12,Class 12,"2013, August",Available,118.2 x 60.8 x 12.4 mm (4.65 x 2.39 x 0.49 in),125 g (4.41 oz),Dual SIM,Capacitive touchscreen,"3.5 inches, 36.5 cm2 (~50.8% screen-to-body ratio)","320 x 480 pixels, 3:2 ratio (~165 ppi density)",Android 4.2 (Jelly Bean),Mediatek MT6517,Dual-core 1.0 GHz Cortex-A9,PowerVR SGX531u,microSDHC (dedicated slot),,3.15 MP,Yes,,Yes,Yes,Wi-Fi 802.11 b/g/n,3.0,"Yes, with A-GPS",FM radio,microUSB,"Accelerometer, proximity",,Li-Ion 1450 mAh battery,Up to 200 h,Up to 6 h,"Black/silver, White/silver",,,1.3 MP,,,,,About 40 EUR,,,,,,,,,
spice,Spice Mi-525 Pinnacle FHD,https://fdn2.gsmarena.com/vv/bigpic/spice-pinnacle-fhd-mi-525.jpg,GSM / HSPA,GSM 900 / 1800 - SIM 1 & SIM 2,,,"2013, June. Released 2013, July",Discontinued,149.4 x 74.9 x 9.3 mm (5.88 x 2.95 x 0.37 in),175 g (6.17 oz),Dual SIM,"IPS LCD capacitive touchscreen, 16M colors","5.0 inches, 68.9 cm2 (~61.6% screen-to-body ratio)","1080 x 1920 pixels, 16:9 ratio (~441 ppi density)",Android 4.2 (Jelly Bean),Mediatek MT6589 (28 nm),Quad-core 1.5 GHz Cortex-A7,PowerVR SGX544,microSDHC (dedicated slot),8GB 1GB RAM,"8 MP, AF",1080p@30fps,,Yes,Yes,"Wi-Fi 802.11 b/g/n, hotspot","4.0, A2DP","Yes, with A-GPS",FM radio,microUSB 2.0,"Accelerometer, gyro, proximity",,"Li-Ion 2100 mAh, removable",Up to 362 h,Up to 7 h,Black/White,0.91 W/kg (head),Dual-LED flash,2 MP,,,HSDPA 2100,HSPA,About 160 EUR,,,,,,,,,
spice,Spice Mi-515 Coolpad,https://fdn2.gsmarena.com/vv/bigpic/spice-mi-515.jpg,GSM / HSPA,GSM 900 / 1800 / 1900 - SIM 1 & SIM 2,,,"2013, June. Released 2013, June",Discontinued,140 x 73 x 9.9 mm (5.51 x 2.87 x 0.39 in),161 g (5.68 oz),Dual SIM,IPS LCD capacitive touchscreen,"5.0 inches, 68.9 cm2 (~67.4% screen-to-body ratio)","540 x 960 pixels, 16:9 ratio (~220 ppi density)",Android 4.1 (Jelly Bean),Mediatek MT6589 (28 nm),Quad-core 1.2 GHz Cortex-A7,PowerVR SGX544,microSDHC (dedicated slot),4GB 1GB RAM,"5 MP, AF",Yes,,Yes,Yes,Wi-Fi 802.11 b/g/n,3.0,"Yes, with A-GPS",FM radio,microUSB 2.0,Accelerometer,,"Li-Ion 2000 mAh, removable",,,Black,0.37 W/kg (head),LED flash,VGA,,,HSDPA 900 / 2100,HSPA,About 130 EUR,,,,,,,,,
spice,Spice Mi-510 Stellar Prime,https://fdn2.gsmarena.com/vv/bigpic/spice-510.jpg,GSM / HSPA,GSM 900 / 1800 - SIM 1 & SIM 2,,,"2013, June. Released 2013, July",Discontinued,145 x 74 x 9.9 mm (5.71 x 2.91 x 0.39 in),176 g (6.21 oz),Dual SIM (Mini-SIM),TFT capacitive touchscreen,"5.0 inches, 68.9 cm2 (~64.2% screen-to-body ratio)","480 x 854 pixels, 16:9 ratio (~196 ppi density)",Android 4.2 (Jelly Bean),Mediatek MT6589 (28 nm),Quad-core 1.2 GHz Cortex-A7,PowerVR SGX544,microSDHC (dedicated slot),,8 MP,Yes,SRS audio,Yes,Yes,Wi-Fi 802.11 b/g/n,3.0,Yes,FM radio,microUSB,Accelerometer,,"Li-Ion 2100 mAh, removable",Up to 250 h,Up to 6 h,White,,LED flash,3 MP,,,HSDPA 2100,HSPA,About 220 EUR,,,,,,,,,
spice,Spice Mi-505 Stellar Horizon Pro,https://fdn2.gsmarena.com/vv/bigpic/spice-505.jpg,GSM / HSPA,GSM 900 / 1800 - SIM 1 & SIM 2,,,"2013, May. Released 2013, May",Discontinued,148 x 77.2 x 9.6 mm (5.83 x 3.04 x 0.38 in),186 g (6.56 oz),Dual SIM (Mini-SIM),TFT capacitive touchscreen,"5.0 inches, 71.2 cm2 (~62.3% screen-to-body ratio)","480 x 800 pixels, 5:3 ratio (~187 ppi density)",Android 4.0 (Ice Cream Sandwich),Mediatek MT6577 (40 nm),Dual-core 1.0 GHz Cortex-A9,PowerVR SGX531u,microSDHC (dedicated slot),,5 MP,Yes,,Yes,Yes,Wi-Fi 802.11 b/g/n,"4.0, A2DP",Yes,FM radio,microUSB,Accelerometer,,Li-Ion 2100 mAh battery,Up to 200 h,Up to 4 h 20 min,White,,Dual-LED flash,1.3 MP,,,HSDPA 900 / 2100,HSPA,About 90 EUR,,,,,,,,,
spice,Spice Mi-491 Stellar Virtuoso Pro,https://fdn2.gsmarena.com/vv/bigpic/spice-491.jpg,GSM / HSPA,GSM 900 / 1800 - SIM 1 & SIM 2,,,"2013, June. Released 2013, July",Discontinued,135 x 68 x 9.9 mm (5.31 x 2.68 x 0.39 in),143 g (5.04 oz),Dual SIM (Mini-SIM),TFT capacitive touchscreen,"4.5 inches, 55.8 cm2 (~60.8% screen-to-body ratio)","480 x 854 pixels, 16:9 ratio (~218 ppi density)",Android 4.1 (Jelly Bean),Mediatek MT6577 (40 nm),Dual-core 1.0 GHz Cortex-A9,PowerVR SGX531u,microSDHC (dedicated slot),,5 MP,Yes,SRS audio,Yes,Yes,Wi-Fi 802.11 b/g/n,3.0,A-GPS only,FM radio,microUSB,Accelerometer,,Li-Ion 1700 mAh battery,Up to 210 h,Up to 5 h,Black,,,1.3 MP,,,HSDPA 2100,HSPA,About 80 EUR,,,,,,,,,
spice,Spice Mi-450 Smartflo Ivory,https://fdn2.gsmarena.com/vv/bigpic/spice-450.jpg,GSM,GSM 900 / 1800 - SIM 1 & SIM 2,Class 12,Class 12,"2013, May. Released 2013, May",Discontinued,131.7 x 68.5 x 11.1 mm (5.19 x 2.70 x 0.44 in),130 g (4.59 oz),Dual SIM (Mini-SIM),TFT capacitive touchscreen,"4.5 inches, 57.6 cm2 (~63.9% screen-to-body ratio)","480 x 800 pixels, 5:3 ratio (~207 ppi density)",Android 4.0 (Ice Cream Sandwich),Mediatek MT6517,Dual-core 1.0 GHz Cortex-A9,PowerVR SGX531u,microSDHC (dedicated slot),,3.15 MP,Yes,,Yes,Yes,Wi-Fi 802.11 b/g/n,Yes,A-GPS only,FM radio,microUSB,Accelerometer,,Li-Ion 1500 mAh battery,Up to 250 h,Up to 6 h,White,,LED flash,1.3 MP,,,,,About 70 EUR,,,,,,,,,
spice,Spice Mi-422 Smartflo Pace,https://fdn2.gsmarena.com/vv/bigpic/spice-422.jpg,GSM,GSM 900 / 1800 - SIM 1 & SIM 2,Class 12,Class 12,"2013, May. Released 2013, May",Discontinued,126 x 63.8 x 10.9 mm (4.96 x 2.51 x 0.43 in),90 g (3.17 oz),Dual SIM (Mini-SIM),TFT capacitive touchscreen,"4.0 inches, 45.5 cm2 (~56.7% screen-to-body ratio)","480 x 800 pixels, 5:3 ratio (~233 ppi density)",Android 4.0 (Ice Cream Sandwich),Mediatek MT6515,1.0 GHz Cortex-A9,PowerVR SGX531,microSDHC (dedicated slot),,3.15 MP,Yes,,Yes,Yes,Wi-Fi 802.11 b/g/n,Yes,A-GPS only,FM radio,microUSB,Accelerometer,,"Li-Ion 1300 mAh, removable",Up to 190 h,Up to 4 h 30 min,White,,LED flash,1.3 MP,,,,,About 50 EUR,,,,,,,,,
spice,Spice Mi-353 Stellar Jazz,https://fdn2.gsmarena.com/vv/bigpic/spice-353.jpg,GSM / HSPA,GSM 900 / 1800 - SIM 1 & SIM 2,,,"2013, May. Released 2013, May",Discontinued,124.1 x 63.7 x 13.6 mm (4.89 x 2.51 x 0.54 in),135 g (4.76 oz),Dual SIM (Mini-SIM),TFT capacitive touchscreen,"3.5 inches, 36.5 cm2 (~46.1% screen-to-body ratio)","320 x 480 pixels, 3:2 ratio (~165 ppi density)",Android 2.3 (Gingerbread),,,,microSDHC (dedicated slot),,3.15 MP,Yes,,Yes,Yes,Wi-Fi 802.11 b/g/n,3.0,Yes,FM radio,microUSB,Accelerometer,,"Li-Ion 1500 mAh, removable",Up to 150 h,Up to 3 h 30 min,White,,LED flash,1.3 MP,,,HSDPA 2100,HSPA,About 40 EUR,,,,,,,,,
spice,Spice Mi-725 Stellar Slatepad,https://fdn2.gsmarena.com/vv/bigpic/spice-mi-725.jpg,GSM / HSPA,GSM 900 / 1800,,,"2013, May. Released 2013, May",Discontinued,194.4 x 124.5 x 12.2 mm (7.65 x 4.90 x 0.48 in),450 g (0.99 lb),Yes,Capacitive touchscreen,"7.0 inches, 137.9 cm2 (~57.0% screen-to-body ratio)","600 x 1024 pixels, 16:9 ratio (~170 ppi density)",Android 4.1 (Jelly Bean),,,,microSDHC (dedicated slot),,3.15 MP,Yes,,Yes,Yes,Wi-Fi 802.11 b/g/n,"4.0, A2DP","Yes, with A-GPS",FM radio,microUSB,Accelerometer,,"Li-Po 3000 mAh, non-removable",Up to 400 h,Up to 10 h,White,,,1.3 MP,,,HSDPA 2100,HSPA,About 120 EUR,,,,,,,,,
spice,Spice Mi-502 Smartflo Pace2,https://fdn2.gsmarena.com/vv/bigpic/spice-mi-502.jpg,GSM,GSM 900 / 1800 - SIM 1 & SIM 2,Class 12,Class 12,"2013, May. Released 2013, May",Discontinued,148 x 77.2 x 9.6 mm (5.83 x 3.04 x 0.38 in),185 g (6.53 oz),Dual SIM,Capacitive touchscreen,"5.0 inches, 71.2 cm2 (~62.3% screen-to-body ratio)","480 x 800 pixels, 5:3 ratio (~187 ppi density)",Android 4.0 (Ice Cream Sandwich),,,,microSDHC (dedicated slot),512MB,"5 MP, AF",Yes,,Yes,Yes,Wi-Fi 802.11 b/g/n,"4.0, A2DP",A-GPS only,FM radio,"microUSB 2.0, USB On-The-Go","Accelerometer, proximity",,"Li-Ion 2100 mAh, removable",Up to 288 h,Up to 4 h 20 min,"White, Blue",,Dual-LED flash,1.3 MP,,,,,About 100 EUR,,,,,,,,,
spice,Spice Mi-535 Stellar Pinnacle Pro,https://fdn2.gsmarena.com/vv/bigpic/spice-mi-535.jpg,GSM / HSPA,GSM 900 / 1800 / 1900 - SIM 1 & SIM 2,,,"2013, May. Released 2013, May",Discontinued,152 x 79 x 10.3 mm (5.98 x 3.11 x 0.41 in),196.3 g (6.91 oz),Dual SIM,IPS LCD capacitive touchscreen,"5.3 inches, 77.4 cm2 (~64.5% screen-to-body ratio)","540 x 960 pixels, 16:9 ratio (~208 ppi density)",Android 4.2 (Jelly Bean),Mediatek MT6589 (28 nm),Quad-core 1.2 GHz Cortex-A7,PowerVR SGX544,microSDHC (dedicated slot),16GB 1GB RAM,"8 MP, AF",Yes,,Yes,Yes,Wi-Fi 802.11 b/g/n,"4.0, A2DP","Yes, with A-GPS",FM radio,"microUSB 2.0, USB On-The-Go","Accelerometer, gyro, proximity, compass",,"Li-Po 2550 mAh, removable",Up to 700 h,Up to 4 h 12 min,Brown,,Dual-LED flash,5 MP,,,HSDPA 900 / 2100 - SIM 1 & SIM 2,HSPA,About 210 EUR,,,,,,,,,
spice,Spice Mi-530 Stellar Pinnacle,https://fdn2.gsmarena.com/vv/bigpic/Spice-Stellar-Pinnacle-Mi-530.jpg,GSM / HSPA,GSM 900 / 1800 - SIM 1 & SIM 2,,,"2013, January. Released 2013, February",Discontinued,152 x 79 x 10.3 mm (5.98 x 3.11 x 0.41 in),196.3 g (6.91 oz),Dual SIM (Mini-SIM),Capacitive touchscreen,"5.3 inches, 77.4 cm2 (~64.5% screen-to-body ratio)","540 x 960 pixels, 16:9 ratio (~208 ppi density)","Android 4.0 (Ice Cream Sandwich), upgradable to 4.1 (Jelly Bean)",,,,microSDHC (dedicated slot),16GB 1GB RAM,"8 MP, AF",Yes,,Yes,Yes,Wi-Fi 802.11 b/g/n,"4.0, A2DP","Yes, with A-GPS",FM radio,"microUSB 2.0, USB On-The-Go","Accelerometer, proximity, compass",,"Li-Ion 2550 mAh, removable",Up to 700 h,Up to 4 h 12 min,Black,,LED flash,5 MP,,,HSDPA 2100 - SIM 1 & SIM 2,HSPA,About 190 EUR,,,,,,,,,
spice,Spice Mi-1010 Stellar Pad,https://fdn2.gsmarena.com/vv/bigpic/spice-mi-1010.jpg,No cellular connectivity,N/A,No,No,"2013, January. Released 2013, January",Discontinued,-,-,No,IPS LCD capacitive touchscreen,"10.0 inches, 290.0 cm2","1280 x 800 pixels, 16:10 ratio (~151 ppi density)",Android 4.1 (Jelly Bean),,,,microSDHC (dedicated slot),,3.15 MP,Yes,HDMI port,Yes,Yes,Wi-Fi 802.11 b/g/n,No,No,No,microUSB,Accelerometer,,"Li-Po 7600 mAh, non-removable",,,Silver,,,VGA,,,,,About 180 EUR,,,,,,,,,
spice,Spice Mi-495 Stellar Virtuoso,https://fdn2.gsmarena.com/vv/bigpic/spice-mi-495.jpg,GSM / HSPA,GSM 900 / 1800 - SIM 1 & SIM 2,,,"2013, January. Released 2013, January",Discontinued,-,-,Dual SIM (Mini-SIM),Capacitive touchscreen,"4.5 inches, 55.8 cm2","540 x 960 pixels, 16:9 ratio (~245 ppi density)",Android 4.0 (Ice Cream Sandwich),,,,microSDHC (dedicated slot),,"8 MP, AF",Yes,,Yes,Yes,Wi-Fi 802.11 b/g/n,"4.0, A2DP","Yes, with A-GPS",FM radio,microUSB,"Accelerometer, proximity",,Li-Ion 1700 mAh battery,,,Black/Silver,,LED flash,1.3 MP,,,HSDPA 2100,HSPA,About 150 EUR,,,,,,,,,
spice,Spice Mi-500 Stellar Horizon,https://fdn2.gsmarena.com/vv/bigpic/spice-mi-500-stellar-horizon.jpg,GSM / HSPA,GSM 850 / 900 / 1800 / 1900 - SIM 1 & SIM 2,,,"2012, September. Released 2012, October",Discontinued,143 x 77.4 x 10.5 mm (5.63 x 3.05 x 0.41 in),205 g (7.23 oz),"Dual SIM (Mini-SIM, dual stand-by)",TFT capacitive touchscreen,"5.0 inches, 71.2 cm2 (~64.3% screen-to-body ratio)","480 x 800 pixels, 5:3 ratio (~187 ppi density)",Android 4.0 (Ice Cream Sandwich),Mediatek MT6577 (40 nm),Dual-core 1.0 GHz Cortex-A9,PowerVR SGX531u,microSDHC (dedicated slot),4GB 512MB RAM,"5 MP, AF",Yes,MP4/WMV/H.263 player MP3/WAV/AAC+ player Document viewer Photo/video editor,Yes,Yes,"Wi-Fi 802.11 b/g/n, hotspot",Yes,"Yes, with A-GPS",FM radio,Proprietary,"Accelerometer, proximity",,"Li-Ion 2400 mAh, removable",Up to 200 h,Up to 6 h,White,,Dual-LED flash,VGA,,,HSDPA 2100,HSPA 7.2/5.76 Mbps,About 180 EUR,,,,,,,,,
spice,Spice Mi-285 Stellar,https://fdn2.gsmarena.com/vv/bigpic/spice-stellar-mi-285.jpg,GSM / HSPA,GSM 900 / 1800 - SIM 1 & SIM 2,,,"2012, June. Released 2012, June",Discontinued,116.5 x 58.4 x 12.7 mm (4.59 x 2.30 x 0.5 in),79 g (2.79 oz),Dual SIM (Mini-SIM),"TFT capacitive touchscreen, 256K colors","2.8 inches, 24.3 cm2 (~35.7% screen-to-body ratio)","240 x 320 pixels, 4:3 ratio (~143 ppi density)",Android 2.3 (Gingerbread),Mediatek MT6573 (65 nm),650 MHz Cortex-A9,PowerVR SGX531,microSDHC (dedicated slot),,3.15 MP,Yes,No,Yes,,Wi-Fi 802.11 b/g/n,Yes,Yes,Wireless FM radio (no wired headphones required),Proprietary,,,"Li-Ion 1400 mAh, removable",Up to 480 h,Up to 6 h,Black,,,,,,HSDPA 2100 - SIM 1 only,"Yes, 384 kbps",About 60 EUR,QWERTY,,,,,,,,
spice,Spice M-5665 T2,https://fdn2.gsmarena.com/vv/bigpic/spice-t2-m-5665.jpg,GSM,GSM 900 / 1800 - SIM 1 & SIM 2,Yes,No,"2012, April. Released 2012, April",Discontinued,112.8 x 60.5 x 12.8 mm (4.44 x 2.38 x 0.50 in),89 g (3.14 oz),Dual SIM (Mini-SIM),"TFT touchscreen, 56K colors","2.6 inches, 20.9 cm2 (~30.7% screen-to-body ratio)","240 x 320 pixels, 4:3 ratio",,,,,microSDHC (dedicated slot),,1.3 MP,Yes,No,Yes,,No,Yes,No,FM radio,Proprietary,,,"Li-Ion 1200 mAh, removable",Up to 500 h,Up to 6 h,White,,,,,,,,About 30 EUR,,1500 entries,Yes,Yes,Downloadable,No,,,
spice,Spice M-5566 Flo Entertainer,https://fdn2.gsmarena.com/vv/bigpic/spice-flo-entertainer-m-5566.jpg,GSM,GSM 900 / 1800 - SIM 1 & SIM 2,No,No,"2012, September. Released 2012, September",Discontinued,104 x 54 x 12.4 mm (4.09 x 2.13 x 0.49 in),65.2 g (2.29 oz),Dual SIM (Mini-SIM),"TFT touchscreen, 56K colors","2.8 inches, 24.3 cm2 (~43.2% screen-to-body ratio)","240 x 320 pixels, 4:3 ratio (~143 ppi density)",,,,,microSDHC (dedicated slot),,VGA,Yes,No,Yes,,No,Yes,No,Wireless FM radio (no wired headphones required),Proprietary,,,"Li-Ion 1000 mAh, removable",Up to 500 h,Up to 3 h 20 min,White,,,,,,,,About 30 EUR,,250 entries,Yes,Yes,Downloadable,No,,,
spice,Spice M-5900 Flo TV Pro,https://fdn2.gsmarena.com/vv/bigpic/spice-flo-tv-pro.jpg,GSM,GSM 900 / 1800 - SIM 1 & SIM 2,Yes,No,"2012, August. Released 2012, August",Discontinued,114 x 62 x 13.6 mm (4.49 x 2.44 x 0.54 in),70 g (2.47 oz),Dual SIM (Mini-SIM),"TFT touchscreen, 256K colors","3.5 inches, 36.5 cm2 (~51.6% screen-to-body ratio)","320 x 480 pixels, 3:2 ratio (~165 ppi density)",,,,,microSDHC (dedicated slot),,1.3 MP,Yes,No,Yes,,No,Yes,No,"FM radio, recording",Proprietary,,,"Li-Ion 1000 mAh, removable",Up to 200 h,Up to 3 h 30 min,Black,,,,,,,,About 40 EUR,,500 entries,Yes,Yes,Downloadable,Yes,,,
spice,Spice M-6688 Flo Magic,https://fdn2.gsmarena.com/vv/bigpic/spice-flo-magic.jpg,GSM,GSM 900 / 1800 - SIM 1 & SIM 2,Yes,Yes,"2012, June. Released 2012, June",Discontinued,111.7 x 55 x 12.9 mm (4.40 x 2.17 x 0.51 in),80 g (2.82 oz),Dual SIM (Mini-SIM),"TFT capacitive touchscreen, 256K colors","3.2 inches, 29.1 cm2 (~47.4% screen-to-body ratio)","240 x 400 pixels, 5:3 ratio (~146 ppi density)",,,,,microSDHC (dedicated slot),,3.15 MP,Yes,No,Yes,,Wi-Fi 802.11 b/g/n,Yes,No,"FM radio, recording",Proprietary,,,"Li-Ion 1000 mAh, removable",Up to 340 h,Up to 4 h,Black,,,,,,,,About 50 EUR,,Yes,Yes,Yes,Downloadable,Yes,,,
spice,Spice M-5460 Flo,https://fdn2.gsmarena.com/vv/bigpic/spice-m-5460.jpg,GSM,GSM 900 / 1800 - SIM 1 & SIM 2,Yes,No,"2012, January. Released 2012, January",Discontinued,96 x 54 x 13.5 mm (3.78 x 2.13 x 0.53 in),63 g (2.22 oz),Dual SIM (Mini-SIM),"TFT touchscreen, 56K colors","2.6 inches, 20.9 cm2 (~40.4% screen-to-body ratio)","240 x 320 pixels, 4:3 ratio (~154 ppi density)",,,,,microSDHC (dedicated slot),,Yes,Yes,No,Yes,,No,Yes,No,FM radio,Proprietary,,,"Li-Ion 1000 mAh, removable",Up to 200 h,Up to 3 h 20 min,Black,,LED flash,,,,,,About 30 EUR,,250 entries,Yes,Yes,Downloadable,No,,,
spice,Spice M-5455 Flo,https://fdn2.gsmarena.com/vv/bigpic/spice-m-5455.jpg,GSM,GSM 900 / 1800 - SIM 1 & SIM 2,Yes,No,"2011, November. Released 2011, November",Discontinued,93.6 x 51.6 x 13.7 mm (3.69 x 2.03 x 0.54 in),80 g (2.82 oz),Dual SIM (Mini-SIM),"TFT touchscreen, 56K colors","2.4 inches, 17.8 cm2 (~36.9% screen-to-body ratio)","240 x 320 pixels, 4:3 ratio (~167 ppi density)",,,,,microSDHC (dedicated slot),,1.3 MP,Yes,No,Yes,,No,Yes,No,FM radio,Proprietary,,,"Li-Ion 950 mAh, removable",Up to 200 h,Up to 3 h 30 min,Black,,,,,,,,About 30 EUR,,1000 entries,Yes,Yes,Downloadable,Yes,,,
spice,Spice M-5365 Boss Killer,https://fdn2.gsmarena.com/vv/bigpic/spice-boss-killer.jpg,GSM,GSM 900 / 1800 - SIM 1 & SIM 2,Yes,No,"2012, August. Released 2012, August",Discontinued,118 x 53 x 15 mm (4.65 x 2.09 x 0.59 in),101 g (3.56 oz),Dual SIM (Mini-SIM),"TFT, 65K colors","2.4 inches, 17.8 cm2 (~28.5% screen-to-body ratio)","240 x 320 pixels, 4:3 ratio (~167 ppi density)",,,,,microSDHC (dedicated slot),,1.3 MP,Yes,No,Yes,No,No,Yes,No,FM radio,No,,,"Li-Ion 1800 mAh, removable",Up to 650 h,Up to 8 h,Black,,,,,,,,About 20 EUR,,Yes,Yes,Yes,Downloadable,No,,,
spice,Spice M-5400 Boss TV,https://fdn2.gsmarena.com/vv/bigpic/spice-boss-tv.jpg,GSM,GSM 900 / 1800 - SIM 1 & SIM 2,Yes,No,"2012, September. Released 2012, September",Discontinued,123 x 57 x 14.5 mm (4.84 x 2.24 x 0.57 in),113 g (3.99 oz),Dual SIM (Mini-SIM),"TFT, 256K colors","2.8 inches, 24.3 cm2 (~34.6% screen-to-body ratio)","240 x 320 pixels, 4:3 ratio (~143 ppi density)",,,,,microSDHC (dedicated slot),,1.3 MP,Yes,No,Yes,No,No,Yes,No,Wireless FM radio (no wired headphones required),Proprietary,,,"Li-Ion 1800 mAh, removable",Up to 360 h,Up to 6 h,Black,,,,,,,,About 30 EUR,,250 entries,Yes,Yes,Downloadable,No,,,
spice,Spice M-5200 Boss Don,https://fdn2.gsmarena.com/vv/bigpic/spice-boss-don.jpg,GSM,GSM 900 / 1800 - SIM 1 & SIM 2,No,No,"2012, August. Released 2012, August",Discontinued,113 x 47.2 x 16.5 mm (4.45 x 1.86 x 0.65 in),70 g (2.47 oz),Dual SIM (Mini-SIM),"TFT, 65K colors","2.0 inches, 12.6 cm2 (~23.6% screen-to-body ratio)",176 x 220 pixels (~141 ppi density),,,,,microSDHC (dedicated slot),,1.3 MP,Yes,No,Yes,No,No,Yes,No,FM radio,Proprietary,,,"Li-Ion 1800 mAh, removable",Up to 600 h,Up to 8 h,Black,,,,,,,,About 20 EUR,,170 entries,Yes,Yes,Downloadable,No,,,
spice,Spice M-5390 Boss Double XL,https://fdn2.gsmarena.com/vv/bigpic/spice-boss-dooble-excel.jpg,GSM,GSM 900 / 1800 - SIM 1 & SIM 2,No,No,"2012, August. Released 2012, August",Discontinued,118.8 x 52.5 x 14.9 mm (4.68 x 2.07 x 0.59 in),70 g (2.47 oz),Dual SIM (Mini-SIM),"TFT, 65K colors","2.6 inches, 20.9 cm2 (~33.6% screen-to-body ratio)","240 x 320 pixels, 4:3 ratio (~154 ppi density)",,,,,microSDHC (dedicated slot),,1.3 MP,Yes,No,Yes,No,No,Yes,No,FM radio; built-in antenna,Proprietary,,,"Li-Ion 2200 mAh, removable",Up to 700 h,Up to 10 h,Black,,,,,,,,About 30 EUR,,500 entries,Yes,Yes,Downloadable,No,,,
spice,Spice M-5250 Boss Item,https://fdn2.gsmarena.com/vv/bigpic/spice-boss-itom.jpg,GSM,GSM 900 / 1800 - SIM 1 & SIM 2,Yes,No,"2012, June. Released 2012, June",Discontinued,114.8 x 47.5 x 14.8 mm (4.52 x 1.87 x 0.58 in),95 g (3.35 oz),Dual SIM (Mini-SIM),"TFT, 65K colors","2.2 inches, 15.2 cm2 (~27.9% screen-to-body ratio)",176 x 220 pixels,,,,,microSDHC (dedicated slot),,1.3 MP,Yes,No,Yes,No,No,Yes,No,FM radio,Proprietary,,,"Li-Ion 1500 mAh, removable",Up to 350 h,Up to 8 h,White,,,,,,,,About 20 EUR,,200 entries,Yes,Yes,Downloadable,No,,,
spice,Spice M-5363 Boss,https://fdn2.gsmarena.com/vv/bigpic/spice-boss-champion.jpg,GSM,GSM 900 / 1800 - SIM 1 & SIM 2,No,No,"2012, June. Released 2012, June",Discontinued,100 x 60.6 x 13 mm (3.94 x 2.39 x 0.51 in),102 g (3.60 oz),Dual SIM (Mini-SIM),"TFT, 256K colors","2.4 inches, 17.8 cm2 (~29.4% screen-to-body ratio)","240 x 320 pixels, 4:3 ratio (~167 ppi density)",,,,,microSDHC (dedicated slot),,1.3 MP,Yes,No,Yes,No,No,Yes,No,"FM radio, recording",Proprietary,,,"Li-Ion 1800 mAh, removable",Up to 400 h,Up to 9 h,Black,,,,,,,,About 20 EUR,,Practically unlimited entries,Yes,Yes,Downloadable,No,,,
spice,Spice Mi-355 Stellar Craze,https://fdn2.gsmarena.com/vv/bigpic/spice-mi-355.jpg,GSM / HSPA,GSM 900 / 1800 - SIM 1 & SIM 2,,,"2012, August. Released 2012, August",Discontinued,118 x 62 x 11.5 mm (4.65 x 2.44 x 0.45 in),80 g (2.82 oz),Dual SIM (Mini-SIM),"TFT capacitive touchscreen, 256K colors","3.5 inches, 36.5 cm2 (~49.9% screen-to-body ratio)","320 x 480 pixels, 3:2 ratio (~165 ppi density)","Android 2.3 (Gingerbread), upgradable to 4.0 (Ice Cream Sandwich)",Mediatek MT6573 (65 nm),800 MHz Cortex-A9,PowerVR SGX531,microSDHC (dedicated slot),140MB 512MB RAM,5 MP,Yes,MP4/WMV/H.263 player MP3/WAV/AAC+ player Organizer Photo/video editor Voice memo Predictive text input,Yes,Yes,Wi-Fi 802.11 b/g/n,Yes,Yes,FM radio,Proprietary,"Accelerometer, proximity",,Removable Li-Ion 1420 mAh battery,Up to 192 h,Up to 4 h,White,,LED flash,VGA,,,HSDPA 900 / 2100,HSPA,About 100 EUR,,,,,,,,,
spice,Spice Mi-425 Stellar,https://fdn2.gsmarena.com/vv/bigpic/spice-mi-425-stellar.jpg,GSM / HSPA,GSM 900 / 1800,,,"2012, June. Released 2012, June",Discontinued,125 x 63.5 x 12.5 mm (4.92 x 2.5 x 0.49 in),110 g (3.88 oz),Mini-SIM,"TFT capacitive touchscreen, 256K colors","4.0 inches, 45.5 cm2 (~57.4% screen-to-body ratio)","480 x 800 pixels, 5:3 ratio (~233 ppi density)","Android 2.3 (Gingerbread), upgradable to 4.0 (Ice Cream Sandwich)",,1.0 GHz,,microSDHC (dedicated slot),149MB,"5 MP, AF",Yes,MP4/WMV/H.263 player MP3/WAV/AAC+ player Organizer Document viewer Photo/video editor Voice memo Predictive text input,Yes,Yes,"Wi-Fi 802.11 b/g, hotspot",Yes,"Yes, with A-GPS",FM radio,Proprietary,"Accelerometer, proximity, compass",,Removable Li-Ion 2000 mAh battery,,,White/Black,0.36 W/kg (head),LED flash,VGA,,,HSDPA 2100,HSPA,About 90 EUR,,,,,,,,,
spice,Spice M-6868N FLO ME,https://fdn2.gsmarena.com/vv/bigpic/spice-flo-me.jpg,GSM,GSM 900 / 1800,Yes,Yes,"2012, Q2",Discontinued,116 x 60.9 x 12.8 mm (4.57 x 2.40 x 0.50 in),87.3 g (3.07 oz),Mini-SIM,"TFT capacitive touchscreen, 256K colors","3.5 inches, 36.5 cm2 (~51.6% screen-to-body ratio)","320 x 480 pixels, 3:2 ratio (~165 ppi density)",,,,,microSDHC (dedicated slot),44MB,3.2 MP,Yes,No,Yes,Yes,Wi-Fi 802.11 b/g,2.0,No,"FM radio, recording",microUSB,Accelerometer,SNS integration MP4/H.263 player MP3/AAC+ player Organizer Voice memo Predictive text input,Removable Li-Ion 1150 mAh battery,,,Black,,,,,,,,About 50 EUR,,"2000 entries, Photocall",Yes,"SMS, MMS, Email, Push Email, IM",Downloadable,,0.85 W/kg (head),,
spice,Spice M-5600 FLO TV,https://fdn2.gsmarena.com/vv/bigpic/spice-flo-tv.jpg,GSM,GSM 900 / 1800,Yes,No,"2012, Q2",Discontinued,112.8 x 60.5 x 12.8 mm (4.44 x 2.38 x 0.50 in),110 g (3.88 oz),Mini-SIM,TFT touchscreen,"3.2 inches, 31.7 cm2 (~46.5% screen-to-body ratio)","240 x 320 pixels, 4:3 ratio (~125 ppi density)",,,,,microSDHC (dedicated slot),,1.3 MP,Yes,No,Yes,TBD,No,2.0,No,"FM radio, recording",microUSB,,SNS integration Analog TV MP4/H.263 player MP3/AAC+ player Organizer Voice memo Predictive text input,Removable Li-Ion 1200 mAh battery,,,"Black, White",,,,,,,,About 30 EUR,,"2000 entries, Photocall",Yes,"SMS, MMS",Downloadable,,0.76 W/kg (head),,
spice,Spice Mi-280,https://fdn2.gsmarena.com/vv/bigpic/spice-mobile-mi-280.jpg,GSM / HSPA,GSM 900 / 1800 - SIM 1 & SIM 2,,,"2012, February. Released 2012, February",Discontinued,105.5 x 57 x 12.9 mm (4.15 x 2.24 x 0.51 in),96 g (3.39 oz),Dual SIM (Mini-SIM),TFT capacitive touchscreen,"2.8 inches, 24.3 cm2 (~40.4% screen-to-body ratio)","240 x 320 pixels, 4:3 ratio (~143 ppi density)",Android 2.3 (Gingerbread),Mediatek MT6573 (65 nm),650 MHz Cortex-A9,PowerVR SGX531,microSDHC (dedicated slot),134MB,3.15 MP,Yes,MP4/H.263 player MP3/AAC+ player Organizer Voice memo Predictive text input,Yes,Yes,Wi-Fi 802.11 b/g,"2.1, A2DP","Yes, with A-GPS",FM radio,microUSB 2.0,"Accelerometer, proximity, compass",,Removable Li-Ion 1000 mAh battery,Up to 200 h,Up to 3 h 20 min,Black,,,VGA,,,HSDPA 2100,HSPA,About 70 EUR,,,,,,,,,
spice,Spice Mi-350,https://fdn2.gsmarena.com/vv/bigpic/spice-mi-350.jpg,GSM / HSPA,GSM 900 / 1800 / 1900 - SIM 1 & SIM 2,,,"2011, Q3. Released 2011, October",Discontinued,118 x 60 x 13.4 mm (4.65 x 2.36 x 0.53 in),134 g (4.76 oz),Dual SIM (Mini-SIM),TFT capacitive touchscreen,"3.5 inches, 36.5 cm2 (~51.5% screen-to-body ratio)","320 x 480 pixels, 3:2 ratio (~165 ppi density)",Android 2.3 (Gingerbread),Mediatek MT6573 (65 nm),650 MHz Cortex-A9,PowerVR SGX531,microSDHC (dedicated slot),188MB,3.15 MP,Yes,MP4/H.263 player MP3/AAC+ player Organizer Voice memo Predictive text input,Yes,Yes,"Wi-Fi 802.11, hotspot","2.1, A2DP","Yes, with A-GPS",FM radio,2.0,"Accelerometer, proximity",,Removable Li-Ion 1500 mAh battery,Up to 200 h,Up to 3 h,Black,,,VGA,,,HSDPA 900 / 2100,HSPA 7.2/5.76 Mbps,About 100 EUR,,,,,,,,,
spice,Spice M-6900 Knight,https://fdn2.gsmarena.com/vv/bigpic/spice-mi-6900-knight.jpg,GSM,GSM 900 / 1800 / 1900 - SIM 1 & SIM 2,Yes,Yes,2011,Discontinued,116 x 62.5 x 11.6 mm (4.57 x 2.46 x 0.46 in),167 g (5.89 oz),Dual SIM (Mini-SIM),TFT touchscreen,"3.46 inches, 35.6 cm2 (~49.2% screen-to-body ratio)","320 x 480 pixels, 3:2 ratio (~167 ppi density)",,,,,microSDHC (dedicated slot),39MB,3.15 MP,Yes,No,Yes,Yes,Wi-Fi 802.11 b/g/n,"2.0, A2DP",No,"FM radio, recording",2.0,Proximity,SRS audio,Removable Li-Ion 1400 mAh battery,Up to 432 h,Up to 9 h 25 min,Black,,,,,,,,About 80 EUR,,2000 entries,Yes,"SMS(threaded view), MMS, Email, IM",Downloadable,Yes,,SNS integration MP4/H.263 player MP3/AAC+ player Organizer Voice memo Predictive text input,
spice,Spice M-6868,https://fdn2.gsmarena.com/vv/bigpic/spice-mi-6868.jpg,GSM,GSM 900 / 1800 - SIM 1 & SIM 2,Yes,Yes,2011,Discontinued,114.5 x 63 x 12 mm (4.51 x 2.48 x 0.47 in),91 g (3.21 oz),Dual SIM (Mini-SIM),TFT touchscreen,"3.44 inches, 35.2 cm2 (~48.8% screen-to-body ratio)","320 x 480 pixels, 3:2 ratio (~168 ppi density)",,,,,microSDHC (dedicated slot),55MB,3.15 MP,Yes,No,Yes,No,Wi-Fi 802.11 b/g/n,"2.1, A2DP",No,"FM radio, recording",2.0,,MP4/H.263 player MP3/AAC+ player Organizer Voice memo Predictive text input,Removable Li-Ion 1200 mAh battery,Up to 450 h,Up to 4 h 30 min,Black,,,,,,,,About 50 EUR,,1500 entries,Yes,"SMS(threaded view), MMS, Email, IM",Downloadable,Yes,,,
spice,Spice M-6700,https://fdn2.gsmarena.com/vv/bigpic/spice-mi-6700.jpg,GSM,GSM 900 / 1800,Yes,Yes,2011,Discontinued,111 x 54 x 13.2 mm (4.37 x 2.13 x 0.52 in),100 g (3.53 oz),Mini-SIM,TFT touchscreen,"3.14 inches, 28.1 cm2 (~46.8% screen-to-body ratio)","240 x 400 pixels, 5:3 ratio (~149 ppi density)",,,,,microSDHC (dedicated slot),45MB,3.15 MP,Yes,No,Yes,Yes,Wi-Fi 802.11 b/g/n,"2.0, A2DP",No,"FM radio, recording",2.0,,SRS audio,Removable Li-Ion 1000 mAh battery,Up to 234 h,Up to 8 h 13 min,Cappuccino,,,,,,,,About 40 EUR,,2000 entries,Yes,"SMS(threaded view), MMS, Email, IM",Downloadable,Yes,,MP4/H.263 player MP3/AAC+ player Organizer Voice memo Predictive text input,
spice,Spice M-9000 Popkorn,https://fdn2.gsmarena.com/vv/bigpic/spice-m-9000-popkorn.jpg,GSM,GSM 850 / 900 / 1800 / 1900 - SIM 1 & SIM 2,Yes,Yes,2011,Discontinued,119.2 x 50.3 x 17.4 mm (4.69 x 1.98 x 0.69 in),123 g (4.34 oz),Dual SIM (Mini-SIM),"TFT, 256K colors","2.36 inches, 17.2 cm2 (~28.8% screen-to-body ratio)","240 x 320 pixels, 4:3 ratio (~169 ppi density)",,,,,microSDHC (dedicated slot),87MB,3.15 MP,Yes,No,Yes,,No,"2.1, A2DP",No,"FM radio, recording; built-in antenna",2.0,,Analog TV Pocket Projector Laser Pointer MP4/H.263 player MP3/AAC+ player Organizer Document viewer Voice memo Predictive text input,Removable Li-Ion 1200 mAh battery,Up to 300 h,Up to 3 h 30 min,Black/Silver,,,,,,,,About 60 EUR,,1500 entries,Yes,"SMS, MMS, Email",Downloadable,Yes,,,
spice,Spice M-6450,https://fdn2.gsmarena.com/vv/bigpic/spice-m-6450.jpg,GSM,GSM 900 / 1800 - SIM 1 & SIM 2,Yes,No,2011,Discontinued,114 x 49 x 10.8 mm (4.49 x 1.93 x 0.43 in),101 g (3.56 oz),Dual SIM (Mini-SIM),TFT,"2.36 inches, 17.2 cm2 (~30.9% screen-to-body ratio)","240 x 320 pixels, 4:3 ratio (~169 ppi density)",,,,,microSDHC (dedicated slot),45MB,2 MP,Yes,No,Yes,Yes,No,"2.0, A2DP",No,FM radio,2.0,,SRS audio,Removable Li-Ion 950 mAh battery,Up to 200 h,Up to 6 h 40 min,Black,,,,,,,,About 40 EUR,,500 entries,Yes,"SMS(threaded view), MMS",Downloadable,Yes,,MP4/H.263 player MP3/AAC+ player Organizer Voice memo Predictive text input,
spice,Spice M-5750,https://fdn2.gsmarena.com/vv/bigpic/spice-m-5750.jpg,GSM,GSM 900 / 1800 - SIM 1 & SIM 2,Yes,No,2011,Discontinued,112 x 50 x 12 mm (4.41 x 1.97 x 0.47 in),96 g (3.39 oz),Dual SIM (Mini-SIM),TFT resistive touchscreen,"2.76 inches, 23.6 cm2 (~42.1% screen-to-body ratio)","240 x 320 pixels, 4:3 ratio (~145 ppi density)",,,,,microSDHC (dedicated slot),8MB,1.3 MP,Yes,No,Yes,Yes,No,"2.0, A2DP",No,"FM radio, recording",microUSB,,MP4/H.263 player MP3/AAC+ player Organizer Voice memo Predictive text input,Removable Li-Ion 1000 mAh battery,Up to 500 h,Up to 5 h,Black,,,,,,,,About 40 EUR,,1000 entries,Yes,"SMS(threaded view), MMS, Email",Downloadable,Yes,,,
spice,Spice M-5350,https://fdn2.gsmarena.com/vv/bigpic/spice-m-5350.jpg,GSM,GSM 900 / 1800 - SIM 1 & SIM 2,No,No,2011,Discontinued,104.8 x 56 x 13.2 mm (4.13 x 2.20 x 0.52 in),60 g (2.12 oz),Dual SIM (Mini-SIM),TFT,"2.36 inches, 17.2 cm2 (~29.4% screen-to-body ratio)","240 x 320 pixels, 4:3 ratio (~169 ppi density)",,,,,microSDHC (dedicated slot),,VGA,Yes,No,Yes,,No,"2.0, A2DP",No,"FM radio, recording",No,,MP3/MP4/H.263 player,Removable Li-Ion 1000 mAh battery,Up to 300 h,Up to 3 h 30 min,"Gray, Red",,,,,,,,About 30 EUR,,500 entries,Yes,SMS(threaded view),Downloadable,No,,,
spice,Spice M-5180,https://fdn2.gsmarena.com/vv/bigpic/spice-m-5180.jpg,GSM,GSM 900 / 1800 - SIM 1 & SIM 2,Yes,No,2011,Discontinued,105.7 x 46.5 x 15.2 mm (4.16 x 1.83 x 0.60 in),90 g (3.17 oz),Dual SIM (Mini-SIM),TFT,"1.77 inches, 9.9 cm2 (~20.1% screen-to-body ratio)",128 x 160 pixels (~116 ppi density),,,,,microSDHC (dedicated slot),,VGA,Yes,No,Yes,No,No,1.2,No,"FM radio, recording",No,,MP3/MP4/H.263 player,Removable Li-Ion 1800 mAh battery,Up to 500 h,Up to 5 h,Black/Gold,,,,,,,,About 30 EUR,,500 entries,Yes,"SMS(threaded view), MMS",Downloadable,No,,,
spice,Spice M-5115,https://fdn2.gsmarena.com/vv/bigpic/spice-m-5115.jpg,GSM,GSM 900 / 1800 - SIM 1 & SIM 2,No,No,2011,Discontinued,-,44.8 g without battery (1.55 oz),Dual SIM (Mini-SIM),TFT,"1.77 inches, 9.9 cm2",128 x 160 pixels (~116 ppi density),,,,,microSDHC (dedicated slot),,VGA,No,Flashlight,Yes,No,No,"2.1, A2DP",No,"FM radio, recording",microUSB,,No,Removable Li-Ion 1000 mAh battery,Up to 500 h,Up to 4 h,"Black/Red, Black",,,,,,,,About 20 EUR,,500 entries,Yes,SMS(threaded view),Downloadable,No,,MP3/MP4/H.263 player,
spice,Spice M-4262,https://fdn2.gsmarena.com/vv/bigpic/spice-m-4262.jpg,GSM,GSM 900 / 1800 - SIM 1 & SIM 2,No,No,2011,Discontinued,-,44.8 g without battery (1.55 oz),Dual SIM (Mini-SIM),TFT,"1.77 inches, 9.9 cm2",128 x 160 pixels (~116 ppi density),,,,,microSDHC (dedicated slot),,,No,Flashlight,Yes,No,No,No,No,"FM radio, recording",microUSB,,No,Removable Li-Ion 1000 mAh battery,Up to 500 h,Up to 4 h,Black,,,,,,,,About 10 EUR,,500 entries,Yes,SMS(threaded view),Downloadable,No,,MP3/MP4/H.263 player,
spice,Spice Mi-720,https://fdn2.gsmarena.com/vv/bigpic/spice-mi720.jpg,GSM / HSPA,GSM 850 / 900 / 1800 / 1900,,,"2011, Q2",Discontinued,200 x 116.5 x 12.5 mm (7.87 x 4.59 x 0.49 in),485 g (1.07 lb),Mini-SIM,"TFT capacitive touchscreen, 256K colors","7.0 inches, 139.5 cm2 (~59.9% screen-to-body ratio)","480 x 800 pixels, 5:3 ratio (~133 ppi density)",Android 2.2 (Froyo),,800 MHz Scorpion,Adreno 200,microSDHC (dedicated slot),"256MB RAM, 512MB",2 MP,@24fps,HDMI output MP4/WMV/H.263 player MP3/WAV/AAC+ player Organizer Document viewer Photo/video editor Voice memo Predictive text input,Yes,Yes,"Wi-Fi 802.11 b/g, hotspot","2.1, A2DP, EDR","Yes, with A-GPS",No,microUSB,"Accelerometer, compass",,Non-removable Li-Ion 4200 mAh battery,Up to 450 h,Up to 20 h,White,,,VGA,,,HSDPA 850 / 2100,HSPA,About 170 EUR,,,,,,,,,
spice,Spice M-6800 FLO,https://fdn2.gsmarena.com/vv/bigpic/Spice-Mobile-M-6800-FLO.jpg,GSM,GSM 900 / 1800,Yes,Yes,"2011, May. Released 2011, May",Discontinued,107.8 x 53.6 x 12.5 mm (4.24 x 2.11 x 0.49 in),91 g (3.21 oz),Mini-SIM,TFT touchscreen,"3.14 inches, 28.1 cm2 (~48.6% screen-to-body ratio)","240 x 400 pixels, 5:3 ratio (~149 ppi density)",,,,,microSDHC (dedicated slot),44MB,3.15 MP,Yes,No,Yes,Yes,Wi-Fi 802.11 b/g,"2.1, A2DP",No,"FM radio, recording",2.0,,SNS integration MP4/H.263 player MP3/AAC+ player Organizer Voice memo Predictive text input,Removable Li-Ion 1000 mAh battery,Up to 250 h,Up to 4 h,"Turquoise Blue, Jet Black, Spice Yellow",,,,,,,,About 40 EUR,,"1000 entries, Photocall",Yes,"SMS(threaded view), MMS, Email, IM",Downloadable,Yes,,,
spice,Spice Mi-410,https://fdn2.gsmarena.com/vv/bigpic/spice-mi-410.jpg,GSM / HSPA,GSM 850 / 900 / 1800 / 1900,,,"2011, Q2. Released 2011, Q2",Discontinued,122 x 66 x 10 mm (4.80 x 2.60 x 0.39 in),143 g (5.04 oz),Mini-SIM,"TFT capacitive touchscreen, 256K colors","4.03 inches, 46.2 cm2 (~57.4% screen-to-body ratio)","480 x 800 pixels, 5:3 ratio (~232 ppi density)",Android 2.2 (Froyo),Qualcomm MSM8255 Snapdragon S2,1.0 GHz Scorpion,Adreno 205,microSDHC (dedicated slot),800MB 512MB RAM,"5 MP, AF",720p@30fps,HDMI output MP4/WMV/H.263 player MP3/WAV/AAC+ player Organizer Document viewer Photo/video editor Voice memo Predictive text input,Yes,Yes,"Wi-Fi 802.11 b/g, hotspot","2.0, A2DP, EDR","Yes, with A-GPS","FM radio, recording",microUSB,"Accelerometer, proximity, compass",,Removable Li-Ion 1400 mAh battery,Up to 400 h (2G) / Up to 380 h (3G),Up to 2 h 20 min (2G) / Up to 4 h (3G),"Silver, Brown",0.62 W/kg (head),LED flash,Yes,,,HSDPA 900 / 1900 / 2100,HSPA 14.4/5.76 Mbps,About 210 EUR,,,,,,,,,
spice,Spice Mi-270,https://fdn2.gsmarena.com/vv/bigpic/spice-mi-270.jpg,GSM,GSM 900 / 1800 - SIM1 & SIM 2,Yes,Yes,"2011, May. Released 2011, May",Discontinued,104 x 55 x 12.6 mm (4.09 x 2.17 x 0.50 in),-,"Dual SIM (Mini-SIM, dual stand-by)",TFT touchscreen,"2.8 inches, 24.3 cm2 (~42.4% screen-to-body ratio)","240 x 320 pixels, 4:3 ratio (~143 ppi density)",Android 2.2 (Froyo),Mediatek MT6516,416 MHz,,microSDHC (dedicated slot),,2 MP,Yes,No,Yes,Yes,"Wi-Fi 802.11 b/g, hotspot","2.1, A2DP, EDR","Yes, with A-GPS",FM radio,Proprietary,,MP4/H.263 player MP3/AAC+ player Organizer Voice memo Predictive text input,Removable Li-Ion 1000 mAh battery,Up to 320 h,Up to 3 h,"Black, White",,,,,,,,About 50 EUR,,,,,,,,,HTML
spice,Spice Mi-310,https://fdn2.gsmarena.com/vv/bigpic/spice-mi310.jpg,GSM / HSPA,GSM 900 / 1800,,,"2011, April. Released 2011, April",Discontinued,116 x 60 x 12 mm (4.57 x 2.36 x 0.47 in),120 g (4.23 oz),Mini-SIM,"TFT capacitive touchscreen, 256K colors","3.15 inches, 29.5 cm2 (~42.5% screen-to-body ratio)","320 x 480 pixels, 3:2 ratio (~183 ppi density)",Android 2.2 (Froyo),,,,microSDHC (dedicated slot),85MB,2 MP,Yes,Optical trackpad,Yes,Yes,"Wi-Fi 802.11 b/g, hotspot","2.1, A2DP","Yes, with A-GPS",FM radio,microUSB,"Accelerometer, proximity",Touch sensitive controls,Removable Li-Ion 1200 mAh battery,Up to 200 h,Up to 2 h 30 min,Dark red,0.62 W/kg (head),,,,,HSDPA 2100,HSPA 7.2/0.384 Mbps,About 100 EUR,,,,,,,,MP4/WMV/H.263 player MP3/WAV/AAC+ player Organizer Document viewer Photo/video editor Voice memo Predictive text input,HTML
spice,Spice M-4250,https://fdn2.gsmarena.com/vv/bigpic/spice-m-4250.jpg,GSM,GSM 900 / 1800 - SIM 1,No,No,2010. Released 2010,Discontinued,110 x 46.5 x 15 mm (4.33 x 1.83 x 0.59 in),85 g (3.00 oz),Dual SIM (Mini-SIM),TFT,"1.77 inches, 9.9 cm2 (~19.3% screen-to-body ratio)",128 x 160 pixels (~116 ppi density),,,,,microSD (dedicated slot),,,,GSM 900 / 1800 - SIM 2,Yes,No,No,No,No,"FM radio, recording",No,,Flashlight,Removable Li-Ion 1200 mAh battery,Up to 800 h,Up to 5 h,Black,,,,,,,,About 20 EUR,,500 entries,"20 dialed, 20 received, 20 missed calls",SMS,Downloadable,,,MP3/AAC+ player Organizer Currency/unit convertor Auto Power On/Off Voice memo Predictive text input,No
spice,Spice M-5170,https://fdn2.gsmarena.com/vv/bigpic/spice-m-5170.jpg,GSM,GSM 900 / 1800,Yes,No,2010. Released 2010,Discontinued,111 x 47.5 x 14.6 mm (4.37 x 1.87 x 0.57 in),78 g (2.75 oz),Mini-SIM,"TFT, 65K colors","2.0 inches, 12.6 cm2 (~23.9% screen-to-body ratio)",176 x 220 pixels (~141 ppi density),,,,,microSD (dedicated slot),,Yes,Yes,Flashlight,"Yes, with stereo speakers",Yes,No,"2.1, A2DP",No,"FM radio, scheduled recording",Proprietary,,No,Removable Li-Ion 1200 mAh battery,Up to 350 h,Up to 4 h,Black,,,,,,,,About 30 EUR,,1000 entries,"20 dialed, 20 received, 20 missed calls","SMS, MMS",Downloadable,No,,MP4/H.263 player MP3/WAV/AAC player Auto Power On/Off Currency convertor Voice memo Predictive text input,WAP 1.2
spice,Spice QT-65,https://fdn2.gsmarena.com/vv/bigpic/spice-qt-65.jpg,GSM,GSM 850 / 900 / 1800 / 1900 - SIM 1,Yes,No,2010. Released 2010,Discontinued,112 x 60 x 11.8 mm (4.41 x 2.36 x 0.46 in),98.5 (3.46 oz),Dual SIM (Mini-SIM),"TFT,  256K colors","2.2 inches, 15.2 cm2 (~22.7% screen-to-body ratio)",176 x 220 pixels (~128 ppi density),,,,,microSDHC (dedicated slot),25MB,2 MP,Yes,GSM 850 / 900 / 1800 / 1900 - SIM 2,Yes,No,No,"2.1, A2DP",No,"FM radio, scheduled recording",Proprietary,Accelerometer,Trackpad Flashlight,Removable Li-Ion 1100 mAh battery,Up to 250 h,Up to 4 h 30 min,Black,,,,,,,,About 20 EUR,QWERTY,3000 entries,"20 dialed, 20 received, 20 missed calls","SMS, MMS, IM",Downloadable,Yes,,MP4/H.264 player MP3/AAC+ player Organizer Currency convertor Auto Power On/Off Predictive text input,WAP 2.0/xHTML
spice,Spice M-5262,https://fdn2.gsmarena.com/vv/bigpic/spice-m-5262.jpg,GSM,GSM 900 / 1800 - SIM 1,Yes,No,2010. Released 2010,Discontinued,115 x 51.5 x 15.2 mm (4.53 x 2.03 x 0.60 in),75 g (2.65 oz),Dual SIM (Mini-SIM),"TFT, 65K colors","2.4 inches, 17.8 cm2 (~30.1% screen-to-body ratio)","240 x 320 pixels, 4:3 ratio (~167 ppi density)",,,,,microSDHC (dedicated slot),,Yes,Yes,GSM 900 / 1800 - SIM 2,Yes,No,No,"2.0, A2DP",No,"FM radio, scheduled recording",Proprietary,,Flashlight,Removable Li-Ion 1200 mAh battery,Up to 800 h,Up to 5 h,Black,,,,,,,,About 30 EUR,,1000 entries,"20 dialed, 20 received, 20 missed calls","SMS, MMS",Downloadable,Yes,,MP4/H.263 player MP3/AAC player Auto Power On/Off Currency convertor Voice memo Predictive text input,Yes
spice,Spice QT-58,https://fdn2.gsmarena.com/vv/bigpic/spice-qt58-new.jpg,GSM,GSM 900 / 1800 - SIM 1,Yes,No,2010. Released 2010,Discontinued,99 x 54 x 13 mm (3.90 x 2.13 x 0.51 in),80 g (2.82 oz),Dual SIM (Mini-SIM),"TFT,  256K colors","2.0 inches, 12.6 cm2 (~23.5% screen-to-body ratio)",176 x 220 pixels (~141 ppi density),,,,,microSDHC (dedicated slot),,1.3 MP,Yes,GSM 900 / 1800 - SIM 2,"Yes, with stereo speakers",No,No,"2.0, A2DP",No,"FM radio, scheduled recording",Proprietary,,Trackpad Flashlight,Removable Li-Ion 1000 mAh battery,Up to 270 h,Up to 4 h,"Black, Crimson Red, Pearl White",,,,,,,,About 30 EUR,QWERTY,3000 entries,"20 dialed, 20 received, 20 missed calls","SMS, MMS",Downloadable,Yes,,MP4/H.263 player MP3/AAC+ player Organizer Currency/unit convertor Auto Power On/Off Voice memo Predictive text input,WAP 2.0/xHTML
spice,Spice QT-61,https://fdn2.gsmarena.com/vv/bigpic/spice-qt-61.jpg,GSM,GSM 900 / 1800 - SIM 1,Yes,No,2010. Released 2010,Discontinued,108.5 x 57 x 12.8 mm (4.27 x 2.24 x 0.50 in),95 g (3.35 oz),Dual SIM (Mini-SIM),"TFT,  256K colors","2.4 inches, 17.8 cm2 (~28.8% screen-to-body ratio)","240 x 320 pixels, 4:3 ratio (~167 ppi density)",,,,,microSDHC (dedicated slot),,2 MP,Yes,GSM 900 / 1800 - SIM 2,Yes,No,No,"2.0, A2DP",No,"FM radio, scheduled recording",Proprietary,,Trackpad Flashlight,Removable Li-Ion 1150 mAh battery,Up to 300 h,Up to 3 h 30 min,"Black, Red, Turquoise",,,,,,,,About 30 EUR,QWERTY,1000 entries,"20 dialed, 20 received, 20 missed calls","SMS, MMS",Downloadable,Yes,,MP4/H.263 player MP3/AAC+ player Organizer Currency/unit convertor Auto Power On/Off Voice memo Predictive text input,WAP 2.0/xHTML
spice,Spice M-5454,https://fdn2.gsmarena.com/vv/bigpic/spice-m-5454.jpg,GSM,GSM 900 / 1800 - SIM 1,Yes,No,2010. Released 2010,Discontinued,114 x 46.5 x 11.3 mm (4.49 x 1.83 x 0.44 in),86 g (3.03 oz),Dual SIM (Mini-SIM),"TFT, 65K colors","2.0 inches, 12.6 cm2 (~23.7% screen-to-body ratio)",176 x 220 pixels (~141 ppi density),,,,,microSDHC (dedicated slot),1MB,1.3 MP,Yes,GSM 900 / 1800 - SIM 2,Yes,No,No,1.2,No,"FM radio, scheduled recording",No,,No,Removable Li-Ion 1000 mAh battery,Up to 300 h,Up to 4 h 30 min,Mettalic Silver,,,,,,,,About 30 EUR,,1200 entries,"20 dialed, 20 received, 20 missed calls","SMS, MMS",Downloadable,Yes,,MP4/H.263 player MP3/AAC player Auto Power On/Off Currency/unit convertor Voice memo Predictive text input,Yes
spice,Spice M-5161n,https://fdn2.gsmarena.com/vv/bigpic/spice-m-5161n.jpg,GSM,GSM 900 / 1800,Yes,No,2010. Released 2010,Discontinued,110 x 47 x 14.6 mm (4.33 x 1.85 x 0.57 in),88 g (3.10 oz),Mini-SIM,"TFT, 65K colors","2.0 inches, 12.6 cm2 (~24.3% screen-to-body ratio)",176 x 220 pixels (~141 ppi density),,,,,microSDHC (dedicated slot),1MB,Yes,Yes,Flashlight,Yes,Yes,No,"1.2, A2DP",No,"FM radio, scheduled recording",,,No,Removable Li-Ion 1200 mAh battery,Up to 300 h,Up to 4 h 30 min,Black,,,,,,,,About 30 EUR,,1200 entries,"20 dialed, 20 received, 20 missed calls","SMS, MMS",Downloadable,No,,MP4/H.263 player MP3/WAV/AAC player Auto Power On/Off Voice memo Predictive text input,WAP 1.2
spice,Spice QT-95,https://fdn2.gsmarena.com/vv/bigpic/spice-qt-95.jpg,GSM / UMTS,GSM 900 / 1800 / 1900 - SIM 1,,,2010. Released 2010,Discontinued,111 x 59 x 11.7 mm (4.37 x 2.32 x 0.46 in),68 g (2.40 oz),Dual SIM (Mini-SIM),"TFT,  256K colors","2.0 inches, 12.6 cm2 (~19.2% screen-to-body ratio)",176 x 220 pixels (~141 ppi density),,,,,microSDHC (dedicated slot),,3.15 MP,Yes,GSM 900 / 1800 / 1900 - SIM 2,Yes,No,No,"2.1, A2DP",No,"FM radio, scheduled recording",Proprietary,,Trackpad,Removable Li-Ion 1000 mAh battery,Up to 400 h (2G) / Up to 150 h (3G),Up to 4 h (2G) / Up to 2 h 30 min (3G),Black,,,Yes,,,UMTS 2100,"Yes, 384 kbps",About 70 EUR,QWERTY,3000 entries,"20 dialed, 20 received, 20 missed calls","SMS, MMS, Email",Downloadable,Yes,,"Facebook, Snaptu, Yahoo, Nimbuzz apps MP4/H.263 player MP3/AAC+ player Organizer Currency convertor Auto Power On/Off Voice memo Predictive text input",WAP 2.0/xHTML
spice,Spice M-67 3D,https://fdn2.gsmarena.com/vv/bigpic/spice-m-67-3d.jpg,GSM,GSM 900 / 1800 - SIM 1,Class 12,No,2010. Released 2010,Discontinued,115 x 50.7 x 12.6 mm (4.53 x 2.00 x 0.50 in),70 g (2.47 oz),Dual SIM (Mini-SIM),TFT,"2.36 inches, 17.2 cm2 (~29.6% screen-to-body ratio)","240 x 320 pixels, 4:3 ratio (~169 ppi density)",,,,,microSDHC (dedicated slot),,2 MP,Yes,GSM 900 / 1800 - SIM 2,"Yes, with stereo speakers",No,No,"2.1, A2DP",No,"FM radio, recording",Proprietary,,Stereoscopic display,Removable Li-Ion 1100 mAh battery,Up to 260 h,Up to 4 h 30 min,Black,,,,,,,,About 40 EUR,,"Practically unlimited entries, Photocall",Yes,"SMS, MMS, Email",Downloadable,Yes,,MP3/AAC+ player MP4/H.264 player Organizer Auto Power On/Off Voice memo Predictive text input,WAP 2.0/xHTML
spice,Spice QT-68,https://fdn2.gsmarena.com/vv/bigpic/spice-qt-68.jpg,GSM,GSM 900 / 1800 - SIM 1,Class 10,Class 10,2010. Released 2010,Discontinued,111 x 59 x 11.7 mm (4.37 x 2.32 x 0.46 in),68 g (2.40 oz),Dual SIM (Mini-SIM),"TFT,  256K colors","2.4 inches, 17.8 cm2 (~27.2% screen-to-body ratio)","320 x 240 pixels, 4:3 ratio (~167 ppi density)",,,,,microSDHC (dedicated slot),,3.15 MP,Yes,GSM 900 / 1800 - SIM 2,Yes,Yes,Wi-Fi 802.11 b/g,"2.1, A2DP",No,"FM radio, scheduled recording",Proprietary,,Trackpad,Removable Li-Ion 1000 mAh battery,Up to 150 h,Up to 4 h,Black,,,,,,,,About 30 EUR,QWERTY,2000 entries,"20 dialed, 20 received, 20 missed calls","SMS, MMS, Email",Downloadable,Yes,,MP4/H.263 player MP3/AAC+ player Organizer Currency/unit convertor Auto Power On/Off Voice memo Predictive text input,WAP 2.0/xHTML
spice,Spice M-4580n,https://fdn2.gsmarena.com/vv/bigpic/spice-M-4580n.jpg,GSM,GSM 900 / 1800 - SIM 1,Class 10,No,"2010, September. Released 2010, September",Discontinued,105.3 x 44.6 x 16 mm (4.15 x 1.76 x 0.63 in),89.5 g (3.14 oz),Dual SIM (Mini-SIM),"TFT, 65K colors","1.8 inches, 10.2 cm2 (~21.7% screen-to-body ratio)",128 x 160 pixels (~114 ppi density),,,,,microSDHC (dedicated slot),,,,GSM 900 / 1800 - SIM 2,Yes,No,No,No,No,"FM radio, scheduled recording",No,,Flashlight,Removable Li-Ion battery,Up to 600 h,Up to 12 h,"Black, Black/Red",,,,,,,,About 30 EUR,,1000 entries,"20 dialed, 20 received, 20 missed calls","SMS, MMS, IM",Downloadable,No,,"Facebook, Yahoo, Nimbuzz Currency Checker Organizer MP4/H.263 player MP3/WAV/AAC+ player Auto Power On/Off Predictive text input",WAP 1.2
spice,Spice Mi-300,https://fdn2.gsmarena.com/vv/bigpic/spice-mi300.jpg,GSM / HSPA,GSM 850 / 900 / 1800 / 1900,,,"2010, August. Released 2010, August",Discontinued,114.9 x 56.8 x 12.6 mm (4.52 x 2.24 x 0.50 in),114 g (4.02 oz),Mini-SIM,"LCD touchscreen, 256K colors","3.2 inches, 30.5 cm2 (~46.7% screen-to-body ratio)","320 x 480 pixels, 3:2 ratio (~180 ppi density)","Android 1.6 (Donut), upgradable to 2.1 (Eclair)",,,,microSDHC (dedicated slot),,5 MP,Yes,Trackball,Yes,No,Wi-Fi 802.11 b/g,"2.0, A2DP",Yes,No,microUSB,Accelerometer,No,Removable Li-Ion battery,Up to 300 h (2G) / Up to 250 h (3G),Up to 4 h (2G) / Up to 3 h (3G),Black,,LED flash,,,,HSDPA 900 / 1900 / 2100,HSPA 7.2/0.384 Mbps,About 140 EUR,,,,,,,,MP4/WMV/H.264 player MP3/WAV/eAAC+ player Organizer Document viewer Photo/video editor Voice memo Predictive text input,HTML
spice,Spice M-6 Sports,https://fdn2.gsmarena.com/vv/bigpic/spice-m6-sports.jpg,GSM,GSM 900 / 1800 - SIM 1,Class 12,No,"2010, August. Released 2010, August",Discontinued,112.9 x 48.2 x 13.2 mm (4.44 x 1.90 x 0.52 in),88.4 g (3.10 oz),Dual SIM (Mini-SIM),"TFT,  256K colors","2.2 inches, 15.0 cm2 (~27.5% screen-to-body ratio)","180 x 240 pixels, 4:3 ratio (~136 ppi density)",,,,,microSDHC (dedicated slot),1MB,1.3 MP,Yes,GSM 900 / 1800 - SIM 2,Yes,No,No,"2.0, A2DP",No,"FM radio, scheduled recording",Proprietary,,No,Removable Li-Ion 1000 mAh battery,Up to 250 h,Up to 5 h,"Orange, Green",,,,,,,,About 30 EUR,,1000 entries,"20 dialed, 20 received, 20 missed calls","SMS, MMS, Email, IM",Yes,Yes,,"Yahoo, Twitter, Facebook, Snaptu Organizer Currency/Unit Convertor MP4/H.263 player MP3/WAV/AAC+ player Auto Power On/Off Predictive text input",WAP 2.0/xHTML
spice,Spice M-6363,https://fdn2.gsmarena.com/vv/bigpic/spice-m6363.jpg,GSM,GSM 900 / 1800 / 1900 - SIM 1,Class 12,No,"2010, August. Released 2010, August",Discontinued,107 x 48.2 x 15.5 mm (4.21 x 1.90 x 0.61 in),92 g (3.25 oz),Dual SIM (Mini-SIM),"TFT, 65K colors","2.0 inches, 12.6 cm2 (~24.4% screen-to-body ratio)",176 x 220 pixels (~141 ppi density),,,,,microSDHC (dedicated slot),,2 MP,Yes,GSM 900 / 1800 / 1900 - SIM 2,Yes,No,No,"1.2, A2DP",No,"FM radio, scheduled recording",Proprietary,,No,Removable Li-Ion 1500 mAh battery,Up to 400 h,Up to 8 h,Black,,,,,,,,About 30 EUR,,1000 entries,"20 dialed, 20 received, 20 missed calls","SMS, MMS, IM",Yes,Yes,,"Facebook, Yahoo, Nimbuzz, Twitter, Picassa Organizer Currency/Unit Convertor Auto Power On/Off Predictive text input",WAP 2.0/xHTML
spice,Spice QT-56,https://fdn2.gsmarena.com/vv/bigpic/spice-qt-56.jpg,GSM / CDMA,GSM 900 / 1800,Class 10,No,"2010, August. Released 2010, August",Discontinued,113.4 x 61.3 x 14.1 mm (4.46 x 2.41 x 0.56 in),95 g (3.35 oz),Mini-SIM,"TFT,  256K colors","2.0 inches, 12.6 cm2 (~18.1% screen-to-body ratio)",176 x 220 pixels (~141 ppi density),,,,,microSDHC (dedicated slot),,VGA,Yes,CDMA 800 / 1900,Yes,No,No,2.0,No,"FM radio, scheduled recording",Proprietary,,Flashlight,Removable Li-Ion 1000 mAh battery,Up to 220 h,Up to 3 h,Black,,,,,,,,About 60 EUR,QWERTY,1000 entries,"20 dialed, 20 received, 20 missed calls","SMS, MMS, IM",Yes,No,,"Facebook, Yahoo, Nimbuzz, Twitter, Picassa Organizer Currency/Unit Convertor Auto Power On/Off Predictive text input",WAP 2.0/xHTML
spice,Spice G-6565,https://fdn2.gsmarena.com/vv/bigpic/spice-g-6565.jpg,GSM / HSPA,GSM 900 / 1800 / 1900 - SIM 1,,,"2010, September. Released 2010, September",Discontinued,115.6 x 50.6 x 11.5 mm (4.55 x 1.99 x 0.45 in),91.8 g (3.21 oz),Dual SIM (Mini-SIM),"TFT,  256K colors","2.4 inches, 17.8 cm2 (~30.5% screen-to-body ratio)","240 x 320 pixels, 4:3 ratio (~167 ppi density)",,,,,microSDHC (dedicated slot),16MB,3.15 MP,Yes,GSM 900 / 1800 / 1900 - SIM 2,Yes,No,No,"2.1, A2DP",No,No,Proprietary,,MP4/H.263 player MP3/AAC+ player Organizer Currency/Unit Convertor Auto Power On/Off Predictive text input,Removable Li-Ion 900 mAh battery,Up to 200 h (2G) / Up to 150 h (3G),Up to 4 h (2G) / Up to 3 h (3G),Black,,,Yes,,,HSDPA 2100 - SIM 1,HSPA 3.6/0.384 Mbps,About 150 EUR,,1000 entries,"20 dialed, 20 received, 20 missed calls","SMS, MMS, IM",Yes,Yes,,,WAP 2.0/xHTML
spice,Spice QT-52,https://fdn2.gsmarena.com/vv/bigpic/spice-qt-52.jpg,GSM,GSM 900 / 1800 - SIM 1,Class 10,No,"2010, July. Released 2010, July",Discontinued,111.8 x 60.4 x 13.9 mm (4.40 x 2.38 x 0.55 in),90 g (3.17 oz),Mini-SIM,"TFT,  256K colors","2.0 inches, 12.6 cm2 (~18.6% screen-to-body ratio)",176 x 220 pixels (~141 ppi density),,,,,microSDHC (dedicated slot),3MB,VGA,Yes,GSM 900 / 1800 - SIM 2,Yes,No,No,2.0,No,"FM radio, scheduled recording",Proprietary,,Flashlight,Removable Li-Ion 1000 mAh battery,Up to 300 h,Up to 4 h,Black,,,,,,,,About 30 EUR,QWERTY,2000 entries,"20 dialed, 20 received, 20 missed calls","SMS, MMS, IM",Yes,No,,"Facebook, Yahoo, Nimbuzz, Twitter, Picassa Organizer Currency/Unit Convertor Auto Power On/Off Predictive text input",WAP 2.0/xHTML
spice,Spice QT-60,https://fdn2.gsmarena.com/vv/bigpic/spice-qt-60.jpg,GSM,GSM 900 / 1800 - SIM 1,Class 10,No,"2010, June. Released 2010, June",Discontinued,111 x 60 x 13.8 mm (4.37 x 2.36 x 0.54 in),-,Dual SIM (Mini-SIM),"TFT,  256K colors","2.0 inches, 12.6 cm2 (~18.9% screen-to-body ratio)",176 x 220 pixels (~141 ppi density),,,,,microSDHC (dedicated slot),3MB,2 MP,Yes,GSM 900 / 1800 - SIM 2,Yes,No,No,"2.1, A2DP",No,"FM radio, scheduled recording",Proprietary,,Trackball Flashlight,Removable Li-Ion 1000 mAh battery,Up to 300 h,Up to 4 h,Black/Yellow,,,,,,,,About 50 EUR,QWERTY,1000 entries,"20 dialed, 20 received, 20 missed calls","SMS, MMS, IM",Yes,Yes,,MP4/H.264 player MP3/AAC+ player Organizer Currency/Unit Convertor Auto Power On/Off Predictive text input,WAP 2.0/xHTML
spice,Spice M-5161,https://fdn2.gsmarena.com/vv/bigpic/spice-m-5161.jpg,GSM,GSM 900 / 1800 - SIM 1,Class 10,No,"2010, July. Released 2010, July",Discontinued,-,-,Dual SIM (Mini-SIM),"TFT, 65K colors","2.0 inches, 12.6 cm2",176 x 220 pixels (~141 ppi density),,,,,microSDHC (dedicated slot),1MB,VGA,Yes,GSM 900 / 1800 - SIM 2,Yes,No,No,1.2,No,"FM radio, scheduled recording",Proprietary,,No,Removable Li-Ion 1200 mAh battery,Up to 300 h,Up to 4 h 30 min,Black,,,,,,,,About 30 EUR,,1200 entries,"20 dialed, 20 received, 20 missed calls","SMS, MMS, IM",Yes,No,,MP4/H.263 player MP3/AAC+ player Organizer Currency/Unit Convertor Auto Power On/Off Predictive text input,WAP 1.2
spice,Spice M-5055,https://fdn2.gsmarena.com/vv/bigpic/spice-m-5055.jpg,GSM,GSM 900 / 1800 - SIM 1,Yes,No,"2010, June. Released 2010, June",Discontinued,104.1 x 44.9 x 15.9 mm (4.10 x 1.77 x 0.63 in),72.5 g (2.54 oz),Dual SIM (Mini-SIM),"TFT, 65K colors","1.8 inches, 10.2 cm2 (~21.8% screen-to-body ratio)",128 x 160 pixels (~114 ppi density),,,,,microSDHC (dedicated slot),4MB,Yes,Yes,GSM 900 / 1800 - SIM 2,Yes,No,No,No,No,"FM radio, scheduled recording",No,,Flashlight,Removable Li-Ion 1000 mAh battery,Up to 250 h,Up to 4 h,Black,,,,,,,,About 20 EUR,,1000 entries,"20 dialed, 20 received, 20 missed calls","SMS, MMS",Downloadable,No,,MP4/H.263 player MP3/AAC player Organizer Auto Power On/Off Predictive text input,WAP 1.2
spice,Spice S-7000,https://fdn2.gsmarena.com/vv/bigpic/spice-s7000.jpg,GSM,GSM 900 / 1800,Class 10,Yes,"2010, June. Released 2010, June",Discontinued,108 x 52 x 11.8 mm (4.25 x 2.05 x 0.46 in),-,Mini-SIM,"TFT resistive touchscreen, 256K colors","3.2 inches, 29.1 cm2 (~51.9% screen-to-body ratio)","240 x 400 pixels, 5:3 ratio (~146 ppi density)",,,,,microSDHC (dedicated slot),16MB,3.15 MP,Yes,No,Yes,No,No,2.0,No,"FM radio, scheduled recording",Proprietary,,SNS integration MP4/H.263 player MP3/AAC+ player Organizer Currency/Unit Convertor Auto Power On/Off Predictive text input,Removable Li-Ion 880 mAh battery,Up to 220 h,Up to 3 h 30 min,White,,,,,,,,About 70 EUR,,1000 entries,"20 dialed, 20 received, 20 missed calls","SMS, MMS, IM",Downloadable,Yes,,,"WAP 2.0/xHTML, HTML"
spice,Spice QT-50,https://fdn2.gsmarena.com/vv/bigpic/spice-qt-50.jpg,GSM,GSM 900 / 1800 - SIM 1,Class 10,No,"2010, May. Released 2010, May",Discontinued,110 x 58 x 13 mm (4.33 x 2.28 x 0.51 in),90 g (3.17 oz),Dual SIM (Mini-SIM),"TFT,  256K colors","2.0 inches, 12.6 cm2 (~19.7% screen-to-body ratio)",176 x 220 pixels (~141 ppi density),,,,,microSD (dedicated slot),1MB,Yes,No,GSM 900 / 1800 - SIM 2,Yes,No,No,No,No,"FM radio, scheduled recording",No,,Flashlight,Removable Li-Ion 1000 mAh battery,Up to 300 h,Up to 4 h,Black,,,,,,,,About 20 EUR,QWERTY,800 entries,"20 dialed, 20 received, 20 missed calls","SMS, MMS, IM",Yes,No,,MP4/H.263 player MP3/WAV/AAC+ player Organizer Currency/Unit Convertor Auto Power On/Off Predictive text input,WAP 2.0/xHTML
spice,Spice S-1200,https://fdn2.gsmarena.com/vv/bigpic/spice-s-1200.jpg,GSM,GSM 900 / 1800 / 1900,Class 12,Class 12,2010. Released 2010,Discontinued,114 x 52 x 16 mm (4.49 x 2.05 x 0.63 in),130 g (4.59 oz),Mini-SIM,"TFT, 256K colors","2.4 inches, 17.8 cm2 (~30.1% screen-to-body ratio)","240 x 320 pixels, 4:3 ratio (~167 ppi density)",,,,,microSDHC (dedicated slot),70MB,"12 MP, AF, 3x optical zoom",480p@24fps,No,Yes,No,No,"1.2, A2DP",No,"FM radio, scheduled recording",Proprietary,,TV Out MP4/H.263 player MP3/AAC player Organizer Currency convertor Auto Power On/Off Predictive text input,Removable Li-Ion 1000 mAh battery,Up to 150 h,Up to 3 h,Black,,Xenon flash,,,,,,About 180 EUR,,1500 entries,"20 dialed, 20 received, 20 missed calls","SMS, MMS",Downloadable,"Yes, MIDP 2.0",,,WAP 2.0/xHTML
spice,Spice M-6262,https://fdn2.gsmarena.com/vv/bigpic/spice-m-6262.jpg,GSM,GSM 900 / 1800 - SIM 1,Class 12,No,2010. Released 2010,Discontinued,113 x 51 x 14 mm (4.45 x 2.01 x 0.55 in),130 g (4.59 oz),Dual SIM (Mini-SIM),"TFT, 256K colors","2.4 inches, 17.8 cm2 (~31.0% screen-to-body ratio)","240 x 320 pixels, 4:3 ratio (~167 ppi density)",,,,,microSDHC (dedicated slot),1MB,1.3 MP,Yes,GSM 900 / 1800 - SIM 2,Yes,No,No,"1.2, A2DP",No,"FM radio, scheduled recording",Proprietary,,Flashlight,Removable Li-Ion battery,Up to 300 h,Up to 6 h,Black,,,,,,,,About 60 EUR,,1000 entries,"20 dialed, 20 received, 20 missed calls","SMS, MMS",Downloadable,No,,MP4/H.263 player MP3/AAC player Organizer Currency/Unit Convertor Auto Power On/Off Predictive text input,WAP 2.0/xHTML
spice,Spice M-4242,https://fdn2.gsmarena.com/vv/bigpic/spice-m-4242.jpg,GSM,GSM 900 / 1800 - SIM 1,No,No,2010. Released 2010,Discontinued,110.8 x 47 x 16 mm (4.36 x 1.85 x 0.63 in),92.6 (3.25 oz),Dual SIM (Mini-SIM),"TFT, 65K colors","1.8 inches, 10.2 cm2 (~19.6% screen-to-body ratio)",128 x 160 pixels (~114 ppi density),,,,,microSD (dedicated slot),,,,GSM 900 / 1800 - SIM 2,Yes,No,No,No,No,"FM radio, scheduled recording",No,,Flashlight,Removable Li-Ion 1200 mAh battery,Up to 400 h,Up to 5 h,Black,,,,,,,,About 20 EUR,,500 entries,"20 dialed, 20 received, 20 missed calls",SMS,Downloadable,No,,Currency/Unit Convertor Auto Power On/Off Predictive text input,No
spice,Spice M-940n,https://fdn2.gsmarena.com/vv/bigpic/spice-m-940n.jpg,GSM,GSM 900 / 1800 / 1900 - SIM 1,Class 12,No,2010. Released 2010,Discontinued,115 x 50 x 13 mm (4.53 x 1.97 x 0.51 in),96 g (3.39 oz),Dual SIM (Mini-SIM),"TFT, 65K colors","2.4 inches, 17.8 cm2 (~31.0% screen-to-body ratio)","240 x 320 pixels, 4:3 ratio (~167 ppi density)",,,,,microSD (dedicated slot),8MB,2 MP,Yes,GSM 900 / 1800 / 1900 - SIM 2,"Yes, with stereo speakers",No,No,"2.0, A2DP",No,"FM radio, scheduled recording",Proprietary,,Flashlight,Removable Li-Ion 1000 mAh battery,Up to 350 h,Up to 5 h,Black,,,,,,,,About 60 EUR,,"1000 entries, Photocall",Yes,"SMS, MMS, Email",Downloadable,"Yes, MIDP 2.0",,MP3/WAV/AAC+ player MP4/H.263 player Organizer Currency/unit convertor Auto Power On/Off Voice memo Predictive text input,WAP 2.0/xHTML
spice,Spice S-5010,https://fdn2.gsmarena.com/vv/bigpic/spice-s5010.jpg,GSM,GSM 900 / 1800,Class 12,No,2010. Released 2010,Discontinued,110 x 48.5 x 14.7 mm (4.33 x 1.91 x 0.58 in),93 g (3.28 oz),Mini-SIM,"CSTN, 65K colors","1.8 inches, 10.2 cm2 (~19.1% screen-to-body ratio)",128 x 160 pixels (~114 ppi density),,,,,microSD (dedicated slot),,Yes,Yes,No,Yes,No,No,No,No,"FM radio, scheduled recording",Proprietary,,MP4/H.263 player MP3/WAV/AAC+ player Organizer Currency/unit convertor Auto Power On/Off Voice memo Predictive text input,Removable Li-Ion 780 mAh battery,Up to 300 h,Up to 3 h 30 min,Black,,,,,,,,About 70 EUR,,500 entries,Yes,"SMS, MMS",Downloadable,Yes,,,WAP 2.0/xHTML
spice,Spice D-6666,https://fdn2.gsmarena.com/vv/bigpic/spice-d-6666.jpg,GSM / CDMA2000,GSM 900 / 1800 - SIM 1,,,2010. Released 2010,Discontinued,115 x 51.5 x 14.3 mm (4.53 x 2.03 x 0.56 in),104 g (3.67 oz),Dual SIM (Mini-SIM),"TFT, 65K colors","2.4 inches, 17.8 cm2 (~30.1% screen-to-body ratio)","240 x 320 pixels, 4:3 ratio (~167 ppi density)",,,,,microSDHC (dedicated slot),,2 MP,Yes,GSM 900 / 1800 - SIM 2,Yes,No,No,"2.0, A2DP",No,"FM radio, scheduled recording",Proprietary,,No,Removable Li-Ion battery,Up to 140 h,Up to 4 h 30 min,Black,,,,,,CDMA2000 1x,"Yes, 384 kbps",About 80 EUR,,"1000 entries, Photocall",Yes,"SMS, MMS, Email",Downloadable,Yes,,MP4/H.263 player MP3/WAV/AAC+ player Organizer Currency/unit convertor Auto Power On/Off Voice memo Predictive text input,WAP 2.0/xHTML
spice,Spice M 4580,https://fdn2.gsmarena.com/vv/bigpic/spice-m-4580.jpg,GSM,GSM 900 / 1800 - SIM 1,Class 12,No,2010. Released 2010,Discontinued,106 x 44.5 x 15.5 mm (4.17 x 1.75 x 0.61 in),95 g (3.35 oz),Dual SIM (Mini-SIM),"TFT, 65K colors","1.8 inches, 10.2 cm2 (~21.6% screen-to-body ratio)",128 x 160 pixels (~114 ppi density),,,,,microSDHC (dedicated slot),2MB,,,GSM 900 / 1800 - SIM 2,Yes,No,No,No,No,"FM radio, scheduled recording",,,Flashlight,Removable Li-Ion 1500 mAh battery,Up to 650 h,Up to 10 h,Black,,,,,,,,About 30 EUR,,"1000 entries, Photocall",Yes,"SMS, MMS, Email",Downloadable,No,,MP3/WAV/AAC+ player Organizer Currency/unit convertor Auto Power On/Off Voice memo Predictive text input,WAP 2.0/xHTML
spice,Spice S-5110,https://fdn2.gsmarena.com/vv/bigpic/spice-s-5110.jpg,GSM,GSM 900 / 1800,Class 12,No,2010. Released 2010,Discontinued,107 x 45 x 11.2 mm (4.21 x 1.77 x 0.44 in),70 g (2.47 oz),Mini-SIM,"CSTN, 65K colors","1.8 inches, 10.2 cm2 (~21.2% screen-to-body ratio)",128 x 160 pixels (~114 ppi density),,,,,microSD (dedicated slot),3MB,,,Flashlight,Yes,No,No,No,No,"FM radio, scheduled recording",,,No,Removable Li-Ion 700 mAh battery,Up to 250 h,Up to 3 h,Black,,,,,,,,About 30 EUR,,"500 entries, Photocall",Yes,"SMS, MMS, Email",Downloadable,No,,MP3/WAV/AAC+ player Organizer Currency/unit convertor Auto Power On/Off Voice memo Predictive text input,WAP 2.0/xHTML
spice,Spice S-5420,https://fdn2.gsmarena.com/vv/bigpic/spice-s-5420.jpg,GSM,GSM 900 / 1800 / 1900,Class 10,No,2010. Released 2010,Discontinued,112 x 49 x 12.8 mm (4.41 x 1.93 x 0.50 in),95 g (3.35 oz),Mini-SIM,"TFT, 256K colors","2.2 inches, 15.0 cm2 (~27.3% screen-to-body ratio)","240 x 320 pixels, 4:3 ratio (~182 ppi density)",,,,,microSDHC (dedicated slot),,Yes,Yes,Flashlight,Yes,No,No,"2.0, A2DP",No,"FM radio, scheduled recording",Proprietary,,No,Removable Li-Ion 750 mAh battery,Up to 150 h,Up to 2 h 30 min,Black,,,,,,,,About 40 EUR,,"1000 entries, Photocall",Yes,"SMS, MMS, Email",Downloadable,"Yes, MIDP 2.0",,Nimbuzz MP3/WAV/AAC+ player MP4/H.263 player Organizer Currency/unit convertor Auto Power On/Off Voice memo Predictive text input,WAP 2.0/xHTML
spice,Spice S-6005,https://fdn2.gsmarena.com/vv/bigpic/spice-s-6005.jpg,GSM,GSM 900 / 1800 / 1900,Class 12,No,2010. Released 2010,Discontinued,116.5 x 49.2 x 10.1 mm (4.59 x 1.94 x 0.40 in),70.6 g (2.47 oz),Mini-SIM,"TFT, 256K colors","2.2 inches, 15.2 cm2 (~26.6% screen-to-body ratio)",176 x 220 pixels (~128 ppi density),,,,,"microSDHC (dedicated slot), 1 GB included",,2 MP,Yes,No,Yes,No,No,"1.2, A2DP",No,"FM radio, scheduled recording",Proprietary,,MP3/WAV/AAC+ player MP4/H.263 player Organizer Currency/unit convertor Auto Power On/Off Voice memo Predictive text input,Removable Li-Ion 750 mAh battery,Up to 225 h,Up to 6 h 40 min,Black,,,,,,,,About 20 EUR,,"500 entries, Photocall",Yes,"SMS, MMS, Email",Downloadable,"Yes, MIDP 2.0",,,WAP 2.0/xHTML
spice,Spice D-1111,https://fdn2.gsmarena.com/vv/bigpic/spice-d-1111.jpg,GSM / CDMA2000,GSM 850 / 900 / 1800 / 1900,,,2010. Released 2010,Discontinued,110.8 x 58.3 x 16.8 mm (4.36 x 2.30 x 0.66 in),130.2 g (4.59 oz),Mini-SIM,"TFT resistive touchscreen, 256K colors","2.8 inches, 24.3 cm2 (~37.6% screen-to-body ratio)","240 x 320 pixels, 4:3 ratio (~143 ppi density)",Microsoft Windows Mobile 6.0,,,,microSDHC (dedicated slot),60MB,2 MP,Yes,No,Yes,No,No,"1.2, A2DP",No,No,Proprietary,,MP3/WAV/AAC+ player MP4/H.263 player Organizer Document viewer Currency/unit convertor Voice memo Predictive text input,Removable Li-Ion 1350 mAh battery,Up to 120 h,Up to 8 h,Black,,,,,,CDMA2000 1x,"Yes, 384 kbps",About 90 EUR,,,,,,,,,"WAP 2.0/xHTML, HTML"
spice,Spice M-5252,https://fdn2.gsmarena.com/vv/bigpic/spice-m-5252.jpg,GSM,GSM 900 / 1800 - SIM 1,Class 12,No,2010. Released 2010,Discontinued,110.6 x 47 x 15.3 mm (4.35 x 1.85 x 0.60 in),92.6 g (3.25 oz),Dual SIM (Mini-SIM),"TFT, 256K colors",,176 x 220 pixels,,,,,microSDHC (dedicated slot),,CIF,Yes,GSM 900 / 1800 - SIM 2,Yes,No,No,No,No,"FM radio, scheduled recording",No,,No,Removable Li-Ion 1300 mAh battery,Up to 240 h,Up to 8 h,Black,,,,,,,,About 60 EUR,,"500 entries, Photocall",Yes,"SMS, MMS, Email",Downloadable,,,MP3/WAV/AAC+ player MP4/H.263 player Organizer Currency/unit convertor Auto Power On/Off Voice memo Predictive text input,WAP 2.0/xHTML
spice,Spice KT-5353,https://fdn2.gsmarena.com/vv/bigpic/spice-kt-5353.jpg,GSM,GSM 900 / 1800,Class 12,No,"2010, September",Cancelled,112.9 x 48.2 x 13.2 mm (4.44 x 1.90 x 0.52 in),95 g (3.35 oz),Mini-SIM,"TFT,  256K colors","2.2 inches, 15.0 cm2 (~27.5% screen-to-body ratio)","180 x 240 pixels, 4:3 ratio (~136 ppi density)",,,,,microSDHC,,VGA,Yes,Flashlight,Yes,No,No,"2.0, A2DP",No,"FM radio, recording",microUSB,,No,Removable Li-Ion battery,Up to 300 h,Up to 4 h,Dark grey,,LED flash,,,,,,About 50 EUR,,500 entries,"20 dialed, 20 received, 20 missed calls","SMS, MMS, IM",Yes,No,,"Facebook, Yahoo, Nimbuzz Modem Webcam",WAP 2.0/xHTML
