Brand,Model Name,Model Image,Technology,2G bands,,3G bands,4G bands,5G bands,Speed,Announced,Status,Dimensions,Weight,Build,SIM,Type,Size,Resolution,_1,OS,Chipset,CPU,GPU,Card slot,Internal,Quad,Features,Video,Single,Features_1,Video_1,Loudspeaker,3.5mm jack,_1_1,WLAN,Bluetooth,GPS,NFC,Radio,USB,Sensors,Type_1,Charging,Colors,Models,Price,Protection,Triple,Performance,Display,Camera,Loudspeaker_1,Battery life,128GB 6GB RAM,128GB 8GB RAM,256GB 12GB RAM,128GB 12GB RAM,Dual,Single_1,Audio quality,Dual_1,Triple_1,Stand-by,SAR,Talk time,Music play,Infrared port,GPRS,EDGE,SAR EU,Keyboard,Phonebook,Call records,Messaging,Games,Java,Browser,64GB 6GB RAM,64GB 4GB RAM,256GB 8GB RAM,512GB 8GB RAM,128GB 4GB RAM,32GB 2GB RAM,64GB 3GB RAM,32GB 3GB RAM,512GB 12GB RAM,Five,16GB 2GB RAM,32GB 4GB RAM,Alert types,Languages
vodafone,Vodafone Smart V10,https://fdn2.gsmarena.com/vv/bigpic/vodafone-smart-v10.jpg,GSM / HSPA / LTE,GSM 850 / 900 / 1800 / 1900,eMMC 5.1,HSDPA 850 / 900 / 1900 / 2100,"1, 3, 5, 7, 8, 28",,"HSPA 42.2/5.76 Mbps, LTE Cat4 150/50 Mbps","2019, May","Available. Released 2019, June",151.3 x 69.9 x 8.2 mm (5.96 x 2.75 x 0.32 in),145 g (5.11 oz),,Nano-SIM,"IPS LCD capacitive touchscreen, 16M colors","5.9 inches, 85.5 cm2 (~80.8% screen-to-body ratio)","720 x 1560 pixels, 19.5:9 ratio (~291 ppi density)",,Android 9.0 (Pie),Qualcomm SDM429 Snapdragon 429 (12 nm),Quad-core 2.0 GHz Cortex-A53,Adreno 504,microSDXC (dedicated slot),32GB 3GB RAM,,"LED flash, HDR, panorama",1080p@30fps,8 MP,,,Yes,Yes,,"Wi-Fi 802.11 b/g/n, hotspot","4.2, A2DP, LE","Yes, with A-GPS",,FM radio,microUSB 2.0,"Accelerometer, proximity","Li-Ion 3400 mAh, non-removable",,Chrome Pewter,,About 180 EUR,Asahi Dragontrail Glass,,,,,,,,,,,"13 MP, AF 5 MP",,,,,,,,,,,,,,,,,,,,,,,,,,,,,,,,,
vodafone,Vodafone Smart N10,https://fdn2.gsmarena.com/vv/bigpic/vodafone-smart-n10.jpg,GSM / HSPA / LTE,GSM 850 / 900 / 1800 / 1900,eMMC 5.1,HSDPA 850 / 900 / 1900 / 2100,"1, 3, 5, 7, 8, 28",,"HSPA 42.2/5.76 Mbps, LTE-A (2CA) Cat6 300/50 Mbps","2019, May","Available. Released 2019, May",148.8 x 69.9 x 8.4 mm (5.86 x 2.75 x 0.33 in),160 g (5.64 oz),,Nano-SIM,"IPS LCD capacitive touchscreen, 16M colors","5.67 inches, 80.9 cm2 (~77.8% screen-to-body ratio)",720 x 1500 pixels (~293 ppi density),,Android 9.0 (Pie),Mediatek MT6761V/WA Helio A22 (12 nm),Quad-core 2.0 GHz Cortex-A53,PowerVR GE8320,microSDXC (dedicated slot),16GB 2GB RAM,,"LED flash, HDR, panorama",1080p@30fps,"13 MP, AF",,1080p@30fps,Yes,Yes,,"Wi-Fi 802.11 b/g/n, hotspot","4.2, A2DP, LE","Yes, with A-GPS",,FM radio,microUSB 2.0,"Accelerometer, gyro, proximity","Li-Ion 2920 mAh, non-removable",,Blue Borealis,"VFD 630, 5048Y",About 150 EUR,Asahi Dragontrail Glass,,,,,,,,,,,,8 MP,,,,,,,,,,,,,,,,,,,,,,,,,,,,,,,,
vodafone,Vodafone Smart E9,https://fdn2.gsmarena.com/vv/bigpic/vodafone-smart-e9.jpg,GSM / HSPA / LTE,GSM 850 / 900 / 1800 / 1900 - SIM 1 & SIM 2 (dual-SIM only),eMMC 5.1,HSDPA 850 / 900 / 1900 / 2100,"1, 3, 7, 8, 20",,"HSPA 42.2/5.76 Mbps, LTE Cat4 150/50 Mbps","2018, December","Available. Released 2018, December",137.6 x 65.7 x 9.8 mm (5.42 x 2.59 x 0.39 in),134 g (4.73 oz),,"Single SIM (Nano-SIM) or Dual SIM (Nano-SIM, dual stand-by)","IPS LCD capacitive touchscreen, 16M colors","5.0 inches, 64.5 cm2 (~71.4% screen-to-body ratio)","480 x 960 pixels, 18:9 ratio (~215 ppi density)",,Android 8.1 Oreo (Go edition),Mediatek MT6739 (28 nm),Quad-core 1.5 GHz Cortex-A53,PowerVR GE8100,microSDHC,8GB 1GB RAM,,LED flash,720p@30fps,5 MP,,,Yes,Yes,,"Wi-Fi 802.11 b/g/n, hotspot","4.2, A2DP, LE","Yes, with A-GPS",,FM radio,microUSB 2.0,"Accelerometer, proximity","Li-Ion 2000 mAh, non-removable",,Anthracite,VFD 527,About 70 EUR,,,,,,,,,,,,,2 MP,,,,,,,,,,,0.91 W/kg (head)     1.63 W/kg (body),,,,,,,,,,,,,,,,,,,,,
vodafone,Vodafone Smart X9,https://fdn2.gsmarena.com/vv/bigpic/vodafone-smart-x9.jpg,GSM / HSPA / LTE,GSM 850 / 900 / 1800 / 1900,eMMC 5.1,HSDPA 850 / 900 / 1900 / 2100,"1, 3, 7, 8, 20",,"HSPA 42.2/5.76 Mbps, LTE-A (2CA) Cat6 300/50 Mbps","2018, December","Available. Released 2018, December",148.2 x 71.3 x 8 mm (5.83 x 2.81 x 0.31 in),153 g (5.40 oz),,Nano-SIM,"IPS LCD capacitive touchscreen, 16M colors","5.7 inches, 82.7 cm2 (~78.2% screen-to-body ratio)","1080 x 2160 pixels, 18:9 ratio (~427 ppi density)",,Android 8.1 (Oreo),Qualcomm SDM450 Snapdragon 450 (14 nm),Octa-core 1.8 GHz Cortex-A53,Adreno 506,microSDXC (dedicated slot),32GB 3GB RAM,,"LED flash, HDR, panorama",1080p@30fps,"16 MP, AF 5 MP, f/2.4, (depth)",,,Yes,Yes,,"Wi-Fi 802.11 b/g/n, hotspot","4.2, A2DP, LE","Yes, with A-GPS",Yes,FM radio,"2.0, Type-C 1.0 reversible connector","Fingerprint (rear-mounted), accelerometer, gyro, proximity, compass","Li-Ion 3100 mAh, non-removable",,Black,VFD 820,About 110 EUR,Asahi Dragontrail Glass,,,,,,,,,,,,8 MP,,,,,,,,,,,0.40 W/kg (head)     1.23 W/kg (body),,,,,,,,,,,,,,,,,,,,,
vodafone,Vodafone Smart N9,https://fdn2.gsmarena.com/vv/bigpic/vodafone-smart-n9-.jpg,GSM / HSPA / LTE,GSM 850 / 900 / 1800 / 1900,eMMC 5.1,HSDPA,"1, 3, 5, 7, 8, 20, 28",,"HSPA 42.2/5.76 Mbps, LTE Cat4 150/50 Mbps","2018, June","Available. Released 2018, June",147.1 x 68.8 x 8.7 mm (5.79 x 2.71 x 0.34 in),145 g (5.11 oz),,Nano-SIM,"IPS LCD capacitive touchscreen, 16M colors","5.5 inches, 78.1 cm2 (~77.1% screen-to-body ratio)","720 x 1440 pixels, 18:9 ratio (~293 ppi density)",,Android 8.1 (Oreo),Mediatek MT6739WA (28 nm),Quad-core 1.3 GHz Cortex-A53,Mali-T720MP2,microSDHC,16GB 2GB RAM,,"LED flash, HDR, panorama",1080p@30fps,"13 MP, AF",LED flash,,Yes,Yes,,"Wi-Fi 802.11 b/g/n, hotspot","4.0, A2DP","Yes, with A-GPS",Yes,FM radio,microUSB 2.0,"Fingerprint (rear-mounted), accelerometer, gyro (market dependent), proximity, compass","Li-Ion 2900 mAh, non-removable",,"Silver Aluminium, Black Titanium",VFD 720,About 120 EUR,,,,,,,,,,,,,8 MP,,,,,,,,,Yes,Yes,0.96 W/kg (head)     1.56 W/kg (body),,,,,,,,,,,,,,,,,,,,,
vodafone,Vodafone Smart N9 lite,https://fdn2.gsmarena.com/vv/bigpic/vodafone-smart-n9-lite-.jpg,GSM / HSPA / LTE,GSM 850 / 900 / 1800 / 1900,eMMC 5.1,HSDPA,"1, 3, 5, 7, 8, 20, 28",,"HSPA 42.2/5.76 Mbps, LTE Cat4 150/50 Mbps","2018, June","Available. Released 2018, June",148.2 x 68.9 x 9.4 mm (5.83 x 2.71 x 0.37 in),155 g (5.47 oz),,Nano-SIM,"IPS LCD capacitive touchscreen, 16M colors","5.34 inches, 73.6 cm2 (~72.1% screen-to-body ratio)","480 x 960 pixels, 18:9 ratio (~201 ppi density)",,Android 8.1 Oreo (Go edition),Mediatek MT6739WA (28 nm),Quad-core 1.3 GHz Cortex-A53,Mali-T720MP2,microSDHC,16GB 1GB RAM,,"LED flash, HDR, panorama",1080p@30fps,"8 MP, AF",LED flash,,Yes,Yes,,"Wi-Fi 802.11 b/g/n, hotspot","4.0, A2DP","Yes, with A-GPS",Yes,FM radio,microUSB 2.0,"Accelerometer, gyro (market dependent), proximity, compass",Li-Ion 2460 mAh battery,,"White Pearl, Black Ice",VFD 620,About 100 EUR,,,,,,,,,,,,,5 MP,,,,,,,,,Yes,Yes,0.90 W/kg (head)     1.69 W/kg (body),,,,,,,,,,,,,,,,,,,,,
vodafone,Vodafone Smart Tab N8,https://fdn2.gsmarena.com/vv/bigpic/vodafone-smart-tab-n8.jpg,GSM / HSPA / LTE,GSM 850 / 900 / 1800 / 1900,,HSDPA,LTE (unspecified),,"HSPA 42.2/5.76 Mbps, LTE","2017, June","Available. Released 2017, June",260 x 155 x 9 mm (10.24 x 6.10 x 0.35 in),465 g (1.03 lb),,Micro-SIM,"IPS LCD capacitive touchscreen, 16M colors","10.1 inches, 295.8 cm2 (~73.4% screen-to-body ratio)","800 x 1280 pixels, 16:10 ratio (~149 ppi density)",,Android 7.0 (Nougat),Mediatek MT8735B,Quad-core 1.1 GHz Cortex-A7,Mali-T720MP2,microSDXC (dedicated slot),16GB 2GB RAM,,,Yes,"5 MP, AF",,,Yes,Yes,,"Wi-Fi 802.11 b/g/n, hotspot","4.0, A2DP, LE","Yes, with A-GPS",Yes,No,microUSB 2.0,Accelerometer,"Li-Ion 4600 mAh, non-removable",,Volcano Black,,About 180 EUR,,,,,,,,,,,,,2 MP,,,,,,,,,Yes,Yes,,,,,,,,,,,,,,,,,,,,,,
vodafone,Vodafone Smart E8,https://fdn2.gsmarena.com/vv/bigpic/vodafone-smart-e8.jpg,GSM / HSPA / LTE,GSM 850 / 900 / 1800 / 1900,eMMC 4.5,HSDPA 850 / 900 / 1900 / 2100,"1, 3, 7, 8, 20",,"HSPA 42.2/5.76 Mbps, LTE","2017, June","Available. Released 2017, July",145.6 x 72.1 x 9.2 mm (5.73 x 2.84 x 0.36 in),169 g (5.96 oz),,Nano-SIM,"IPS LCD capacitive touchscreen, 16M colors","5.0 inches, 68.9 cm2 (~65.6% screen-to-body ratio)","480 x 854 pixels, 16:9 ratio (~196 ppi density)",,Android 7.1 (Nougat),Qualcomm MSM8909 Snapdragon 210 (28 nm),Quad-core 1.1 GHz Cortex-A7,Adreno 304,microSDXC (dedicated slot),8GB 1GB RAM,,LED flash,Yes,5 MP,,,Yes,Yes,,"Wi-Fi 802.11 b/g/n, hotspot","4.0, A2DP","Yes, with A-GPS",Yes,No,microUSB 2.0,"Accelerometer, proximity","Li-Ion 2200 mAh, removable",,Slate Blue,"VFD 510, VFD 513",About 80 EUR,,,,,,,,,,,,,2 MP,,,,,,,,,,,,,,,,,,,,,,,,,,,,,,,,
vodafone,Vodafone Smart V8,https://fdn2.gsmarena.com/vv/bigpic/vodafone-smart-v8.jpg,GSM / HSPA / LTE,GSM 850 / 900 / 1800 / 1900,eMMC 5.1,HSDPA,LTE (unspecified),,"HSPA 42.2/5.76 Mbps, LTE","2017, June","Available. Released 2017, June",155 x 76 x 7.9 mm (6.10 x 2.99 x 0.31 in),166 g (5.86 oz),,Nano-SIM,"LTPS IPS LCD capacitive touchscreen, 16M colors","5.5 inches, 83.4 cm2 (~70.8% screen-to-body ratio)","1080 x 1920 pixels, 16:9 ratio (~401 ppi density)",,Android 7.1.1 (Nougat),Qualcomm MSM8940 Snapdragon 435 (28 nm),Octa-core 1.4 GHz Cortex-A53,Adreno 505,microSDXC (dedicated slot),32GB 3GB RAM,,"LED flash, HDR, panorama",1080p@30fps,"16 MP, AF",,,Yes,Yes,,"Wi-Fi 802.11 b/g/n, hotspot","4.0, A2DP","Yes, with A-GPS",Yes,FM radio,microUSB 2.0,"Fingerprint (rear-mounted), accelerometer, gyro, proximity, compass","Li-Ion 3000 mAh, non-removable",Charging 10W,Black,VFD 710,About 230 EUR,Asahi Dragontrail Glass,,,,,,,,,,,,8 MP,,,,,,,,,Yes,Yes,,,,,,,,,,,,,,,,,,,,,,
vodafone,Vodafone Smart N8,https://fdn2.gsmarena.com/vv/bigpic/vodafone-smart-n8.jpg,GSM / HSPA / LTE,GSM 850 / 900 / 1800 / 1900,eMMC 5.0,HSDPA,LTE (unspecified),,"HSPA 42.2/5.76 Mbps, LTE Cat4 150/50 Mbps","2017, June","Available. Released 2017, June",144.5 x 71.9 x 8.6 mm (5.69 x 2.83 x 0.34 in),151 g (5.33 oz),,Nano-SIM,"IPS LCD capacitive touchscreen, 16M colors","5.0 inches, 68.9 cm2 (~66.3% screen-to-body ratio)","720 x 1280 pixels, 16:9 ratio (~294 ppi density)",,Android 7.0 (Nougat),Mediatek MT6737 (28 nm),Quad-core 1.3 GHz Cortex-A53,Mali-T720MP2,microSDHC,16GB 1.5GB RAM,,"LED flash, HDR",720p@30fps,"13 MP, AF",,,"Yes, dual speakers",Yes,,"Wi-Fi 802.11 b/g/n, hotspot","4.0, A2DP","Yes, with A-GPS",Yes,FM radio,microUSB 2.0,"Fingerprint (rear-mounted), accelerometer, proximity","Li-Ion 2400 mAh, non-removable",,"Graphite, Gold",VFD 610,About 100 EUR,,,,,,,,,,,,,5 MP,,,,,,,,,Yes,Yes,,,,,,,,,,,,,,,,,,,,,,
vodafone,Vodafone Tab Prime 7,https://fdn2.gsmarena.com/vv/bigpic/vodafone-tab-prime-7.jpg,GSM / HSPA / LTE,GSM 850 / 900 / 1800 / 1900,eMMC 5.1,HSDPA,LTE (unspecified),,"HSPA 42.2/5.76 Mbps, LTE Cat4 150/50 Mbps","2016, August","Available. Released 2016, August",259.2 x 155.8 x 8 mm (10.20 x 6.13 x 0.31 in),439 g (15.49 oz),,Micro-SIM,"IPS LCD capacitive touchscreen, 16M colors","10.1 inches, 295.8 cm2 (~73.2% screen-to-body ratio)","1200 x 1920 pixels, 16:10 ratio (~224 ppi density)",,Android 6.0 (Marshmallow),Qualcomm MSM8937 Snapdragon 430 (28 nm),Octa-core 1.4 GHz Cortex-A53,Adreno 505,microSDXC (dedicated slot),16GB 2GB RAM,,,Yes,5 MP,,,Yes,Yes,,"Wi-Fi 802.11 b/g/n, hotspot","4.2, A2DP, LE","Yes, with A-GPS",,No,microUSB 2.0,Accelerometer,"Li-Po 5830 mAh, non-removable",,Silver,,About 190 EUR,,,,,,,,,,,,,2 MP,,,,,,,,Yes,Yes,Yes,1.44 W/kg (head),,,,,,,,,,,,,,,,,,,,,
vodafone,Vodafone Smart Turbo 7,https://fdn2.gsmarena.com/vv/bigpic/vodafone-smart-turbo-7.jpg,GSM / HSPA / LTE,GSM 850 / 900 / 1800 / 1900,,HSDPA,LTE (unspecified),,"HSPA 42.2/5.76 Mbps, LTE Cat4 150/50 Mbps","2016, August","Available. Released 2016, August",140.6 x 72.4 x 9.5 mm (5.54 x 2.85 x 0.37 in),167.9 g (5.93 oz),,Micro-SIM,"TFT capacitive touchscreen, 16M colors","5.0 inches, 68.9 cm2 (~67.7% screen-to-body ratio)","480 x 854 pixels, 16:9 ratio (~196 ppi density)",,Android 6.0 (Marshmallow),Mediatek MT6735M (28 nm),Quad-core 1.0 GHz Cortex-A53,Mali-T720MP2,microSDHC,8GB 1GB RAM,,LED flash,Yes,5 MP,,,Yes,Yes,,"Wi-Fi 802.11 b/g/n, hotspot","4.0, A2DP","Yes, with A-GPS",,No,microUSB 2.0,Accelerometer,"Li-Ion 2000 mAh, non-removable",,"Silver, Dark Grey","VFD 500, VFD 502",About 60 EUR,,,,,,,,,,,,,2 MP,,,,,,,,,Yes,Yes,1.67 W/kg (head),,,,,,,,,,,,,,,,,,,,,
vodafone,Vodafone Smart ultra 7,https://fdn2.gsmarena.com/vv/bigpic/vodafone-smart-ultra-7.jpg,GSM / HSPA / LTE,GSM 850 / 900 / 1800 / 1900,,HSDPA 850 / 900 / 1900 / 2100,"1, 3, 7, 8, 20, 28",,"HSPA 42.2/5.76 Mbps, LTE Cat4 150/50 Mbps","2016, June","Available. Released 2016, June",152.2 x 78.1 x 8.7 mm (5.99 x 3.07 x 0.34 in),150 g (5.29 oz),,Micro-SIM,"IPS LCD capacitive touchscreen, 16M colors","5.5 inches, 83.4 cm2 (~70.2% screen-to-body ratio)","1080 x 1920 pixels, 16:9 ratio (~401 ppi density)",,Android 6.0.1 (Marshmallow),Mediatek MT6755M (28 nm),Octa-core (4x1.8 GHz Cortex-A53 & 4x1.0 GHz Cortex-A53),Mali-T860MP2,microSDXC (dedicated slot),16GB 2GB RAM,,"LED flash, panorama, HDR",1080p@30fps,"13 MP, AF",LED flash,,Yes,Yes,,"Wi-Fi 802.11 a/b/g/n, dual-band, hotspot","4.1, A2DP","Yes, with A-GPS",,FM radio,microUSB 2.0,"Accelerometer, proximity, compass","Li-Ion 2960 mAh, non-removable",,"Silver, Dark Grey",VFD 700,About 160 EUR,,,,,,,,,,,,,5 MP,,,,,,,,,,,0.54 W/kg (head),,,,,,,,,,,,,,,,,,,,,
vodafone,Vodafone Smart Platinum 7,https://fdn2.gsmarena.com/vv/bigpic/vodafone-smart-platinum-7.jpg,GSM / HSPA / LTE,GSM 850 / 900 / 1800 / 1900,eMMC 5.1,HSDPA,LTE (unspecified),,"HSPA 42.2/5.76 Mbps, LTE-A (2CA) Cat6 300/50 Mbps","2016, June","Available. Released 2016, June",154 x 75.7 x 7 mm (6.06 x 2.98 x 0.28 in),155 g (5.47 oz),,Nano-SIM,"AMOLED capacitive touchscreen, 16M colors","5.5 inches, 83.4 cm2 (~71.5% screen-to-body ratio)","1440 x 2560 pixels, 16:9 ratio (~534 ppi density)",Hi-Fi audio,Android 6.0.1 (Marshmallow),Qualcomm MSM8976 Snapdragon 652 (28 nm),Octa-core (4x1.8 GHz Cortex-A72 & 4x1.2 GHz Cortex-A53),Adreno 510,microSDXC (dedicated slot),32GB 3GB RAM,,"LED flash, panorama, HDR",4K@30fps,"16 MP, f/2.0, 1/2.6"", 1.12µm, PDAF",LED flash,1080p@30fps,"Yes, with stereo speakers",Yes,,"Wi-Fi 802.11 a/b/g/n/ac, dual-band, Wi-Fi Direct, hotspot","4.2, A2DP, LE","Yes, with A-GPS",Yes,FM radio,"microUSB 2.0, USB On-The-Go","Fingerprint (rear-mounted), accelerometer, gyro, proximity, compass","Li-Ion 3000 mAh, non-removable","Fast charging 18W, 50% in 30 min (advertised) Quick Charge 3.0",Black,VFD 900,About 380 EUR,Corning Gorilla Glass (unspecified version),,,,,,,,,,,,8 MP,,,,,,,,,Yes,Yes,,,,,,,,,,,,,,,,,,,,,,
vodafone,Vodafone Smart prime 7,https://fdn2.gsmarena.com/vv/bigpic/vodafone-smart-prime-7.jpg,GSM / HSPA / LTE,GSM 900 / 1800 / 1900,eMMC 4.5,HSDPA 900 / 2100,"1, 3, 7, 8, 20",,"HSPA 42.2/5.76 Mbps, LTE Cat4 150/50 Mbps","2016, May","Available. Released 2016, May",144 x 72.1 x 8 mm (5.67 x 2.84 x 0.31 in),128 g (4.52 oz),,Micro-SIM,"IPS LCD capacitive touchscreen, 16M colors","5.0 inches, 69.4 cm2 (~66.8% screen-to-body ratio)","720 x 1280 pixels, 16:9 ratio (~293 ppi density)",,Android 6.0.1 (Marshmallow),Qualcomm MSM8909 Snapdragon 210 (28 nm),Quad-core 1.1 GHz Cortex-A7,Adreno 304,microSDXC (dedicated slot),8GB 1GB RAM,,LED flash,1080p@30fps,"8 MP, AF",,,Yes,Yes,,"Wi-Fi 802.11 b/g/n, hotspot","4.0, A2DP","Yes, with A-GPS",Yes,FM radio,microUSB 2.0,"Accelerometer, proximity, compass","Li-Ion 2540 mAh, non-removable",,"Graphite Black, Boron White",,About 100 EUR,,,,,,,,,,,,,5 MP,,,,Up to 499 h (3G),,Up to 9 h (3G),,,,,,,,,,,,,,,,,,,,,,,,,,
vodafone,Vodafone Smart first 7,https://fdn2.gsmarena.com/vv/bigpic/vodafone-smart-first-7.jpg,GSM / HSPA,GSM 900 / 1800,No,HSDPA 900 / 2100,,,HSPA 21.1/5.76 Mbps,"2016, May","Available. Released 2016, May",114.4 x 62.8 x 12 mm (4.50 x 2.47 x 0.47 in),110 g (3.88 oz),,Mini-SIM,TFT TN capacitive touchscreen,"3.5 inches, 36.5 cm2 (~50.8% screen-to-body ratio)","320 x 480 pixels, 3:2 ratio (~165 ppi density)",,Android 5.1 (Lollipop),Spreadtrum SC7731G,Quad-core 1.3 GHz Cortex-A7,Mali-400MP2,microSDXC (dedicated slot),4GB 512MB RAM,,,720p@30fps,2 MP,,,Yes,Yes,,"Wi-Fi 802.11 b/g/n, hotspot","2.1, A2DP",A-GPS only,,FM radio,microUSB 2.0,No,"Li-Ion 1400 mAh, removable",,"Volcano Black, Tech White",VFD 200,About 30 EUR,,,,,,,,,,,,,,,,,,,Up to 5 h (3G),,,,,,,,,,,,,,,,,,,,,,,,,,
vodafone,Vodafone Smart speed 6,https://fdn2.gsmarena.com/vv/bigpic/vodafone-smart-speed-6.jpg,GSM / HSPA / LTE,GSM 850 / 900 / 1800 / 1900,,HSDPA 850 / 900 / 1900 / 2100,"1, 3, 7, 8, 20",,"HSPA, LTE Cat4 150/50 Mbps","2015, September. Released 2015, October",Discontinued,132.2 x 65.1 x 10 mm (5.20 x 2.56 x 0.39 in),146 g (5.15 oz),,Micro-SIM,"IPS LCD capacitive touchscreen, 16M colors","4.5 inches, 55.8 cm2 (~64.8% screen-to-body ratio)","480 x 854 pixels, 16:9 ratio (~218 ppi density)",,Android 5.1 (Lollipop),Mediatek MT6735M (28 nm),Quad-core 1.0 GHz Cortex-A53,Mali-T720MP2,microSDHC (dedicated slot),8GB 1GB RAM,,LED flash,720p,5 MP,,,Yes,Yes,,"Wi-Fi 802.11 b/g/n, hotspot","4.0, A2DP","Yes, with A-GPS",,FM radio,microUSB 2.0,"Accelerometer, compass","Li-Ion 1780 mAh, non-removable",,"Silver, Anthracite",VF-795,About 70 EUR,,,,,,,,,,,,,2 MP,,,,,,,,,,,,,,,,,,,,,,,,,,,,,,,,
vodafone,Vodafone Smart ultra 6,https://fdn2.gsmarena.com/vv/bigpic/vodafone-smart-ultra-6.jpg,GSM / HSPA / LTE,GSM 850 / 900 / 1800 / 1900,eMMC 4.5,HSDPA,"3, 7, 20",,"HSPA, LTE","2015, June. Released 2015, June",Discontinued,154 x 77 x 8.4 mm (6.06 x 3.03 x 0.33 in),159 g (5.61 oz),,Nano-SIM,"IPS LCD capacitive touchscreen, 16M colors","5.5 inches, 83.4 cm2 (~70.3% screen-to-body ratio)","1080 x 1920 pixels, 16:9 ratio (~401 ppi density)",,"Android 5.0.1 (Lollipop), upgradable to 6.0.1 (Marshmallow)",Qualcomm MSM8939 Snapdragon 615 (28 nm),Octa-core (4x1.5 GHz Cortex-A53 & 4x1.1 GHz Cortex-A53),Adreno 405,microSDXC (dedicated slot),16GB 2GB RAM,,LED flash,1080p@30fps,"13 MP, AF",,,Yes,Yes,,"Wi-Fi 802.11 b/g/n, hotspot","4.0, A2DP","Yes, with A-GPS",,FM radio,microUSB 2.0,"Accelerometer, proximity","Li-Ion 3000 mAh, non-removable",,"Gray, Silver",Smart ultra 6,About 170 EUR,,,,,,,,,,,,,5 MP,,,,,,,,,Yes,Yes,,,,,,,,,,,,,,,,,,,,,,
vodafone,Vodafone Tab Prime 6,https://fdn2.gsmarena.com/vv/bigpic/vodafone-tab-prime-6.jpg,GSM / HSPA / LTE,GSM 900 / 1800,eMMC 4.5,HSDPA 900 / 2100,"1, 3, 7, 8, 20",,"HSPA 21.1/5.76 Mbps, LTE Cat4 150/50 Mbps","2015, May. Released 2015, May",Discontinued,244 x 146 x 8 mm (9.61 x 5.75 x 0.31 in),406 g (14.32 oz),,Micro-SIM,"IPS LCD capacitive touchscreen, 16M colors","9.6 inches, 267.2 cm2 (~75.0% screen-to-body ratio)","800 x 1280 pixels, 16:10 ratio (~157 ppi density)",,Android 5.0 (Lollipop),Qualcomm MSM8916 Snapdragon 410 (28 nm),Quad-core 1.3 GHz Cortex-A53,Adreno 306,microSDHC (dedicated slot),16GB 1GB RAM,,,Yes,5 MP,,,Yes,Yes,,"Wi-Fi 802.11 a/b/g/n, dual-band, hotspot","4.1, A2DP, LE","Yes, with A-GPS",,No,microUSB 2.0,"Accelerometer, proximity","Li-Ion 4600 mAh, non-removable",,Black,,About 210 EUR,,,,,,,,,,,,,2 MP,,,,,,,,Yes,,,,,,,,,,,,,,,,,,,,,,,,
vodafone,Vodafone Smart prime 6,https://fdn2.gsmarena.com/vv/bigpic/vodafone-smart-prime.jpg,GSM / HSPA / LTE,GSM 850 / 900 / 1800 / 1900,eMMC 4.5,HSDPA,LTE (unspecified),,"HSPA, LTE","2015, May. Released 2015, May",Discontinued,141.7 x 71.9 x 9 mm (5.58 x 2.83 x 0.35 in),155 g (5.47 oz),,Micro-SIM,"IPS LCD capacitive touchscreen, 16M colors","5.0 inches, 68.9 cm2 (~67.6% screen-to-body ratio)","720 x 1280 pixels, 16:9 ratio (~294 ppi density)",,Android 5.0.2 (Lollipop),Qualcomm MSM8916 Snapdragon 410 (28 nm),Quad-core 1.2 GHz Cortex-A53,Adreno 306,microSDXC (dedicated slot),8GB 1GB RAM,,LED flash,1080p@30fps,"8 MP, AF",,,Yes,Yes,,"Wi-Fi 802.11 b/g/n, hotspot","4.0, A2DP","Yes, with A-GPS",,FM radio,microUSB 2.0,"Accelerometer, proximity","Li-Po 2500 mAh, non-removable",,"Gray, Silver",,About 110 EUR,,,,,,,,,,,,,2 MP,,,,Up to 915 h (3G),,Up to 18 h (3G),,,Yes,Yes,,,,,,,,,,,,,,,,,,,,,,
vodafone,Vodafone Smart first 6,https://fdn2.gsmarena.com/vv/bigpic/vodafone-smart-first-6.jpg,GSM / HSPA,GSM 850 / 900 / 1800 / 1900,No,HSDPA,,,HSPA,"2015, May. Released 2015, May",Discontinued,121.6 x 64.4 x 11.8 mm (4.79 x 2.54 x 0.46 in),112 g (3.95 oz),,Mini-SIM,"TFT capacitive touchscreen, 16M colors","4.0 inches, 45.5 cm2 (~58.2% screen-to-body ratio)","480 x 800 pixels, 5:3 ratio (~233 ppi density)",,Android 4.4.2 (KitKat),Mediatek MT6572M (28 nm),Dual-core 1.0 GHz Cortex-A7,Mali-400,microSDHC (dedicated slot),4GB 512MB RAM,,,480p@30fps,2 MP,,,Yes,Yes,,"Wi-Fi 802.11 b/g/n, hotspot","4.0, A2DP","Yes, with A-GPS",,FM radio,microUSB 2.0,Accelerometer,"Li-Ion 1400 mAh, removable",,"Black, White",VF695,About 60 EUR,,,,,,,,,,,,,,,,,Up to 393 h (3G),,Up to 7 h (3G),,,Yes,Yes,,,,,,,,,,,,,,,,,,,,,,
vodafone,Vodafone Smart 4 max,https://fdn2.gsmarena.com/vv/bigpic/vodafone-smart-4-max.jpg,GSM / HSPA / LTE,GSM 900 / 1800 / 1900,eMMC 4.5,HSDPA 900 / 2100,"3, 7, 20",,"HSPA, LTE Cat4 150/50 Mbps","2015, January. Released 2015, January",Discontinued,164 x 83.4 x 7.9 mm (6.46 x 3.28 x 0.31 in),170 g (6.00 oz),,Micro-SIM,"IPS LCD capacitive touchscreen, 16M colors","6.0 inches, 99.2 cm2 (~72.6% screen-to-body ratio)","720 x 1280 pixels, 16:9 ratio (~245 ppi density)",,Android 4.4.2 (KitKat),Qualcomm MSM8926 Snapdragon 400 (28 nm),Quad-core 1.2 GHz Cortex-A7,Adreno 305,microSDHC (dedicated slot),8GB 1GB RAM,,LED flash,Yes,"13 MP, AF",,,Yes,Yes,,"Wi-Fi 802.11 b/g/n, hotspot","4.0, A2DP","Yes, with A-GPS",Yes,FM radio,microUSB 2.0,"Accelerometer, proximity","Li-Ion 3000 mAh, non-removable",,"Black, White",,,,,,,,,,,,,,,2 MP,,,,,,,,,,,,,,,,,,,,,,,,,,,,,,,,
vodafone,Vodafone Smart Tab 4G,https://fdn2.gsmarena.com/vv/bigpic/vodafone-smart-tab-4g.jpg,GSM / HSPA / LTE,GSM 850 / 900 / 1800 / 1900,eMMC 4.5,HSDPA,LTE (unspecified),,"HSPA, LTE","2014, October. Released 2014, October",Discontinued,209 x 123 x 8 mm (8.23 x 4.84 x 0.31 in),327 g (11.53 oz),,Micro-SIM,"IPS LCD capacitive touchscreen, 16M colors","8.0 inches, 176.4 cm2 (~68.6% screen-to-body ratio)","720 x 1280 pixels, 16:9 ratio (~184 ppi density)",,Android 4.4 (KitKat),Qualcomm MSM8916 Snapdragon 410 (28 nm),Quad-core 1.2 GHz Cortex-A53,Adreno 306,microSDXC (dedicated slot),8GB 1GB RAM,,,Yes,5 MP,,,Yes,Yes,,"Wi-Fi 802.11 b/g/n, hotspot","4.0, A2DP","Yes, with A-GPS",,No,microUSB 2.0,"Accelerometer, proximity","Li-Ion 4060 mAh, non-removable",,Black,,,,,,,,,,,,,,,2 MP,,,,,,,,,Yes,Yes,,,,,,,,,,,,,,,,,,,,,,
vodafone,Vodafone Smart 4G,https://fdn2.gsmarena.com/vv/bigpic/vodafone-smart-4g.jpg,GSM / HSPA / LTE,GSM 900 / 1800 / 1900,eMMC 4.5,HSDPA 900 / 2100,"3, 7, 20",,"HSPA, LTE","2014, October. Released 2014, October",Discontinued,134 x 67.1 x 10.3 mm (5.28 x 2.64 x 0.41 in),153 g (5.40 oz),,Micro-SIM,"IPS LCD capacitive touchscreen, 16M colors","4.5 inches, 55.8 cm2 (~62.1% screen-to-body ratio)","540 x 960 pixels, 16:9 ratio (~245 ppi density)",,Android 4.2.2 (Jelly Bean),Qualcomm MSM8930 Snapdragon 400 (28 nm),Dual-core 1.2 GHz Krait,Adreno 305,microSDHC (dedicated slot),8GB 1GB RAM,,LED flash,Yes,"8 MP, AF",,,Yes,Yes,,"Wi-Fi 802.11 a/b/g/n, dual-band, hotspot","4.0, A2DP","Yes, with A-GPS",Yes (optional),No,microUSB 2.0,"Accelerometer, proximity","Li-Ion 1880 mAh, removable",,Black,,,,,,,,,,,,,,,1 MP,,,,,,,,,,,,,,,,,,,,,,,,,,,,,,,,
vodafone,Vodafone Smart 4 turbo,https://fdn2.gsmarena.com/vv/bigpic/vodafone-smart-4-turbo.jpg,GSM / HSPA / LTE,GSM 900 / 1800 / 1900,eMMC 4.5,HSDPA 900 / 2100,"3, 7, 20",,"HSPA, LTE Cat4 150/50 Mbps","2014, Q2. Released 2014, Q2",Discontinued,134.5 x 67.5 x 10.4 mm (5.30 x 2.66 x 0.41 in),155 g (5.47 oz),,Micro-SIM,TFT capacitive touchscreen,"4.5 inches, 55.8 cm2 (~61.5% screen-to-body ratio)","480 x 854 pixels, 16:9 ratio (~218 ppi density)",,Android 4.4.2 (KitKat),Qualcomm MSM8926 Snapdragon 400 (28 nm),Quad-core 1.2 GHz Cortex-A7,Adreno 305,microSDHC (dedicated slot),4GB 1GB RAM,,LED flash,Yes,5 MP,,,Yes,Yes,,"Wi-Fi 802.11 b/g/n, hotspot","4.0, A2DP","Yes, with A-GPS",Yes,FM radio,microUSB 2.0,"Accelerometer, proximity","Li-Ion 1880 mAh, removable",,"Black, White",890N,About 100 EUR,,,,,,,,,,,,,VGA,,,,,0.45 W/kg (head)     1.32 W/kg (body),,,,,,,,,,,,,,,,,,,,,,,,,,,
vodafone,Vodafone Smart 4 power,https://fdn2.gsmarena.com/vv/bigpic/vodafone-smart-4-power.jpg,GSM / HSPA / LTE,GSM 850 / 900 / 1800 / 1900,,HSDPA 900 / 2100,"1, 3, 7, 8, 20",,"HSPA, LTE Cat4 150/50 Mbps","2014, June. Released 2014, June",Discontinued,141 x 71.4 x 9.5 mm (5.55 x 2.81 x 0.37 in),162 g (5.71 oz),,Micro-SIM,"IPS LCD capacitive touchscreen, 16M colors","5.0 inches, 68.9 cm2 (~68.5% screen-to-body ratio)","540 x 960 pixels, 16:9 ratio (~220 ppi density)",,Android 4.4.2 (KitKat),Mediatek MT6582M (28 nm),Quad-core 1.3 GHz Cortex-A7,Mali-400MP2,microSDHC (dedicated slot),4GB 1GB RAM,,LED flash,Yes,5 MP,,,Yes,Yes,,"Wi-Fi 802.11 b/g/n, hotspot","4.0, A2DP","Yes, with A-GPS",Yes,"FM radio, RDS",microUSB 2.0,"Accelerometer, proximity","Li-Ion 3000 mAh, non-removable",,"Black, White",985N,About 150 EUR,,,,,,,,,,,,,VGA,,,,,,,,,,,0.31 W/kg (head)     0.64 W/kg (body),,,,,,,,,,,,,,,,,,,,,
vodafone,Vodafone Smart 4,https://fdn2.gsmarena.com/vv/bigpic/vodafone-smart-4.jpg,GSM / HSPA,GSM 900 / 1800 / 1900,eMMC 4.5,HSDPA 900 / 2100,,,HSPA,"2014, May. Released 2014, May",Discontinued,134.7 x 66 x 10.6 mm (5.30 x 2.60 x 0.42 in),152 g (5.36 oz),,Micro-SIM,TFT capacitive touchscreen,"4.5 inches, 55.8 cm2 (~62.8% screen-to-body ratio)","480 x 854 pixels, 16:9 ratio (~218 ppi density)",,Android 4.4.2 (KitKat),Qualcomm MSM8210 Snapdragon 200 (28 nm),Dual-core 1.2 GHz Cortex-A7,Adreno 302,microSDHC (dedicated slot),4GB 512MB RAM,,LED flash,Yes,5 MP,,,Yes,Yes,,"Wi-Fi 802.11 b/g/n, hotspot","4.0, A2DP","Yes, with A-GPS",Yes (optional),FM radio,microUSB 2.0,"Accelerometer, proximity","Li-Ion 1880 mAh, removable",,"Black, White",,About 90 EUR,,,,,,,,,,,,,Yes,,,,,1.22 W/kg (head)     0.82 W/kg (body),,,,,,,,,,,,,,,,,,,,,,,,,,,
vodafone,Vodafone Smart 4 mini,https://fdn2.gsmarena.com/vv/bigpic/vodafone-smart-mini-4.jpg,GSM / HSPA,GSM 850 / 900 / 1800 / 1900,GSM 900 / 1800 / 1900,HSDPA 900 / 2100,,,HSPA,"2014, April. Released 2014, April",Discontinued,121.6 x 64.4 x 12.3 mm (4.79 x 2.54 x 0.48 in),117 g (4.13 oz),,Mini-SIM,TFT capacitive touchscreen,"4.0 inches, 45.5 cm2 (~58.2% screen-to-body ratio)","480 x 800 pixels, 5:3 ratio (~233 ppi density)",No,Android 4.2.2 (Jelly Bean),Mediatek MT6572 (28 nm),Dual-core 1.3 GHz Cortex-A7,Mali-400,microSDHC (dedicated slot),4GB 512MB RAM,,,480p@30fps,3.15 MP,,,Yes,Yes,,"Wi-Fi 802.11 b/g/n, hotspot","4.0, A2DP","Yes, with A-GPS",,FM radio,microUSB 2.0,"Accelerometer, proximity","Li-Ion 1400 mAh, removable",,"Black, White",,About 50 EUR,,,,,,,,,,,,,,,,,Up to 600 h (2G) / Up to 600 h (3G),,Up to 8 h (2G) / Up to 8 h (3G),,,,,0.66 W/kg (head),,,,,,,,,,,,,,,,,,,,,
vodafone,Vodafone Smart Tab III 10.1,https://fdn2.gsmarena.com/vv/bigpic/Vodafone-Smart-Tab-III-101.jpg,GSM / HSPA,GSM 850 / 900 / 1800 / 1900,HDMI port,HSDPA 850 / 900 / 1900 / 2100,,,HSPA,"2013, October. Released 2013, October",Discontinued,260 x 180 x 8.6 mm (10.24 x 7.09 x 0.34 in),560 g (1.23 lb),,Mini-SIM,"TFT capacitive touchscreen, 16M colors","10.1 inches, 295.8 cm2 (~63.2% screen-to-body ratio)","800 x 1280 pixels, 16:10 ratio (~149 ppi density)",,Android 4.2 (Jelly Bean),Mediatek MT8389,Quad-core 1.2 GHz Cortex-A7,PowerVR SGX544,microSDXC (dedicated slot),16GB,,,1080p@30fps,5 MP,,,Yes,Yes,,"Wi-Fi 802.11 b/g/n, hotspot","4.0, A2DP, EDR","Yes, with A-GPS",,No,microUSB 2.0,Accelerometer,"Li-Ion, non-removable",,Black,,,,,,,,,,,,,,,VGA,,,,Up to 240 h (2G) / Up to 240 h (3G),,,,,,,,,,,,,,,,,,,,,,,,,,,,
vodafone,Vodafone Smart Tab III 7,https://fdn2.gsmarena.com/vv/bigpic/Vodafone-Smart-Tab-III-70.jpg,GSM / HSPA,GSM 850 / 900 / 1800 / 1900,,HSDPA 850 / 900 / 1900 / 2100,,,HSPA,"2013, October. Released 2013, October",Discontinued,194 x 120 x 11 mm (7.64 x 4.72 x 0.43 in),350 g (12.35 oz),,Mini-SIM,"TFT capacitive touchscreen, 16M colors","7.0 inches, 137.9 cm2 (~59.2% screen-to-body ratio)","600 x 1024 pixels, 16:9 ratio (~170 ppi density)",,Android 4.2 (Jelly Bean),Mediatek MT8389,Quad-core 1.2 GHz Cortex-A7,PowerVR SGX544,microSDXC (dedicated slot),16GB,,,Yes,5 MP,,,Yes,Yes,,"Wi-Fi 802.11 b/g/n, hotspot","2.1, A2DP, EDR","Yes, with A-GPS",,No,microUSB 2.0,Accelerometer,"Li-Ion, non-removable",,Black,,,,,,,,,,,,,,,VGA,,,,,,,,,,,,,,,,,,,,,,,,,,,,,,,,
vodafone,Vodafone Chat 655,https://fdn2.gsmarena.com/vv/bigpic/vodafone-655.jpg,GSM / HSPA,GSM 850 / 900 / 1800 / 1900,No,HSDPA 2100,,,HSPA,2013. Released 2013,Discontinued,112 x 61.1 x 11 mm (4.41 x 2.41 x 0.43 in),104 g (3.67 oz),,Mini-SIM,TFT,"2.4 inches, 17.8 cm2 (~26.1% screen-to-body ratio)","320 x 240 pixels, 4:3 ratio (~167 ppi density)",OS level SNS integration MP3 player MP4/H.263 player Organizer Voice memo Photo viewer Predictive text input,,,,,microSDHC (dedicated slot),64MB,,,Yes,2 MP,,,Yes,Yes,,"Wi-Fi 802.11 b/g/n, hotspot",Yes,Yes,,FM radio,2.0,,"Li-Ion, removable",,Gray,,,,,,,,,,,,,,,,,,,Up to 509 h,,Up to 5 h,,,,,,QWERTY,"Yes, Photocall",Yes,"SMS(threaded view), MMS, Email, IM",Yes,Yes,,,,,,,,,,,,,,,
vodafone,Vodafone Smart Mini,https://fdn2.gsmarena.com/vv/bigpic/vodafone-smart-mini.jpg,GSM / HSPA,GSM 850 / 900 / 1800 / 1900,No,HSDPA 900 / 2100,,,HSPA,"2013, June. Released 2013, June",Discontinued,115 x 62.3 x 12.2 mm (4.53 x 2.45 x 0.48 in),118 g (4.16 oz),,Mini-SIM,TFT capacitive touchscreen,"3.5 inches, 36.5 cm2 (~50.9% screen-to-body ratio)","320 x 480 pixels, 3:2 ratio (~165 ppi density)",,Android 4.1 (Jelly Bean),Mediatek MT6575 (40 nm),1.0 GHz Cortex-A9,PowerVR SGX531,microSDHC (dedicated slot),4GB 512MB RAM,,,480p@30fps,2 MP,,,Yes,Yes,,"Wi-Fi 802.11 b/g/n, hotspot","4.0, A2DP","Yes, with A-GPS",,FM radio,microUSB 2.0,Accelerometer,"Li-Ion, removable",,Black,,About 50 EUR,,,,,,,,,,,,,,,,,Up to 500 h (2G) / Up to 300 h (3G),,Up to 13 h (2G) / Up to 7 h (3G),,,,,,,,,,,,,,,,,,,,,,,,,,
vodafone,Vodafone Smart III 975,https://fdn2.gsmarena.com/vv/bigpic/vodafone-smart-iii-975.jpg,GSM / HSPA,GSM 850 / 900 / 1800 / 1900,No,HSDPA 900 / 2100,,,HSPA,2013. Released 2013,Discontinued,123.2 x 64.4 x 10.9 mm (4.85 x 2.54 x 0.43 in),136 g (4.80 oz),,Mini-SIM,TFT capacitive touchscreen,"4.0 inches, 45.5 cm2 (~57.4% screen-to-body ratio)","480 x 800 pixels, 5:3 ratio (~233 ppi density)",,Android 4.1 (Jelly Bean),Mediatek MT6575 (40 nm),1.0 GHz Cortex-A9,PowerVR SGX531,microSDHC (dedicated slot),4GB 512MB RAM,,LED flash,720p@30fps,"5 MP, AF",,,Yes,Yes,,"Wi-Fi 802.11 b/g/n, hotspot","4.0, A2DP","Yes, with A-GPS",Yes (975N model only),FM radio,microUSB 2.0,"Accelerometer, proximity","Li-Ion 1500 mAh, removable",,"Black, White, Hot Pink, Titan",,About 110 EUR,,,,,,,,,,,,,,,,,Up to 475 h (2G) / Up to 388 h (3G),0.54 W/kg (head)     0.76 W/kg (body),Up to 6 h,,,,,,,,,,,,,,,,,,,,,,,,,,
vodafone,Vodafone Smart Tab II 10,https://fdn2.gsmarena.com/vv/bigpic/vodafone-smart-tab-10-ii.jpg,GSM / HSPA,GSM 900 / 1800 / 1900,HDMI port,HSDPA 900 / 2100,,,HSPA,"2012, November. Released 2012, November",Discontinued,259.8 x 178 x 8.7 mm (10.23 x 7.01 x 0.34 in),580 g (1.28 lb),,Mini-SIM,TFT capacitive touchscreen,"10.0 inches, 290.0 cm2 (~62.7% screen-to-body ratio)","800 x 1280 pixels, 16:10 ratio (~151 ppi density)",,Android 4.0.3 (Ice Cream Sandwich),Qualcomm MSM8260 Snapdragon S3,Dual-core 1.5 GHz Scorpion,Adreno 220,No,16GB 1GB RAM,,,Yes,"5 MP, AF",,,"Yes, with stereo speakers",Yes,,"Wi-Fi 802.11 b/g/n, hotspot, DLNA","4.0, A2DP","Yes, with A-GPS",,No,2.0,Accelerometer,"Li-Ion 6340 mAh, non-removable",,Gray,,About 270 EUR,,,,,,,,,,,,,1.3 MP,,,,,,,,,,,1.10 W/kg (body),,,,,,,,,,,,,,,,,,,,,
vodafone,Vodafone Smart Tab II 7,https://fdn2.gsmarena.com/vv/bigpic/vodafone-smart-tab-ii.jpg,GSM / HSPA,GSM 900 / 1800 / 1900,,HSDPA 900 / 2100,,,HSPA,"2012, November. Released 2012, November",Discontinued,192 x 122 x 11.4 mm (7.56 x 4.80 x 0.45 in),400 g (14.11 oz),,Mini-SIM,TFT capacitive touchscreen,"7.0 inches, 137.9 cm2 (~58.9% screen-to-body ratio)","600 x 1024 pixels, 16:9 ratio (~170 ppi density)",,Android 4.0.4 (Ice Cream Sandwich),Mediatek MT6575 (40 nm),1.0 GHz Cortex-A9,PowerVR SGX531,microSDHC (dedicated slot),4GB 1GB RAM,,,Yes,2 MP,,,"Yes, with stereo speakers",Yes,,"Wi-Fi 802.11 b/g/n, DLNA, hotspot",3.0,"Yes, with A-GPS",,No,2.0,Accelerometer,"Li-Ion 3550 mAh, non-removable",,Gray,,About 180 EUR,,,,,,,,,,,,,VGA,,,,,,Up to 7 h,,,,,0.93 W/kg (body),,,,,,,,,,,,,,,,,,,,,
vodafone,Vodafone V860 Smart II,https://fdn2.gsmarena.com/vv/bigpic/vodafone-smart-ii.jpg,GSM / HSPA,GSM 850 / 900 / 1800 / 1900,No,HSDPA 2100,,,HSPA 7.2/5.76 Mbps,"2012, June. Released 2012, June",Discontinued,109 x 58 x 12.3 mm (4.29 x 2.28 x 0.48 in),120 g (4.23 oz),,Mini-SIM,TFT capacitive touchscreen,"3.2 inches, 30.5 cm2 (~48.2% screen-to-body ratio)","320 x 480 pixels, 3:2 ratio (~180 ppi density)",Vodafone Music MP3/WMA/eAAC+ player MP4/H.264 player Organizer Document viewer Photo viewer/editor Voice memo/dial/commands Predictive text input (Swype),Android 2.3.7 (Gingerbread),BCM21553,832 MHz ARMv6,,"microSDHC (dedicated slot), 2 GB included",1GB 512MB RAM,,LED flash,480p@20fps,3.15 MP,,,Yes,Yes,,"Wi-Fi 802.11 b/g/n, hotspot","2.1, A2DP","Yes, with A-GPS",,"FM radio, RDS",microUSB 2.0,"Accelerometer, proximity, compass",Removable Li-Ion 1200 mAh battery,,"Black, White",,About 70 EUR,,,,,,,,,,,,,,,,,Up to 400 h,,Up to 9 h,,,,,,,,,,,,,,,,,,,,,,,,,,
vodafone,Vodafone Smart Tab 10,https://fdn2.gsmarena.com/vv/bigpic/vodafone-smart-tab.jpg,GSM / HSPA,GSM 850 / 900 / 1800 / 1900,MP4/H.264 player MP3/WAV/eAAC+ player Organizer Photo/video editor Document viewer Voice memo Predictive text input,HSDPA 2100,,,HSPA 14.4/5.76 Mbps,"2012, February. Released 2012, February",Discontinued,-,-,,Mini-SIM,"TFT capacitive touchscreen, 16M colors","10.0 inches, 290.0 cm2","800 x 1280 pixels, 16:10 ratio (~151 ppi density)",,Android 3.2 (Honeycomb),Qualcomm MSM8260 Snapdragon S3,Dual-core 1.2 GHz Scorpion,Adreno 220,microSDHC (dedicated slot),16GB (12.7GB user available),,,720p,"5 MP, AF",,,"Yes, with stereo speakers",Yes,,"Wi-Fi 802.11 b/g/n, hotspot","2.1, A2DP, EDR","Yes, with A-GPS",,No,2.0,"Accelerometer, compass",Non-removable Li-Ion battery,,Black,,About 300 EUR,,,,,,,,,,,,,2 MP,,,,,,,,,,,,,,,,,,,,,,,,,,,,,,,,
vodafone,Vodafone Smart Tab 7,https://fdn2.gsmarena.com/vv/bigpic/vodafone-smart-tab-7.jpg,GSM / HSPA,GSM 850 / 900 / 1800 / 1900,MP4/H.264 player MP3/WAV/eAAC+ player Organizer Photo/video editor Document viewer Voice memo Predictive text input,HSDPA 2100,,,HSPA 14.4/5.76 Mbps,"2012, February. Released 2012, February",Discontinued,194 x 120 x 11.4 mm (7.64 x 4.72 x 0.45 in),319 g (11.25 oz),,Mini-SIM,"TFT capacitive touchscreen, 16M colors","7.0 inches, 142.1 cm2 (~61.0% screen-to-body ratio)","800 x 1280 pixels, 16:10 ratio (~216 ppi density)",,Android 3.2 (Honeycomb),Qualcomm MSM8260 Snapdragon S3,Dual-core 1.2 GHz Scorpion,Adreno 220,microSDHC (dedicated slot),16GB (12.7GB user available),,,720p,"5 MP, AF",,,"Yes, with stereo speakers",Yes,,"Wi-Fi 802.11 b/g/n, hotspot","2.1, A2DP, EDR","Yes, with A-GPS",,No,2.0,"Accelerometer, compass",Non-removable Li-Ion 3400 mAh battery,,Black,,About 230 EUR,,,,,,,,,,,,,2 MP,,,,,,Up to 7 h,,,,,,,,,,,,,,,,,,,,,,,,,,
vodafone,Vodafone 155,https://fdn2.gsmarena.com/vv/bigpic/vodafone-155.jpg,GSM,GSM 900 / 1800,SOS button Flashlight,,,,,2012,Discontinued,110 x 56.5 x 13.5 mm (4.33 x 2.22 x 0.53 in),68 g (2.40 oz),,Mini-SIM,TFT,"1.7 inches, 9.1 cm2 (~14.6% screen-to-body ratio)",128 x 160 pixels (~121 ppi density),No,,,,,No,0.3MB,,,,,,,Yes,No,Organizer Speed dial,No,No,No,,FM radio,microUSB (charging only),,Removable Li-Ion battery,,Black,,About 30 EUR,,,,,,,,,,,,,,,,,Up to 700 h,,Up to 10 h,,,No,No,,,Yes,Yes,SMS,No,No,,,,,,,,,,,,,,,
vodafone,Vodafone 555 Blue,https://fdn2.gsmarena.com/vv/bigpic/vodafone-555-new.jpg,GSM,GSM 900 / 1800,No,,,,,"2011, July. Released 2011, August",Discontinued,110 x 61.1 x 12 mm (4.33 x 2.41 x 0.47 in),-,,Mini-SIM,"TFT, 256K colors","2.4 inches, 17.8 cm2 (~26.5% screen-to-body ratio)","320 x 240 pixels, 4:3 ratio (~167 ppi density)",Facebook dedicated key OS level SNS integration MP3/eAAC+/WMA player MP4/H.263 player Organizer Voice memo Predictive text input,,,200 MHz MTK 6235,,microSDHC (dedicated slot),40MB,,LED flash,Yes,2 MP,,,Yes,Yes,,No,"2.1, A2DP",No,,"FM radio, RDS",2.0,,Removable Li-Ion 1000 mAh battery,,White,,About 70 EUR,,,,,,,,,,,,,,,,,Up to 324 h,,Up to 3 h,,,Yes,Yes,,QWERTY,"Yes, Photocall",Yes,"SMS, MMS, Email, IM",Yes,"Yes, MIDP 2.0",,,,,,,,,,,,,,,
vodafone,Vodafone 858 Smart,https://fdn2.gsmarena.com/vv/bigpic/vodafone-smart.jpg,GSM / HSPA,GSM 850 / 900 / 1800 / 1900,No,HSDPA 2100,,,HSPA 3.6/0.384 Mbps,"2011, May. Released 2011, June",Discontinued,103.8 x 56.8 x 12.6 mm (4.09 x 2.24 x 0.50 in),104 g (3.67 oz),,Mini-SIM,"TFT capacitive touchscreen, 256K colors","2.8 inches, 24.3 cm2 (~41.2% screen-to-body ratio)","240 x 320 pixels, 4:3 ratio (~143 ppi density)",Vodafone Music MP3/WMA/eAAC+ player MP4/H.264 player Organizer Photo viewer/editor Voice memo/dial/commands Predictive text input (Swype),Android 2.2 (Froyo),Qualcomm MSM7225 Snapdragon S1,528 MHz ARM 11,No,microSDHC (dedicated slot),130MB,,,Yes,2 MP,,,Yes,Yes,,"Wi-Fi 802.11 b/g, hotspot","2.1, A2DP","Yes, with A-GPS",,"Stereo FM radio, RDS",microUSB 2.0,"Accelerometer, proximity, compass",Removable Li-Ion battery,,"White, Black, custom graphic designs",,About 130 EUR,,,,,,,,,,,,,,,,,Up to 250 h (2G) / Up to 380 h (3G),,Up to 4 h (2G) / Up to 4 h 30 min (3G),,,,,,,,,,,,HTML,,,,,,,,,,,,,,
vodafone,Vodafone 945,https://fdn2.gsmarena.com/vv/bigpic/Vodafone-945.jpg,GSM / HSPA,GSM 900 / 1800 / 1900,MP3/WAV/eAAC+/WMA player MP4/H.264 player Organizer Voice memo Predictive text input,HSDPA 900 / 2100,,,HSPA 3.6/0.384 Mbps,"2010, September. Released 2010, Q4",Discontinued,109.1 x 55.9 x 14.1 mm (4.30 x 2.20 x 0.56 in),130 g (4.59 oz),,Mini-SIM,"TFT capacitive touchscreen,  256K colors","3.2 inches, 29.1 cm2 (~47.8% screen-to-body ratio)","240 x 400 pixels, 5:3 ratio (~146 ppi density)",,Android 2.1 (Eclair),,,,microSDHC (dedicated slot),300MB,,LED flash,Yes,5 MP,,,Yes,No,,Wi-Fi 802.11 b/g,"2.1, A2DP","Yes, with A-GPS",,No,2.0,Accelerometer,Removable Li-Ion 1500 mAh battery,,"Black, Silver",,,,,,,,,,,,,,,Yes,,,,Up to 216 h (2G) / Up to 233 h (3G),,Up to 4 h (2G) / Up to 4 h (3G),,,,,1.18 W/kg (head),,,,,,,HTML,,,,,,,,,,,,,,
vodafone,Vodafone 553,https://fdn2.gsmarena.com/vv/bigpic/vodafone-553.jpg,GSM,GSM 900 / 1800,No,,,,,"2010, September. Released 2010, Q4",Discontinued,108 x 53 x 14.9 mm (4.25 x 2.09 x 0.59 in),119 g (4.20 oz),,Mini-SIM,"TFT resistive touchscreen, 256K colors","2.8 inches, 24.3 cm2 (~42.4% screen-to-body ratio)","240 x 320 pixels, 4:3 ratio (~143 ppi density)","Facebook, Twitter, Gtalk, Yahoo messenger, ICQ MP3/WAV player MP4/H.263 player Organizer Voice memo Predictive text input",,,,,microSDHC (dedicated slot),50MB,,,Yes,2 MP,,,Yes,No,,No,"2.0, A2DP",No,,FM radio,2.0,,Removable Li-Ion 900 mAh battery,,"White, Black, Pink, Silver",,,,,,,,,,,,,,,,,,,Up to 384 h,,Up to 5 h 20 min,,,Class 12,Class 12,,QWERTY,"1000 entries, Photocall",Practically unlimited,"SMS, MMS, Email, IM",Yes,"Yes, MIDP 2.0","WAP 2.0/xHTML, HTML",,,,,,,,,,,,,,
vodafone,Vodafone 360 H2,https://fdn2.gsmarena.com/vv/bigpic/vodafone-360-h2.jpg,GSM / HSPA,GSM 850 / 900 / 1800 / 1900,3D UI,HSDPA 2100,,,HSPA 7.2/5.76 Mbps,Not officially announced yet,Discontinued,125 x 60.8 x 11.7 mm (4.92 x 2.39 x 0.46 in),137 g (4.83 oz),,Mini-SIM,"Super AMOLED capacitive touchscreen, 16M colors","3.7 inches, 39.0 cm2 (~51.3% screen-to-body ratio)","480 x 800 pixels, 5:3 ratio (~252 ppi density)",MP3/eAAC+/WAV player DivX/WMV/MP4/H.264 player Organizer Document viewer Voice memo Predictive text input,LiMo OS,,1.0 GHz Cortex-A8,PowerVR SGX,microSDHC (dedicated slot),16GB,,LED flash,720p@30fps,"8 MP, AF",,,Yes,Yes,,Wi-Fi 802.11 b/g/n,"3.0, A2DP","Yes, with A-GPS",,"Stereo FM radio, RDS",microUSB 2.0,"Accelerometer, proximity, compass",Removable Li-Ion battery,,"Black, Silver",,,,,,,,,,,,,,,Yes,,,,,,,,,,,,,,,,,,HTML,,,,,,,,,,,,,,
vodafone,Vodafone 845,https://fdn2.gsmarena.com/vv/bigpic/vodafone-845-final.jpg,GSM / HSPA,GSM 900 / 1800 / 1900,No,HSDPA 900 / 2100,,,HSPA 3.6/0.384 Mbps,"2010, April. Released 2010, May",Discontinued,99 x 55 x 14 mm (3.90 x 2.17 x 0.55 in),109 g (3.84 oz),,Mini-SIM,"TFT resistive touchscreen, 256K colors","2.8 inches, 24.3 cm2 (~44.6% screen-to-body ratio)","240 x 320 pixels, 4:3 ratio (~143 ppi density)",MP3/WAV/eAAC+/WMA player MP4/H.264 player Document viewer  Organizer Photo/video editor Voice memo Predictive text input,Android 2.1 (Eclair),,,,microSDHC (dedicated slot),512MB 128MB RAM,,,Yes,"3.15 MP, AF",,,Yes,Yes,,Wi-Fi 802.11 b/g,"2.1, A2DP","Yes, with A-GPS",,Stereo FM radio,2.0,"Accelerometer, compass",Removable Li-Ion 1200 mAh battery,,Black,,About 100 EUR,,,,,,,,,,,,,,,,,Up to 288 h,,Up to 3 h 30 min,,,,,,,,,,,,HTML,,,,,,,,,,,,,,
vodafone,Vodafone 547,https://fdn2.gsmarena.com/vv/bigpic/vodafone-547.jpg,GSM,GSM 850 / 900 / 1800 / 1900,No,,,,,"2010, April. Released 2010, April",Discontinued,-,-,,Mini-SIM,"TFT resistive touchscreen, 256K colors","2.8 inches, 22.3 cm2","240 x 400 pixels, 5:3 ratio (~167 ppi density)",MP3/AAC player MP4/H.264 player Organizer Voice memo Predictive text input,,,,,microSD (dedicated slot),,,,Yes,2 MP,,,Yes,No,,No,2.0,No,,"Stereo FM radio, RDS",Proprietary,,Removable Li-Ion battery,,"Black, White, Red",,About 40 EUR,,,,,,,,,,,,,,,,,,,,,,Class 10,Class 10,0.65 W/kg (head),,"Yes, Photocall",Yes,"SMS, MMS, Email",Yes,"Yes, MIDP 2.0",WAP 2.0/xHTML (Opera Mini),,,,,,,,,,,,,,
vodafone,Vodafone 546,https://fdn2.gsmarena.com/vv/bigpic/vodafone-546.jpg,GSM,GSM 850 / 900 / 1800 / 1900,No,,,,,"2010, April. Released 2010, April",Discontinued,-,-,,Mini-SIM,"TFT, 256K colors","2.2 inches, 15.0 cm2","320 x 240 pixels, 4:3 ratio (~182 ppi density)",MP3 player MP4/H.263 player Organizer Voice memo Predictive text input,,,,,microSD (dedicated slot),,,,Yes,2 MP,,,Yes,No,,No,2.1,No,,"FM radio, RDS",No,,Removable Li-Ion battery,,"Black, White",,,,,,,,,,,,,,,,,,,,,,,,Class 10,Class 10,,QWERTY,"Yes, Photocall",Yes,"SMS, MMS, Email",Yes,"Yes, MIDP 2.0",WAP 2.0/xHTML (Opera Mini),,,,,,,,,,,,,,
vodafone,Vodafone 543,https://fdn2.gsmarena.com/vv/bigpic/vodafone-543.jpg,GSM,GSM 850 / 900 / 1800 / 1900,No,,,,,"2010, April. Released 2010, April",Discontinued,-,-,,Mini-SIM,"TFT resistive touchscreen, 256K colors","2.4 inches, 17.8 cm2","240 x 320 pixels, 4:3 ratio (~167 ppi density)",MP3/AAC player MP4/H.264 player Organizer Voice memo Predictive text input,,,,,microSD (dedicated slot),,,,Yes,1.3 MP,,,Yes,No,,No,2.1,No,,"Stereo FM radio, RDS",Proprietary,,Removable Li-Ion battery,,"Black, Red",,About 30 EUR,,,,,,,,,,,,,,,,,,,,,,Class 10,Class 10,,,"Yes, Photocall",Yes,"SMS, MMS",Yes,"Yes, MIDP 2.0",WAP 2.0/xHTML (Opera Mini),,,,,,,,,,,,,,
vodafone,Vodafone 350 Messaging,https://fdn2.gsmarena.com/vv/bigpic/vodafone-350-messaging-new.jpg,GSM,GSM 900 / 1800 / 1900,No,,,,,"2010, April. Released 2010, August",Discontinued,-,-,,Mini-SIM,"TFT, 65K colors",1.8 inches,,Weather forecast Calculator Fake calls Currency converter Predictive text input,,,,,No,,,,,,,,Yes,No,,No,No,No,,FM radio,No,,Removable Li-Ion battery,,"Black, White, Pink",,,,,,,,,,,,,,,,,,,,,,,,Class 10,Yes,,QWERTY,Yes,Yes,"SMS, MMS, Email",Yes,No,WAP 2.0/xHTML,,,,,,,,,,,,,,
vodafone,Vodafone 345 Text,https://fdn2.gsmarena.com/vv/bigpic/vodafone-350-messaging-new.jpg,GSM,GSM 900 / 1800 / 1900,No,,,,,"2010, April. Released 2010, July",Discontinued,-,-,,Mini-SIM,"TFT, 65K colors",1.8 inches,,Calculator Fake calls Currency converter Predictive text input,,,,,No,,,,,,,,Yes,No,,No,No,No,,FM radio,No,,Removable Li-Ion battery,,"Black, White, Pink",,About 20 EUR,,,,,,,,,,,,,,,,,,,,,,No,No,,QWERTY,Yes,Yes,SMS,Yes,No,No,,,,,,,,,,,,,,
vodafone,Vodafone 248,https://fdn2.gsmarena.com/vv/bigpic/vodafone-248.jpg,GSM,GSM 900 / 1800 / 1900,No,,,,,"2010, April. Released 2010, May",Discontinued,-,-,,Mini-SIM,"TFT, 65K colors",1.8 inches,,Calculator Currency converter Predictive text input,,,,,No,,,,,,,,Yes,No,,No,No,No,,FM radio,No,,Removable Li-Ion battery,,Black,,,,,,,,,,,,,,,,,,,,,,,,No,No,,,Yes,Yes,SMS,No,No,No,,,,,,,,,,,,,,
vodafone,Vodafone 247 Solar,https://fdn2.gsmarena.com/vv/bigpic/vodafone-247.jpg,GSM,GSM 900 / 1800 / 1900,Flashlight,,,,,"2010, April. Released 2010, May",Discontinued,-,-,,Mini-SIM,"TFT, 65K colors",1.44 inches,,No,,,,,No,,,,,,,,Yes,No,Made of eco-friendly materials Calculator Currency converter Predictive text input,No,No,No,,FM radio,No,,Removable Li-Ion battery,Solar panel for battery charging,Black,,,,,,,,,,,,,,,,,,,,,,,,No,No,,,Yes,Yes,SMS,No,No,No,,,,,,,,,,,,,,
vodafone,Vodafone 246,https://fdn2.gsmarena.com/vv/bigpic/vodafone-247.jpg,GSM,GSM 900 / 1800 / 1900,Flashlight,,,,,"2010, April. Released 2010, April",Discontinued,-,-,,Mini-SIM,"TFT, 65K colors",1.44 inches,,No,,,,,No,,,,,,,,Yes,No,Calculator Currency converter Predictive text input,No,No,No,,"Stereo FM radio, RDS",No,,Removable Li-Ion battery,,Black,,,,,,,,,,,,,,,,,,,,,,,,No,No,,,Yes,Yes,SMS,No,No,No,,,,,,,,,,,,,,
vodafone,Vodafone 250,https://fdn2.gsmarena.com/vv/bigpic/vodafone-250.jpg,GSM,GSM 900 / 1800,Flashlight,,,,,"2010, February. Released 2010, February",Discontinued,-,-,,Mini-SIM,"CSTN, 65K colors","1.45 inches, 6.8 cm2","128 x 128 pixels, 1:1 ratio (~125 ppi density)",No,,,,,No,No,,,,,,,Yes,No,Organizer Voice memo,No,No,No,,FM radio,miniUSB (charging only),,Removable Li-Ion 500 mAh battery,,"Black, Grey-Blue",,About 10 EUR,,,,,,,,,,,,,,,,,Up to 400 h,,Up to 5 h,,,No,No,,,100 entries,Yes,SMS,Yes,No,No,,,,,,,,,,,,,,
vodafone,Vodafone 150,https://fdn2.gsmarena.com/vv/bigpic/vodafone-150.jpg,GSM,GSM 900 / 1800,Flashlight,,,,,"2010, February. Released 2010, February",Discontinued,-,-,,Mini-SIM,"STN, monochrome graphics","1.0 inches, 3.0 cm2","96 x 64 pixels, 3:2 ratio (~115 ppi density)",No,,,,,No,No,,,,,,,Yes,No,Organizer Voice memo,No,No,No,,No,miniUSB (charging only),,Removable Li-Ion 500 mAh battery,,Black,,About 10 EUR,,,,,,,,,,,,,,,,,Up to 400 h,,Up to 5 h,,,No,No,,,100 entries,Yes,SMS,Yes,No,No,,,,,,,,,,,,,,
vodafone,Vodafone 1240,https://fdn2.gsmarena.com/vv/bigpic/vodafone-1240.jpg,GSM / HSPA,GSM 850 / 900 / 1800 / 1900,No,HSDPA 2100,,,HSPA 3.6/0.384 Mbps,"2009, November. Released 2009, November",Discontinued,-,-,,Mini-SIM,"TFT, 256K colors",", -","320 x 240 pixels, 4:3 ratio",MP3/AAC player MP4/H.264 player Document viewer Organizer Voice memo Predictive text input,,,,,microSD (dedicated slot),,,,Yes,2 MP,,,Yes,No,,No,"2.0, A2DP",,,No,2.0,,Removable Li-Ion battery,,Black,,,,,,,,,,,,,,,,,,,Up to 400 h,,Up to 3 h 30 min,,,,,,QWERTY,"1000 entries, Photocall",Yes,"SMS, MMS, Email, Push Email",Yes,"Yes, MIDP 2.0","WAP 2.0/xHTML, HTML",,,,,,,,,,,,,,
vodafone,Vodafone 840,https://fdn2.gsmarena.com/vv/bigpic/vodafone-840.jpg,GSM / UMTS,GSM 900 / 1800 / 1900,MP3/AAC player MP4/H.264 player Organizer Voice memo Predictive text input,UMTS 2100,,,"Yes, 384 kbps","2009, November. Released 2009, November",Discontinued,106 x 56 x 13.9 mm (4.17 x 2.20 x 0.55 in),93 g (3.28 oz),,Mini-SIM,"TFT touchscreen, 65K colors","2.8 inches, 24.3 cm2 (~40.9% screen-to-body ratio)","240 x 320 pixels, 4:3 ratio (~143 ppi density)",,,,,,microSDHC (dedicated slot),100MB,,,Yes,2 MP,,,Yes,No,,No,"2.0, A2DP",No,,No,2.0,,Removable Li-Ion battery,,"Silver, White, Pink, Green",,,,,,,,,,,,,,,Yes,,,,Up to 380 h,,Up to 4 h,,,,,,,"1000 contacts, Photocall",Yes,"SMS, MMS, Email",Yes,"Yes, MIDP 2.0","WAP 2.0/xHTML, HTML",,,,,,,,,,,,,,
vodafone,Vodafone 541,https://fdn2.gsmarena.com/vv/bigpic/vodafone-541.jpg,GSM,GSM 900 / 1800 / 1900,Home screen widgets,,,,,"2009, November. Released 2009, November",Discontinued,96 x 52 x 16 mm (3.78 x 2.05 x 0.63 in),82 g (2.89 oz),,Mini-SIM,"TFT touchscreen, 256K colors","2.4 inches, 17.8 cm2 (~35.7% screen-to-body ratio)","240 x 320 pixels, 4:3 ratio (~167 ppi density)",No,,,,,microSDHC (dedicated slot),5MB,,,Yes,1.3 MP,,,Yes,No,MP3/AAC player MP4/H.264 player Organizer Voice memo Predictive text input,No,"2.0, A2DP",No,,"Stereo FM radio, RDS",miniUSB 1.1,Accelerometer,Removable Li-Ion 750 mAh battery,,"Black, White, Red, Pink",,,,,,,,,,,,,,,,,,,Up to 380 h,,Up to 4 h 30 min,Up to 15 h,,Class 10,No,,,"500 contacts, Photocall",Yes,"SMS, MMS, Email",Yes,"Yes, MIDP 2.0",WAP 2.0/xHTML,,,,,,,,,,,,,,
vodafone,Vodafone 540,https://fdn2.gsmarena.com/vv/bigpic/vodafone-540.jpg,GSM,GSM 900 / 1800 / 1900,No,,,,,"2009, November. Released 2009, November",Discontinued,109 x 47 x 11.3 mm (4.29 x 1.85 x 0.44 in),90 g (3.17 oz),,Mini-SIM,"TFT, 65K colors","2.0 inches, 12.6 cm2 (~24.6% screen-to-body ratio)",176 x 220 pixels (~141 ppi density),MP3/AAC player MP4/H.264 player Organizer Voice memo Predictive text input,,,,,microSDHC (dedicated slot),8MB,,,Yes,2 MP,,,Yes,No,,No,Yes,No,,FM radio,,,Removable Li-Ion 850 mAh battery,,Black,,,,,,,,,,,,,,,,,,,Up to 300 h,,Up to 4 h,,,Class 10,No,,,"500 entries, Photocall","20 dialed, 20 received, 20 missed calls","SMS, MMS, Email",Yes,"Yes, MIDP 2.0","WAP 2.0/xHTML, HTML (Opera Mini)",,,,,,,,,,,,,,
vodafone,Vodafone 340,https://fdn2.gsmarena.com/vv/bigpic/vodafone-340.jpg,GSM,GSM 900 / 1800,No,,,,,"2009, November. Released 2009, November",Discontinued,109 x 45.5 x 12 mm (4.29 x 1.79 x 0.47 in),69 g (2.43 oz),,Mini-SIM,"TFT, 65K colors","1.5 inches, 7.1 cm2 (~14.3% screen-to-body ratio)",128 x 160 pixels (~137 ppi density),MP3/AAC player Organizer Voice memo Predictive text input,,,,,No,2MB,,,No,VGA,,,Yes,No,,No,Yes,No,,FM radio,Proprietary,,Removable Li-Ion 700 mAh battery,,"Black, White, Pink",,About 20 EUR,,,,,,,,,,,,,,,,,Up to 270 h,,Up to 3 h,,,Class 10,No,,,Yes,Yes,"SMS, MMS, Email",Yes,No,WAP 2.0/xHTML,,,,,,,,,,,,,,
vodafone,Vodafone 360 H1,https://fdn2.gsmarena.com/vv/bigpic/vodafone-360-h1.jpg,GSM / HSPA,GSM 850 / 900 / 1800 / 1900,3D user interface,HSDPA 2100,,,HSPA,"2009, September. Released 2009, November",Discontinued,"115.9 x 58 x 12.9 mm, 60 cc (4.56 x 2.28 x 0.51 in)",134 g (4.73 oz),,Mini-SIM,"AMOLED capacitive touchscreen, 16M colors","3.5 inches, 34.9 cm2 (~51.9% screen-to-body ratio)","480 x 800 pixels, 5:3 ratio (~267 ppi density)",MP3/video player Organizer,LiMo OS,,600 MHz Cortex-A8,PowerVR SGX,microSDHC (dedicated slot),16GB,,LED flash,720p@30fps,"5 MP, AF",,,Yes,Yes,,Wi-Fi 802.11 b/g,"2.0, A2DP","Yes, with A-GPS",,"Stereo FM radio, RDS",2.0,,Removable Li-Ion battery,,"Black, Silver",,,,,,,,,,,,,,,Yes,,,,Up to 460 h,,Up to 10 h (2G) / Up to 6 h 40 min (3G),,,,,,,,,,,,HTML,,,,,,,,,,,,,,
vodafone,Vodafone 360 M1,https://fdn2.gsmarena.com/vv/bigpic/vodafone-360-m1.jpg,GSM / HSPA,GSM 850 / 900 / 1800 / 1900,Vodafone 360 3D UI applications,HSDPA 2100,,,HSPA 3.6/0.384 Mbps,"2009, September. Released 2009, November",Discontinued,112 x 55.4 x 13.4 mm (4.41 x 2.18 x 0.53 in),111 g (3.92 oz),,Mini-SIM,"TFT touchscreen, 16M colors","3.2 inches, 29.1 cm2 (~47.0% screen-to-body ratio)","240 x 400 pixels, 5:3 ratio (~146 ppi density)","MP3, AAC, AAC+, AAC+(e), WMA, AMR player DivX/XViD/MP4/H.264/WMV player Organizer",Linux-based LiMo R2.0.1,,600 MHz Cortex-A8,PowerVR SGX,microSDHC (dedicated slot),1GB,,,480p@15fps,3.15 MP,,,Yes,Yes,,No,"2.0, A2DP","Yes, with A-GPS",,"Stereo FM radio, RDS",2.0,,Removable Li-Ion 1500 mAh battery,,"Black, White, Red",,About 290 EUR,,,,,,,,,,,,,Yes,,,,Up to 490 h,,Up to 10 h (2G) / Up to 6 h 40 min (3G),,,,,,,,,,,,HTML,,,,,,,,,,,,,,
vodafone,Vodafone 533 Crystal,https://fdn2.gsmarena.com/vv/bigpic/vodafone-533-crystal.jpg,GSM,GSM 900 / 1800 / 1900,Swarovski Elements animations and wallpapers,,,,,"2009, September. Released 2009, October",Discontinued,"98.5 x 46.2 x 14.7 mm, 60 cc (3.88 x 1.82 x 0.58 in)",90 g (3.17 oz),,Mini-SIM,"TFT, 256K colors","2.0 inches, 12.6 cm2 (~27.7% screen-to-body ratio)",176 x 220 pixels (~141 ppi density),No,,,,,microSDHC (dedicated slot),8MB,,,No,1.3 MP,,,Yes,No,MP3 player Organizer Voice memo Predictive text input,No,"2.0, A2DP",No,,"Stereo FM radio, RDS",1.1,,Removable Li-Ion 750 mAh battery,,Black,,About 100 EUR,,,,,,,,,,,,,,,,,Up to 350 h,,Up to 3 h,,,Class 10,Class 10,,,500 entries,"20 dialed, 20 received, 20 missed calls","SMS, MMS",Yes,"Yes, MIDP 2.0",WAP 2.0/xHTML (Openwave 7.2.7),,,,,,,,,,,,,,
vodafone,Vodafone 1231,https://fdn2.gsmarena.com/vv/bigpic/vodafone-1231.jpg,GSM,GSM 850 / 900 / 1800 / 1900,No,,,,,"2009, June. Released 2009, June",Discontinued,113 x 65.4 x 14.5 mm (4.45 x 2.57 x 0.57 in),130 g (4.59 oz),,Mini-SIM,"TFT, 65K colors","2.5 inches, 19.4 cm2 (~26.2% screen-to-body ratio)","320 x 240 pixels, 4:3 ratio (~160 ppi density)",MP3/MP4 player Organizer Voice memo Predictive text input,Microsoft Windows Mobile 6.1 Standard,,,,microSDHC (dedicated slot),48MB,,,Yes,1.3 MP,,,Yes,No,,No,"2.0, A2DP",Yes,,No,Proprietary,,Removable Li-Ion 1100 mAh battery,,Black,,,,,,,,,,,,,,,,,,,Up to 230 h,,Up to 5 h,,,Class 10,Class 10,0.69 W/kg (head),QWERTY,,,,,,"WAP 2.0/xHTML, HTML",,,,,,,,,,,,,,
vodafone,Vodafone V-X760,https://fdn2.gsmarena.com/vv/bigpic/vodafone-v-x760.jpg,GSM,GSM 900 / 1800,Vodafone 3D UI,,,,,"2009, March",Discontinued,93 x 52 x 16 mm (3.66 x 2.05 x 0.63 in),84 g (2.96 oz),,Mini-SIM,"TFT touchscreen, 65K colors","2.4 inches, 17.8 cm2 (~36.9% screen-to-body ratio)","240 x 320 pixels, 4:3 ratio (~167 ppi density)",No,,,,,microSD (dedicated slot),,,,Yes,1.3 MP,,,Yes,No,MP3/MP4 player Organizer Voice memo Predictive text input,No,Yes,No,,Stereo FM radio,Proprietary,,Removable Li-Ion battery,,Black,,,,,,,,,,,,,,,,,,,Up to 180 h,,Up to 3 h,,,Class 10,No,,,"1000 contacts, Photocall","30 dialed, 30 received, 30 missed calls","SMS, MMS",Yes,"Yes, MIDP 2.0",WAP 2.0/xHTML,,,,,,,,,,,,,,
vodafone,Vodafone Indie,https://fdn2.gsmarena.com/vv/bigpic/vodafone-indie.jpg,GSM,GSM 850 / 900 / 1800 / 1900,No,,,,,"2009, June. Released 2009, Q3",Discontinued,88.5 x 52 x 13.5 mm (3.48 x 2.05 x 0.53 in),80 g (2.82 oz),,Mini-SIM,"TFT touchscreen, 65K colors","2.4 inches, 17.8 cm2 (~38.8% screen-to-body ratio)","240 x 320 pixels, 4:3 ratio (~167 ppi density)",MP3/MP4 player Organizer Voice memo Predictive text input,,,,,microSD (dedicated slot),,,,Yes,1.3 MP,,,Yes,No,,No,Yes,No,,"Stereo FM radio, RDS",Proprietary,,Removable Li-Ion battery,,"Red, Rosa",,,,,,,,,,,,,,,,,,,Up to 195 h,,Up to 3 h,,,Class 10,No,,,"1000 contacts, Photocall","40 dialed, 40 received, 40 missed calls","SMS, MMS",Yes,"Yes, MIDP 2.0",WAP 2.0/xHTML,,,,,,,,,,,,,,
vodafone,Vodafone 835,https://fdn2.gsmarena.com/vv/bigpic/vodafone-835.jpg,GSM / HSPA,GSM 900 / 1800 / 1900,Videocall camera,HSDPA 2100,,,HSPA,"2009, February. Released 2009, Q2",Discontinued,-,-,,Mini-SIM,"TFT, 256K colors","2.4 inches, 17.8 cm2","240 x 320 pixels, 4:3 ratio (~167 ppi density)",Vodafone Music Vodafone Messenger MP3 player Organizer Predictive text input Voice memo,,,,,microSD (dedicated slot),,,,Yes,2 MP,,,Yes,No,,No,Yes,"Yes, with A-GPS",,FM radio,Proprietary,,Removable Li-Ion battery,,Premium silver,,,,,,,,,,,,,,,,,,,,,,,,,,,,"1000 contacts, Photocall","40 dialed, 40 received, 40 missed calls","SMS, MMS, Email",Yes,"Yes, MIDP 2.0","WAP 2.0/xHTML, HTML",,,,,,,,,,,,,,
vodafone,Vodafone 736,https://fdn2.gsmarena.com/vv/bigpic/vodafone-736.jpg,GSM / UMTS,GSM 900 / 1800 / 1900,No,UMTS 2100,,,"Yes, 384 kbps","2009, February. Released 2009, Q2",Discontinued,-,-,,Mini-SIM,"TFT, 65K colors","2.0 inches, 12.4 cm2","240 x 320 pixels, 4:3 ratio (~200 ppi density)",Vodafone Music Vodafone Messenger MP3 player Organizer Predictive text input Voice memo,,,,,microSD (dedicated slot),,,,Yes,2 MP,,,Yes,No,,No,Yes,No,,FM radio,Proprietary,,Removable Li-Ion battery,,"White, Pink, Silver",,,,,,,,,,,,,,,,,,,,,,,,,,,,Yes,"40 dialed, 40 received, 40 missed calls","SMS, MMS, Email",Yes,"Yes, MIDP 2.0",WAP 2.0/xHTML,,,,,,,,,,,,,,
vodafone,Vodafone 735,https://fdn2.gsmarena.com/vv/bigpic/vodafone-735.jpg,GSM / UMTS,GSM 900 / 1800 / 1900,No,UMTS 2100,,,"Yes, 384 kbps","2009, February. Released 2009, Q2",Discontinued,-,-,,Mini-SIM,"TFT, 65K colors","2.0 inches, 12.4 cm2","240 x 320 pixels, 4:3 ratio (~200 ppi density)",Vodafone Music Vodafone Messenger MP3 player Organizer Predictive text input Voice memo,,,,,microSD (dedicated slot),,,,Yes,2 MP,,,Yes,No,,No,Yes,No,,FM radio,Proprietary,,Removable Li-Ion battery,,Black,,,,,,,,,,,,,,,,,,,,,,,,,,,,Yes,"40 dialed, 40 received, 40 missed calls","SMS, MMS, Email",Yes,"Yes, MIDP 2.0",WAP 2.0/xHTML,,,,,,,,,,,,,,
vodafone,Vodafone 235,https://fdn2.gsmarena.com/vv/bigpic/vodafone-235.jpg,GSM,GSM 900 / 1800,No,,,,,"2009, February. Released 2009, Q2",Discontinued,103.5 x 46 x 13.5 mm (4.07 x 1.81 x 0.53 in),68 g (2.40 oz),,Mini-SIM,"CSTN, 65K colors","1.8 inches, 10.5 cm2 (~22.0% screen-to-body ratio)","128 x 128 pixels, 1:1 ratio (~101 ppi density)",Organizer Currency converter Predictive text input,,,,,No,,,,,,,,Yes,No,,No,Yes,No,,FM radio,No,,Removable Li-Ion 680 mAh battery,,Black,,,,,,,,,,,,,,,,,,,Up to 270 h,,Up to 3 h,,,No,No,,,Yes,"20 dialed, 20 received, 20 missed calls",SMS,No,No,No,,,,,,,,,,,,,,
vodafone,Vodafone V720,https://fdn2.gsmarena.com/vv/bigpic/vodafone-v720.jpg,GSM / UMTS,GSM 900 / 1800 / 1900,MP3 player Organizer Voice memo Predictive text input,UMTS 900 / 2100,,,HSPA,,Discontinued,97 x 46 x 16.8 mm (3.82 x 1.81 x 0.66 in),100 g (3.53 oz),,Mini-SIM,"TFT, 256K colors","2.0 inches, 12.4 cm2 (~27.8% screen-to-body ratio)","240 x 320 pixels, 4:3 ratio (~200 ppi density)",,,,,,microSDHC (dedicated slot),32MB,,,Yes,1.3 MP,,,Yes,No,,No,2.0,No,,No,microUSB,,Removable Li-Ion battery,,,,,,,,,,,,,,,,,VGA videocall camera,,,,Up to 350 h,,Up to 3 h 42 min,,Yes,,,,,500 entries,"20 dialed, 20 received, 20 missed calls","SMS, MMS",Yes,"Yes, MIDP 2.0",WAP 2.0/xHTML,,,,,,,,,,,,,,
vodafone,Vodafone 533,https://fdn2.gsmarena.com/vv/bigpic/vodafone-533.jpg,GSM,GSM 900 / 1800 / 1900,No,,,,,"2009, February. Released 2009, March",Discontinued,"98.5 x 46.2 x 14.7 mm, 60 cc (3.88 x 1.82 x 0.58 in)",90 g (3.17 oz),,Mini-SIM,"TFT, 256K colors","2.0 inches, 12.6 cm2 (~27.7% screen-to-body ratio)",176 x 220 pixels (~141 ppi density),MP3 player Organizer Voice memo Predictive text input,,,,,microSDHC (dedicated slot),8MB,,,No,1.3 MP,,,Yes,No,,No,"2.0, A2DP",No,,"Stereo FM radio, RDS",1.1,,Removable Li-Ion 670 mAh battery,,"Black, Catwalk Red, Catwalk Lady",,,,,,,,,,,,,,,,,,,Up to 250 h,,Up to 2 h 30 min,,,Class 10,Class 10,,,500 entries,"20 dialed, 20 received, 20 missed calls","SMS, MMS",Yes,"Yes, MIDP 2.0",WAP 2.0/xHTML (Openwave 7.2.7),,,,,,,,,,,,,,
vodafone,Vodafone 830i,https://fdn2.gsmarena.com/vv/bigpic/vodafone-830i.jpg,GSM / HSPA,GSM 900 / 1800 / 1900,CIF,HSDPA 2100,,,HSPA 3.6/0.384 Mbps,,Discontinued,103 x 51.5 x 13.3 mm (4.06 x 2.03 x 0.52 in),71 g (2.50 oz),,Mini-SIM,"TFT, 256K colors",,"240 x 320 pixels, 4:3 ratio",MP3/eAAC+ player MP4/H.263 player Organizer Voice memo Predictive text input,,,,,microSD (dedicated slot),10MB,,,Yes,"3.15 MP, AF",,,Yes,No,,No,"1.2, A2DP",No,,No,microUSB,,Removable Li-Ion battery,,Black,,About 170 EUR,,,,,,,,,,,,,,,,,Up to 250 h,,Up to 3 h,,,,,0.62 W/kg (head),,Yes,"20 dialed, 20 received, 20 missed calls","SMS, MMS, Email",Yes,"Yes, MIDP 2.0","WAP 2.0/xHTML, HTML",,,,,,,,,,,,,,
vodafone,Vodafone 526,https://fdn2.gsmarena.com/vv/bigpic/vodafone-526.jpg,GSM,GSM 900 / 1800,downloadable wallpapers/tones/games,,,,,"2008, September",Discontinued,107 x 47 x 11.8 mm (4.21 x 1.85 x 0.46 in),70 g (2.47 oz),,Mini-SIM,"CSTN, 65K colors","1.7 inches, 9.1 cm2 (~18.1% screen-to-body ratio)",128 x 160 pixels (~121 ppi density),No,,,,,No,1.5MB,,,No,VGA,,,No,No,Predictive text input Organizer Push to talk,No,No,No,,No,Proprietary,,Removable Li-Ion 670 mAh battery,,Black,,,,,,,,,,,,,,,,,,,Up to 220 h,,Up to 3 h,,,Class 10,No,,,500 entries,"20 dialed, 20 received, 20 missed calls","SMS, MMS",No,No,WAP 2.0/xHTML,,,,,,,,,,,,,,
vodafone,Vodafone 332,https://fdn2.gsmarena.com/vv/bigpic/vodafone-332.jpg,GSM,GSM 900 / 1800,500 short messages,,,,,"2008, October",Discontinued,105 x 45 x 12 mm (4.13 x 1.77 x 0.47 in),,,Mini-SIM,"TFT, 65K colors","1.8 inches, 10.0 cm2 (~21.2% screen-to-body ratio)","120 x 160 pixels, 4:3 ratio (~111 ppi density)",No,,,,,No,,,,No,VGA,,,Yes,No,Organizer Predictive text input,No,No,No,,FM radio,2.0,,Removable Li-Ion 800 mAh battery,,Black,,,,,,,,,,,,,,,,,,,Up to 200 h,,Up to 6 h,,,Class 10,No,,,500 entries,"20 dialed, 20 received, 20 missed calls","SMS, EMS, MMS",Yes,No,WAP 2.0,,,,,,,,,,,,,,
vodafone,Vodafone 231,https://fdn2.gsmarena.com/vv/bigpic/vodafone-231.jpg,GSM,GSM 900 / 1800,No,,,,,"2008, October",Discontinued,105 x 46 x 12 mm (4.13 x 1.81 x 0.47 in),70 g (2.47 oz),,Mini-SIM,"CSTN, 65K colors","1.86 inches, 10.9 cm2 (~22.5% screen-to-body ratio)",128 x 160 pixels (~110 ppi density),Predictive text input Organizer,,,,,No,,,,,,,,No,No,,No,Yes,No,,No,No,,Removable Li-Ion 670 mAh battery,,Black,,,,,,,,,,,,,,,,,,,Up to 280 h,,Up to 3 h,,,No,No,,,Yes,"20 dialed, 20 received, 20 missed calls",SMS,No,No,No,,,,,,,,,,,,,,
vodafone,Vodafone 1210,https://fdn2.gsmarena.com/vv/bigpic/vodafone-1210.jpg,GSM / UMTS,GSM 900 / 1800 / 1900,No,UMTS 2100,,,"Yes, 384 kbps","2007, May",Discontinued,108 x 47 x 18 mm (4.25 x 1.85 x 0.71 in),105 g (3.70 oz),,Mini-SIM,"TFT, 65K colors","2.2 inches, 15.0 cm2 (~29.5% screen-to-body ratio)","240 x 320 pixels, 4:3 ratio (~182 ppi density)",MP3/MP4 player Pocket Office  Organizer Predictive text input Voice memo,Microsoft Windows Mobile 5.0 for Smartphone,,32-bit Intel XScale PXA270 312 MHz,,microSD (dedicated slot),"128MB RAM, 64MB ROM",,,,,,,Yes,No,,No,Yes,No,,No,Proprietary,,Removable Li-Ion 1100 mAh battery,,Black,,,,,,,,,,,,,,,,,,,Up to 240 h,,Up to 4 h,,,,,,,,,,,,"WAP 2.0/xHTML, HTML",,,,,,,,,,,,,"Vibration; Polyphonic(64), MP3 ringtones",
vodafone,Vodafone 725,https://fdn2.gsmarena.com/vv/bigpic/vodafone-725.jpg,GSM / UMTS,GSM 900 / 1800 / 1900,MP3 player Organizer Predictive text input Voice memo,UMTS 2100,,,"Yes, 384 kbps","2008, May",Discontinued,108.5 x 45 x 13.6 mm (4.27 x 1.77 x 0.54 in),,,Mini-SIM,"TFT, 256K colors","2.2 inches, 15.0 cm2 (~30.7% screen-to-body ratio)","240 x 320 pixels, 4:3 ratio (~182 ppi density)",,,,,,microSD (dedicated slot),20MB,,,Yes,2 MP,,,Yes,Yes,,No,Yes,No,,No,Proprietary,,Removable Li-Ion battery,,Black,,,,,,,,,,,,,,,CIF,,,,,,,,,,,0.92 W/kg (head),,Yes,"20 dialed, 20 received, 20 missed calls","SMS, EMS, MMS",Yes,"Yes, MIDP 2.0",WAP 2.0/xHTML,,,,,,,,,,,,,"Vibration; Polyphonic(64), MP3 ringtones",
vodafone,Vodafone 810,https://fdn2.gsmarena.com/vv/bigpic/vodafone-810.jpg,GSM / UMTS,GSM 900 / 1800 / 1900,MP3 player 3gp/MP4 player Organizer Voice memo Predictive text input,UMTS 2100,,,"Yes, 384 kbps","2007, December",Discontinued,98 x 48 x 16.5 mm (3.86 x 1.89 x 0.65 in),105 g (3.70 oz),,Mini-SIM,"TFT, 256K colors","2.2 inches, 15.0 cm2 (~31.9% screen-to-body ratio)","240 x 320 pixels, 4:3 ratio (~182 ppi density)",,,,,,microSD (dedicated slot),25MB,,,Yes,2 MP,,,Yes,No,,No,Yes,No,,No,Proprietary,,Removable Li-Ion 670 mAh battery,,Black,,,,,,,,,,,,,,,VGA videocall camera,,,,Up to 280 h,,Up to 3 h,,,,,,,Yes,"20 dialed, 20 received, 20 missed calls","SMS, EMS, MMS, Email",Yes,"Yes, MIDP 2.0","WAP 2.0/xHTML, HTML",,,,,,,,,,,,,"Vibration; Polyphonic(64), MP3 ringtones",
vodafone,Vodafone 716,https://fdn2.gsmarena.com/vv/bigpic/vodafone-716.jpg,GSM,GSM 900 / 1800 / 1900,No,,,,,"2008, February",Discontinued,104 x 45 x 14.5 mm (4.09 x 1.77 x 0.57 in),90 g (3.17 oz),,Mini-SIM,"TFT, 65K colors","2.1 inches, 13.9 cm2 (~29.7% screen-to-body ratio)",176 x 220 pixels (~134 ppi density),MP3 player Organizer Voice memo Predictive text input,,,,,microSD (dedicated slot),,,,No,1.3 MP,,,Yes,No,,No,Yes,No,,No,Proprietary,,Removable Li-Ion battery,,Gray,,,,,,,,,,,,,,,,,,,Up to 300 h,,Up to 3 h 30 min,,,Class 10,No,,,Yes,"20 dialed, 20 received, 20 missed calls","SMS, MMS",Yes,"Yes, MIDP 2.0",WAP 2.0/xHTML,,,,,,,,,,,,,"Vibration; Polyphonic, MP3 ringtones",
vodafone,Vodafone 527,https://fdn2.gsmarena.com/vv/bigpic/vodafone-527.jpg,GSM,GSM 900 / 1800,No,,,,,"2008, March",Discontinued,107 x 47 x 11.8 mm (4.21 x 1.85 x 0.46 in),,,Mini-SIM,"TFT, 65K colors","1.7 inches, 9.1 cm2 (~18.1% screen-to-body ratio)",128 x 160 pixels (~121 ppi density),MP3 player Organizer Predictive text input,,,,,microSD (dedicated slot),10MB,,,No,VGA,,,No,No,,No,Yes,No,,FM radio,Proprietary,,Removable Li-Ion 670 mAh battery,,Black,,,,,,,,,,,,,,,,,,,Up to 220 h,,Up to 3 h,,,Class 10,No,,,Yes,"10 dialed, 10 received, 10 missed calls","SMS, EMS, MMS",Yes,"Yes, MIDP 2.0",WAP 2.0/xHTML,,,,,,,,,,,,,Vibration; Polyphonic(32) ringtones,
vodafone,Vodafone 511,https://fdn2.gsmarena.com/vv/bigpic/vodafone-511.jpg,GSM,GSM 900 / 1800 / 1900,No,,,,,"2007, December",Discontinued,106.9 x 46.3 x 10.9 mm (4.21 x 1.82 x 0.43 in),90 g (3.17 oz),,Mini-SIM,"TFT, 65K colors","1.77 inches, 9.9 cm2 (~19.9% screen-to-body ratio)",128 x 160 pixels (~116 ppi density),MP3 player Organizer Voice memo Predictive text input,,,,,microSD (dedicated slot),10MB,,,No,1.3 MP,,,Yes,No,,No,Yes,No,,No,Proprietary,,Removable Li-Ion battery,,Black,,,,,,,,,,,,,,,,,,,Up to 220 h,,Up to 3 h,,,Class 10,No,,,Yes,"20 dialed, 20 received, 20 missed calls","SMS, MMS",Yes,"Yes, MIDP 2.0",WAP 2.0/xHTML,,,,,,,,,,,,,Vibration; Downloadable polyphonic ringtones,
vodafone,Vodafone 228,https://fdn2.gsmarena.com/vv/bigpic/vodafone-228.jpg,GSM,GSM 900 / 1800,No,,,,,"2008, February",Discontinued,97.5 x 47.5 x 14.3 mm (3.84 x 1.87 x 0.56 in),83 g (2.93 oz),,Mini-SIM,"TFT, 65K colors",,128 x 160 pixels,Predictive text input Calculator,,,,,No,,,,,,,,No,No,,No,No,No,,No,No,,Removable Li-Ion 720 mAh battery,,Gray,,,,,,,,,,,,,,,,,,,Up to 180 h,,Up to 6 h 50 min,,,No,No,0.49 W/kg (head),,300 entries,"10 dialed, 10 received, 10 missed calls",SMS,Yes,No,No,,,,,,,,,,,,,Vibration; Polyphonic(16) ringtones,
vodafone,Vodafone 710,https://fdn2.gsmarena.com/vv/bigpic/vodafone-710.jpg,GSM / UMTS,GSM 900 / 1800 / 1900,"Second external display, 96 x 64 pixels, 1 inch",UMTS 2100,,,"Yes, 384 kbps","2006, October",Discontinued,91.2 x 46 x 23.5 mm (3.59 x 1.81 x 0.93 in),99 g (3.49 oz),,Mini-SIM,"TFT, 256K colors","2.0 inches, 12.6 cm2 (~30.0% screen-to-body ratio)",176 x 220 pixels (~141 ppi density),MP3 player Video player Organizer Voice memo Predictive text input,,,,,"miniSD, up to 2 GB",16MB,,LED flash,Yes,1.3 MP,,,Yes,No,,No,Yes,No,,No,Proprietary,,Removable Li-Ion battery,,"Black, White, Pink",,,,,,,,,,,,,,,Videocall camera,,,,,,,,,,,,,Yes,"20 dialed, 20 received, 20 missed calls","SMS, MMS, Email",Yes,Yes,WAP 2.0/xHTML,,,,,,,,,,,,,"Vibration; Polyphonic, MP3 ringtones",
vodafone,Vodafone 227,https://fdn2.gsmarena.com/vv/bigpic/vodafone-227.jpg,GSM,GSM 900 / 1800,No,,,,,"2007, July",Discontinued,93 x 48 x 14.3 mm (3.66 x 1.89 x 0.56 in),78 g (2.75 oz),,Mini-SIM,"TFT, 65K colors",,"128 x 128 pixels, 1:1 ratio",Predictive text input Organizer,,,,,No,,,,,,,,Yes,No,,No,No,No,,No,No,,Removable Li-Ion 720 mAh battery,,Gray,,,,,,,,,,,,,,,,,,,Up to 180 h,,Up to 6 h 50 min,,,No,No,0.97 W/kg (head),,300 entries,"10 dialed, 10 received, 10 missed calls",SMS,Yes,No,No,,,,,,,,,,,,,Vibration; Polyphonic(16) ringtones,
vodafone,Vodafone 226,https://fdn2.gsmarena.com/vv/bigpic/vodafone-226.jpg,GSM,GSM 900 / 1800,No,,,,,"2007, July",Discontinued,103 x 46 x 11 mm (4.06 x 1.81 x 0.43 in),65 g (2.29 oz),,Mini-SIM,"CSTN, 65K colors",,128 x 160 pixels,Predictive text input Organizer,,,,,No,,,,,,,,Yes,No,,No,No,No,,No,No,,Removable Li-Ion 670 mAh battery,,Black,,,,,,,,,,,,,,,,,,,Up to 240 h,,Up to 3 h,,,No,No,,,250 entries,"20 dialed, 20 received, 20 missed calls",SMS,No,No,No,,,,,,,,,,,,,Vibration; Polyphonic(16) ringtones,
vodafone,Vodafone 225,https://fdn2.gsmarena.com/vv/bigpic/vodafone-225.jpg,GSM,GSM 900 / 1800,No,,,,,"2007, May",Discontinued,104 x 45 x 12.5 mm (4.09 x 1.77 x 0.49 in),65 g (2.29 oz),,Mini-SIM,"CSTN, 65K colors",,"128 x 128 pixels, 1:1 ratio",Calculator Predictive text input,,,,,No,4MB,,,,,,,No,No,,No,No,No,,No,No,,Removable Li-Ion 690 mAh battery,,Black,,,,,,,,,,,,,,,,,,,Up to 135 h,,Up to 3 h,,,No,No,1.32 W/kg (head),,300 entries,"10 dialed, 10 received, 10 missed calls",SMS,Yes,No,No,,,,,,,,,,,,,Polyphonic(16) ringtones,
