Brand,Model Name,Model Image,Technology,2G bands,,3G bands,4G bands,5G bands,Speed,Announced,Status,Dimensions,Weight,Build,SIM,Type,Size,Resolution,_1,OS,Chipset,CPU,GPU,Card slot,Internal,Quad,Features,Video,Single,Features_1,Video_1,Loudspeaker,3.5mm jack,_1_1,WLAN,Bluetooth,GPS,NFC,Radio,USB,Sensors,Type_1,Charging,Colors,Models,Price,Protection,Triple,Performance,Display,Camera,Loudspeaker_1,Battery life,128GB 6GB RAM,128GB 8GB RAM,256GB 12GB RAM,128GB 12GB RAM,Dual,Single_1,Audio quality,Dual_1,Triple_1,Stand-by,SAR,Talk time,Music play,Infrared port,GPRS,EDGE,SAR EU,Keyboard,Phonebook,Call records,Messaging,Games,Java,Browser
yezz,Yezz Liv 2 LTE,https://fdn2.gsmarena.com/vv/bigpic/yezz-liv-2-lte.jpg,GSM / HSPA / LTE,GSM 850 / 900 / 1800 / 1900 - SIM 1 & SIM 2,,HSDPA 850 / 900 / 1900 / 2100,"2, 3, 4, 7, 12, 17, 28",,"HSPA 21.1/5.76 Mbps, LTE Cat4 150/50 Mbps","2020, March","Available. Released 2020, August",149 x 72.5 x 9.7 mm (5.87 x 2.85 x 0.38 in),112 g (3.95 oz),,"Dual SIM (Micro-SIM, dual stand-by)","TFT capacitive touchscreen, 16M colors","5.0 inches, 68.9 cm2 (~63.8% screen-to-body ratio)","540 x 960 pixels, 16:9 ratio (~220 ppi density)",,Android 10 (Go edition),Mediatek MT6739 (28 nm),Quad-core 1.5 GHz Cortex-A53,,microSDXC (dedicated slot),16GB 1GB RAM,,"LED flash, HDR",1080p@30fps,,LED flash,1080p@30fps,Yes,Yes,,"Wi-Fi 802.11 a/b/g/n/ac, dual-band, Wi-Fi Direct, hotspot","4.0, A2DP, LE","Yes, with A-GPS, GLONASS",,"FM radio, recording",microUSB 2.0,"Accelerometer, proximity","Li-Ion 2450 mAh, removable",,"Black, Green, Red, Gray",,,Corning Gorilla Glass 3 or Asahi Dragontrail Glass,,,,,,,,,,,"8 MP, AF 2 MP",,,"12 MP, f/1.8, 25mm (wide), 1/2.55"", 1.4Âµm 8 MP, 12mm, (ultrawide)",,,,,,,,,,,,,,,,
yezz,Yezz Art 1,https://fdn2.gsmarena.com/vv/bigpic/yezz-art1.jpg,GSM / HSPA / LTE,GSM 850 / 900 / 1800 / 1900 - SIM 1 & SIM 2,,HSDPA 900 / 1900 / 850,"2, 3, 4, 7, 12, 17, 28",,"HSPA 21.1/5.76 Mbps, LTE Cat4 150/50 Mbps","2020, March","Available. Released 2020, August",155.2 x 72.9 x 9.7 mm (6.11 x 2.87 x 0.38 in),120 g (4.23 oz),,"Dual SIM (Nano-SIM, dual stand-by)","TFT capacitive touchscreen, 16M colors","6.1 inches, 91.3 cm2 (~80.7% screen-to-body ratio)","720 x 1560 pixels, 19.5:9 ratio (~282 ppi density)",,Android 10,Mediatek MT6739 (28 nm),Quad-core 1.5 GHz Cortex-A53,,microSDXC (dedicated slot),32GB 3GB RAM,,"Dual-LED flash, panorama, HDR",1080p@30fps,8 MP,,,Yes,Yes,,"Wi-Fi 802.11 b/g/n, hotspot","4.0, A2DP, LE","Yes, with A-GPS",,Stereo FM radio,microUSB 2.0,"Fingerprint (rear-mounted), accelerometer, gyro, proximity","Li-Ion 3000 mAh, removable",,"Green, Blue",,,AGC glass,,,,,,,,,,,"13 MP, AF 0.3 MP",,,,,,,,,,,,,,,,,,,
yezz,Yezz GO 1,https://fdn2.gsmarena.com/vv/bigpic/yezz-go1.jpg,GSM / HSPA,GSM 850 / 900 / 1800 / 1900 - SIM 1 & SIM 2,,HSDPA 850 / 900 / 1900 / 2100,,,HSPA 21.1/5.76 Mbps,"2020, February","Available. Released 2020, July 28",128.5 x 65.2 x 11 mm (5.06 x 2.57 x 0.43 in),123 g (4.34 oz),,"Dual SIM (Nano-SIM, dual stand-by)","TFT capacitive touchscreen, 16M colors","4.0 inches, 45.5 cm2 (~54.4% screen-to-body ratio)","480 x 800 pixels, 5:3 ratio (~233 ppi density)",,Android 10 (Go edition),Mediatek MT6580 (28 nm),Quad-core 1.3 GHz,Mali-400,microSDXC (dedicated slot),8GB 1GB RAM,,"LED flash, Panorama, HDR",720p,5 MP,,,Yes,Yes,,"Wi-Fi 802.11 a/b/g/n, hotspot","4.0, A2DP, LE","Yes, with A-GPS",,FM radio,microUSB 2.0,Accelerometer,"Li-Ion 1400 mAh, removable",,"Black, Gun Metal, Blue",,,,,,,,,,,,,,,2 MP,,,,,,,,,,,,,,,,,,
yezz,Yezz Max 1 Plus,https://fdn2.gsmarena.com/vv/bigpic/yezz-max-1-plus.jpg,GSM / HSPA / LTE,GSM 850 / 900 / 1800 / 1900 - SIM 1 & SIM 2,,HSDPA 850 / 900 / 1900 / 2100,"2, 3, 4, 7, 12, 17",,"HSPA 21.1/5.76 Mbps, LTE Cat4 150/50 Mbps","2019, August","Available. Released 2019, September",148.7 x 70.9 x 8.9 mm (5.85 x 2.79 x 0.35 in),104.9 g (3.70 oz),,"Dual SIM (Nano-SIM, dual stand-by)","TFT capacitive touchscreen, 16M colors","5.45 inches, 76.7 cm2 (~72.7% screen-to-body ratio)","720 x 1440 pixels, 18:9 ratio (~295 ppi density)",,Android 9.1 Pie (Go edition),Unisoc SC9832E (28nm),Quad-core 1.3 GHz Cortex-A53,Mali-T820 MP1,microSDXC (dedicated slot),16GB 2GB RAM,,"LED flash, panorama, HDR",1080p@30fps,8 MP,LED flash,,Yes,Yes,,"Wi-Fi 802.11 b/g/n, hotspot","4.0, A2DP, LE","Yes, with A-GPS",,Stereo FM radio,microUSB 2.0,Accelerometer,"Li-Ion 2000 mAh, removable",,"Black, Gun Metal, Blue",,About 90 USD,AGC glass,,,,,,,,,,,8 MP 0.3 MP,,,,,Up to 280 h,,Up to 9 h,,,,,,,,,,,,
yezz,Yezz LIV1,https://fdn2.gsmarena.com/vv/bigpic/yezz-liv1.jpg,GSM / HSPA,GSM 850 / 900 / 1800 / 1900 - SIM 1 & SIM 2,,HSDPA 850 / 900 / 1900 / 2100,,,HSPA 21.1/5.76 Mbps,"2019, August","Available. Released 2019, September",138.5 x 65.8 x 9.5 mm (5.45 x 2.59 x 0.37 in),133.3 g (4.69 oz),,"Dual SIM (Nano-SIM, dual stand-by)","TFT capacitive touchscreen, 16M colors","5.0 inches, 64.5 cm2 (~70.8% screen-to-body ratio)","480 x 960 pixels, 18:9 ratio (~215 ppi density)",,Android 9.1 Pie (Go edition),Unisoc SC7731E (28nm),Quad-core 1.3 GHz Cortex-A7,Mali-T820 MP1,microSDXC (dedicated slot),16GB 1GB RAM,,"LED flash, panorama, HDR",1080p@30fps,5 MP,LED flash,720p@30fps,Yes,Yes,,"Wi-Fi 802.11 b/g/n, hotspot","4.0, A2DP, LE","Yes, with A-GPS",,Stereo FM radio,microUSB 2.0,Accelerometer,"Li-Ion 2000 mAh, removable",,"Black, Gun Metal, Blue, Red",,About 55 USD,AGC glass,,,,,,,,,,,,2 MP,,,,Up to 220 h,,Up to 7 h 30 min,,,,,,,,,,,,
yezz,Yezz Max 1,https://fdn2.gsmarena.com/vv/bigpic/yezz-max1.jpg,GSM / HSPA,GSM 850 / 900 / 1800 / 1900 - SIM 1 & SIM 2,,HSDPA 850 / 900 / 1900 / 2100,,,HSPA 42.2/5.76 Mbps,"2018, October","Available. Released 2018, December",139 x 65.8 x 8.8 mm (5.47 x 2.59 x 0.35 in),120 g (4.23 oz),,"Dual SIM (Nano-SIM, dual stand-by)","TFT capacitive touchscreen, 16M colors","5.0 inches, 64.5 cm2 (~70.5% screen-to-body ratio)","480 x 960 pixels, 18:9 ratio (~215 ppi density)",,Android 8.1 (Oreo),Mediatek MT6580M (28 nm),Quad-core 1.3 GHz Cortex-A7,Mali-400,microSDHC (dedicated slot),16GB 2GB RAM,,"LED flash, panorama, HDR",720p@30fps,8 MP,LED flash,720p@30fps,Yes,Yes,,"Wi-Fi 802.11 b/g/n, hotspot","4.0, A2DP, LE","Yes, with A-GPS",,FM radio,microUSB 2.0,Accelerometer,"Li-Ion 2000 mAh, removable",,Black,,About 65 USD,,,,,,,,,,,,,8 MP,,,,Up to 180 h,,Up to 5 h 30 min,,,,,,,,,,,,
yezz,Yezz Andy 4E7,https://fdn2.gsmarena.com/vv/bigpic/yezz-4e7.jpg,GSM / HSPA,GSM 850 / 900 / 1800 / 1900 - SIM 1 & SIM 2,,HSDPA 850 / 900 / 1900 / 2100,,,HSPA 21.1/5.76 Mbps,"2018, September","Available. Released 2018, September",126 x 65 x 10.7 mm (4.96 x 2.56 x 0.42 in),112 g (3.95 oz),,"Dual SIM (Micro-SIM/Nano-SIM, dual stand-by)","TN capacitive touchscreen, 16M colors","5.0 inches, 71.2 cm2 (~86.9% screen-to-body ratio)","480 x 800 pixels, 5:3 ratio (~187 ppi density)",,Android 8.1 Oreo (Go edition),Mediatek MT6580M (28 nm),Quad-core 1.3 GHz Cortex-A7,Mali-400,microSDHC (dedicated slot),8GB 1GB RAM,,LED flash,1080p@30fps,5 MP,,,Yes,Yes,,"Wi-Fi 802.11 a/b/g/n, hotspot","4.0, A2DP, LE","Yes, with A-GPS",,"FM radio, recording",microUSB 2.0,"Accelerometer, proximity","Li-Ion 1400 mAh, removable",,"Black, Dark Gray, Gold",,,,,,,,,,,,,,,2 MP,,,,Up to 300 h,,Up to 4 h,,,,,,,,,,,,
yezz,Yezz Andy 5E5,https://fdn2.gsmarena.com/vv/bigpic/yezz-5e5.jpg,GSM / HSPA,GSM 850 / 900 / 1800 / 1900 - SIM 1 & SIM 2,HSDPA 850 / 1900 - 5E5043,HSDPA 850 / 900 / 1900 / 2100 - 5E5052,,,HSPA 21.1/5.76 Mbps,"2018, August","Available. Released 2018, August",139.8 x 71.5 x 8.6 mm (5.50 x 2.81 x 0.34 in),125 g (4.41 oz),,"Dual SIM (Micro-SIM/Nano-SIM, dual stand-by)","TN capacitive touchscreen, 16M colors","5.0 inches, 68.9 cm2 (~68.9% screen-to-body ratio)","480 x 854 pixels, 16:9 ratio (~196 ppi density)",,Android 8.0 Oreo (Go edition),Mediatek MT6580M (28 nm),Quad-core 1.3 GHz Cortex-A7,Mali-400MP2,microSDHC (dedicated slot),8GB 1GB RAM,,LED flash,1080p@30fps,5 MP,,,Yes,Yes,,"Wi-Fi 802.11 a/b/g/n, hotspot","4.0, A2DP, LE","Yes, with A-GPS",,Stereo FM radio,microUSB 2.0,Accelerometer,"Li-Ion 2000 mAh, non-removable",,"Black, Dark Gray, Gold",,,Yes,,,,,,,,,,,,2 MP,,,,Up to 180 h (3G),,Up to 6 h (3G),,,,,,,,,,,,
yezz,Yezz Epic T,https://fdn2.gsmarena.com/vv/bigpic/yezz-epic-t.jpg,GSM / HSPA / LTE,GSM 850 / 900 / 1800 / 1900 - SIM 1 & SIM 2,IP68 dust/water resistant (up to 1.5m for 30 mins) MIL-STD-810G compliant Flashlight,HSDPA 850 / 1900 / 2100,"2, 4, 7, 17, 28",,"HSPA 42.2/11.5 Mbps, LTE-A (2CA) Cat6 300/50 Mbps","2018, March","Available. Released 2018, April",168.8 x 86.5 x 15.9 mm (6.65 x 3.41 x 0.63 in),469 g (1.03 lb),,"Dual SIM (Nano-SIM, dual stand-by)","IPS LCD capacitive touchscreen, 16M colors","5.5 inches, 83.4 cm2 (~57.1% screen-to-body ratio)","1080 x 1920 pixels, 16:9 ratio (~401 ppi density)",eMMC 5.1,Android 7.0 (Nougat),Mediatek MT6750 (28 nm),Octa-core (4x1.5 GHz Cortex-A53 & 4x1.0 GHz Cortex-A53),Mali-T860MP2,microSDXC (dedicated slot),32GB 3GB RAM,,"LED flash, panorama, HDR",1080p@60fps,"16 MP, AF",,,Yes,Yes,,"Wi-Fi 802.11 b/g/n, Wi-Fi Direct, hotspot","4.0, A2DP, LE","Yes, with A-GPS",,FM radio,"2.0, Type-C 1.0 reversible connector","Fingerprint (rear-mounted), accelerometer, gyro, proximity, compass","Li-Po 9000 mAh, non-removable",Charging 10W,Black,,About 250 EUR,Corning Gorilla Glass 3,,,,,,,,,,,,8 MP,,,,Up to 650 h (3G),,Up to 30 h (3G),,,,,,,,,,,,
yezz,Yezz Andy 4E4,https://fdn2.gsmarena.com/vv/bigpic/yezz-4e4.jpg,GSM / HSPA,GSM 850 / 900 / 1800 / 1900 - SIM 1 & SIM 2,,HSDPA 850 / 1900 - AM4E4I043,,,HSPA 21.1/5.76 Mbps,"2016, November","Available. Released 2016, December",125.8 x 63 x 10.8 mm (4.95 x 2.48 x 0.43 in),112 g (3.95 oz),,"Dual SIM, (Micro-SIM)","TN capacitive touchscreen, 16M colors","4.0 inches, 44.1 cm2 (~55.6% screen-to-body ratio)","480 x 854 pixels, 16:9 ratio (~245 ppi density)",,Android 6.0 (Marshmallow),Spreadtrum SC7731C,Quad-core 1.2 GHz Cortex-A7,Mali-400MP2,microSDXC (dedicated slot),4GB 512MB RAM,,"LED flash, panorama",720p@30fps,5 MP,,,Yes,Yes,,"Wi-Fi 802.11 a/b/g/n, hotspot",2.1,"Yes, with A-GPS",,Stereo FM radio,microUSB 2.0,Accelerometer,Li-Ion 1400 mAh battery,,"Black, White, Gray, Blue, Pink",,,,,,,,,,,,,,,2 MP,,,,Up to 116 h (3G),,Up to 4 h (3G),,,,,,,,,,,,
yezz,Yezz 4.5EL LTE,https://fdn2.gsmarena.com/vv/bigpic/yezz-4.5el-lte.jpg,GSM / HSPA / LTE,GSM 850 / 900 / 1800 / 1900 - SIM 1 & SIM 2,eMMC 5.0,HSDPA 850 / 1900 - AM45EL133,"4, 7, 17",,"HSPA 42.2/5.76 Mbps, LTE Cat4 150/50 Mbps","2016, November","Available. Released 2016, December",136.5 x 66 x 8.8 mm (5.37 x 2.60 x 0.35 in),130 g (4.59 oz),,Dual SIM (Mini-SIM/ Micro-SIM),"IPS LCD capacitive touchscreen, 16M colors","4.5 inches, 55.8 cm2 (~61.9% screen-to-body ratio)","480 x 854 pixels, 16:9 ratio (~218 ppi density)",,Android 6.0 (Marshmallow),Mediatek MT6737M (28 nm),Quad-core 1.1 GHz Cortex-A53,Mali-T720MP2,microSDHC,8GB 1GB RAM,,"LED flash, HDR, panorama",1080p@30fps,5 MP,,,Yes,Yes,,"Wi-Fi 802.11 b/g/n, hotspot","4.0, LE","Yes, with A-GPS",,Stereo FM radio,microUSB 2.0,Accelerometer,Li-Ion 1700 mAh battery,,Black,,,,,,,,,,,,,,,2 MP,,,,Up to 250 h (3G),,Up to 7 h (3G),,,,,,,,,,,,
yezz,Yezz 5M,https://fdn2.gsmarena.com/vv/bigpic/yezz-5m.jpg,GSM / HSPA,GSM 850 / 900 / 1800 / 1900 - SIM 1 & SIM 2,,HSDPA 850 / 1900 - AM5M2L043,,,HSPA 21.1/5.76 Mbps,"2016, November","Available. Released 2016, December",143.7 x 72.4 x 9.5 mm (5.66 x 2.85 x 0.37 in),114 g (4.02 oz),,Dual SIM (Micro-SIM),"IPS LCD capacitive touchscreen, 16M colors","5.0 inches, 68.9 cm2 (~66.2% screen-to-body ratio)","720 x 1280 pixels, 16:9 ratio (~294 ppi density)",,Android 6.0 (Marshmallow),Mediatek MT6580 (28 nm),Quad-core 1.3 GHz Cortex-A7,Mali-400MP2,microSDXC (dedicated slot),8GB 1GB RAM,,"LED flash, panorama",720p@30fps,8 MP,,,Yes,Yes,,"Wi-Fi 802.11 b/g/n, Wi-Fi Direct, hotspot","4.0, LE","Yes, with A-GPS",,Stereo FM radio,microUSB 2.0,"Accelerometer, proximity",Li-Ion 2300 mAh battery,,Black,,,,,,,,,,,,,,,5 MP,,,,Up to 300 h,,Up to 9 h,,,,,,,,,,,,
yezz,Yezz C21,https://fdn2.gsmarena.com/vv/bigpic/yezz-c21.jpg,GSM,GSM 850 / 900 / 1800 / 1900 - SIM 1 & SIM 2 - CM21A003,No,,,,,"2016, July","Available. Released 2016, August",113 x 48.5 x 14.6 mm (4.45 x 1.91 x 0.57 in),70 g (2.47 oz),,Dual SIM (Mini-SIM),"TFT, 256K colors","1.8 inches, 10.2 cm2 (~18.6% screen-to-body ratio)",128 x 160 pixels (~114 ppi density),MP3/WAV player,,Spreadtrum SC6531DA,321 Mhz,,microSDHC (dedicated slot),4MB 4MB RAM,,,Yes,VGA,,,Yes,No,,No,2.1,No,,Stereo FM radio,microUSB 2.0,,"Li-Ion 600 mAh, removable",,"Black, White, Red, Blue",,,,,,,,,,,,,,,,,,,Up to 180 h,,Up to 3 h,,,Up to 48 kbps,No,,,Yes,Yes,SMS,No,No,
yezz,Yezz Andy 5EI3 (2016),https://fdn2.gsmarena.com/vv/bigpic/yezz-andy-5ei3.jpg,GSM / HSPA,GSM 850 / 900 / 1800 / 1900 - SIM 1 & SIM 2,,HSDPA 900 / 2100 - AM5E047,,,HSPA 21.1/5.76 Mbps,"2016, June","Available. Released 2016, August",145.5 x 74.8 x 8.9 mm (5.73 x 2.94 x 0.35 in),153 g (5.40 oz),,Dual SIM (Mini-SIM/ Micro-SIM),"TFT capacitive touchscreen, 16M colors","5.0 inches, 68.9 cm2 (~63.3% screen-to-body ratio)","480 x 854 pixels, 16:9 ratio (~196 ppi density)",,Android 6.0 (Marshmallow),Mediatek MT6580M (28 nm),Quad-core 1.3 GHz Cortex-A7,Mali-400MP2,microSDXC (dedicated slot),8GB 512MB RAM,,"LED flash, panorama",720p@30fps,5 MP,,,Yes,Yes,,"Wi-Fi 802.11 a/b/g/n, Wi-Fi Direct, hotspot","4.0, LE","Yes, with A-GPS",,Stereo FM radio,microUSB 2.0,Accelerometer,Li-Ion 2000 mAh battery,,"Black, Blue, Red, Gun Metal, White, Silver, Pink",,,,,,,,,,,,,,,2 MP,,,,Up to 333 h (3G),,Up to 8 h (3G),,,,,,,,,,,,
yezz,Yezz Andy 5E3,https://fdn2.gsmarena.com/vv/bigpic/yezz-andy-5E3.jpg,GSM / HSPA,GSM 850 / 900 / 1800 / 1900 - SIM 1 & SIM 2,HSDPA 850 / 1900 - AM5E3043,HSDPA 850 / 1700 / 1900 - AM5E054,,,HSPA 21.1/5.76 Mbps,"2016, June","Available. Released 2016, August",145.5 x 74.8 x 8.9 mm (5.73 x 2.94 x 0.35 in),153 g (5.40 oz),,"Dual SIM (Micro-SIM/ Mini-SIM, dual stand-by)","TN capacitive touchscreen, 16M colors","5.0 inches, 68.9 cm2 (~63.3% screen-to-body ratio)","480 x 854 pixels, 16:9 ratio (~196 ppi density)",HSDPA 850 / 2100 - AM5E3062,Android 6.0 (Marshmallow),Mediatek MT6580M (28 nm),Quad-core 1.3 GHz Cortex-A7,Mali-400MP2,microSDXC (dedicated slot),8GB 512MB RAM,,,720p@30fps,5 MP,,,Yes,Yes,,"Wi-Fi 802.11 a/b/g/n, Wi-Fi Direct, hotspot","4.0, LE","Yes, with A-GPS",,FM radio,microUSB 2.0,Accelerometer,"Li-Ion 2000 mAh, removable",,"Black, Blue, Red, Gun Metal, White, Silver, Pink",,,,,,,,,,,,,,,2 MP,,,,Up to 333 h (3G),,Up to 8 h (3G),,,,,,,,,,,,
yezz,Yezz Andy 4.7T,https://fdn2.gsmarena.com/vv/bigpic/yezz-andy-47t.jpg,GSM / HSPA,GSM 850 / 900 / 1800 / 1900 - SIM 1 & SIM 2,eMMC 4.5,HSDPA 850 / 900 / 1900 / 2100 - SIM 1 & SIM 2,,,HSPA 42.2/11.5 Mbps,"2016, April","Available. Released 2016, May",135.8 x 67.2 x 7.2 mm (5.35 x 2.65 x 0.28 in),120 g (4.23 oz),,"Dual SIM (Micro-SIM, dual stand-by)","IPS LCD capacitive touchscreen, 16M colors","4.7 inches, 60.9 cm2 (~66.7% screen-to-body ratio)","720 x 1280 pixels, 16:9 ratio (~312 ppi density)",,Android 4.4 (KitKat),Qualcomm MSM8212 Snapdragon 200 (28 nm),Quad-core 1.2 GHz Cortex-A7,Adreno 302,microSDXC (dedicated slot),8GB 1GB RAM,,"LED flash, panorama, HDR",720p@30fps,"8 MP, AF",,,Yes,Yes,,"Wi-Fi 802.11 b/g/n, Wi-Fi Direct, hotspot","4.0, A2DP","Yes, with A-GPS, GLONASS",,FM radio,microUSB 2.0,"Accelerometer, proximity, compass","Li-Ion 1780 mAh, removable",,"Blue, Red, White",,,Asahi Dragontrail Glass,,,,,,,,,,,,2 MP,,,,Up to 480 h (2G) / Up to 350 h (3G),,Up to 16 h (2G) / Up to 7 h 30 min (3G),,,,,,,,,,,,
yezz,Yezz Andy 5M LTE,https://fdn2.gsmarena.com/vv/bigpic/yezz-andy-5m-lte.jpg,GSM / HSPA / LTE,GSM 850 / 900 / 1800 / 1900 - SIM 1 & SIM 2,,HSDPA 850 / 1900 - AM5ML133,"2, 4, 7, 17 - AM5ML133",,"HSPA 42.2/11.5 Mbps, LTE Cat4 150/50 Mbps","2016, January","Available. Released 2016, March",143 x 70.4 x 8.3 mm (5.63 x 2.77 x 0.33 in),142 g (5.01 oz),,Dual SIM (Micro-SIM),"IPS LCD capacitive touchscreen, 16M colors","5.0 inches, 68.9 cm2 (~68.5% screen-to-body ratio)","720 x 1280 pixels, 16:9 ratio (~294 ppi density)",,Android 5.1 (Lollipop),Mediatek MT6735P (28 nm),Quad-core 1.0 GHz Cortex-A53,Mali-T720MP2,microSDXC (dedicated slot),8GB 1GB RAM,,"LED flash, panorama",720p@30fps,13 MP,,,Yes,Yes,,"Wi-Fi 802.11 b/g/n, Wi-Fi Direct, hotspot","4.0, LE","Yes, with A-GPS",,Stereo FM radio,microUSB 2.0,"Accelerometer, proximity","Li-Ion 2200 mAh, removable",,Black,,,,,,,,,,,,,,,5 MP,,,,Up to 220 h (2G) / Up to 183 h (3G),,Up to 13 h 40 min (2G) / Up to 9 h 10 min (3G),,,,,,,,,,,,
yezz,Yezz CC40,https://fdn2.gsmarena.com/vv/bigpic/yezz-cc40.jpg,GSM / HSPA,GSM 850 / 1900,No,HSDPA 850 / 1900 - CC40007,,,HSPA 7.2/5.76 Mbps,"2016, March","Available. Released 2016, May",107.4 x 46 x 14.4 mm (4.23 x 1.81 x 0.57 in),82.5 g (2.89 oz),,Mini-SIM,"TFT, 256K colors","1.8 inches, 10.2 cm2 (~20.6% screen-to-body ratio)",128 x 160 pixels (~114 ppi density),Video Player Music Player Organizer,,,,,microSDHC (dedicated slot),128MB 64MB RAM,,,Yes,VGA,,,Yes,Yes,,No,2.1,No,,Stereo FM radio,microUSB 2.0,No,"Li-Ion 800 mAh, removable",,Black,,,,,,,,,,,,,,,,,,,Up to 160 h (2G) / Up to 130 h (3G),,Up to 6 h (2G) / Up to 4 h (3G),,,,,,,Yes,Yes,"SMS, MMS",No,MIDP 2.0,
yezz,Yezz Andy 5.5M LTE VR,https://fdn2.gsmarena.com/vv/bigpic/yezz-andy-55m-lte-vr-.jpg,GSM / HSPA / LTE,GSM 850 / 900 / 1800 / 1900 - SIM 1 & SIM 2,,HSDPA 850 / 1900 - AM55ML194,"2, 4, 7, 17 - AM55ML194",,"HSPA 42.2/11.5 Mbps, LTE Cat4 150/50 Mbps","2016, January","Available. Released 2016, March",157.4 x 78 x 9 mm (6.20 x 3.07 x 0.35 in),165 g (5.82 oz),,Dual SIM (Micro-SIM),"IPS LCD capacitive touchscreen, 16M colors","5.5 inches, 83.4 cm2 (~67.9% screen-to-body ratio)","720 x 1280 pixels, 16:9 ratio (~267 ppi density)",,Android 5.1 (Lollipop),Mediatek MT6735 (28 nm),Quad-core 1.0 GHz Cortex-A53,Mali-T720,microSDXC (dedicated slot),8GB 1GB RAM,,"LED flash, panorama",720p@30fps,13 MP,,,Yes,Yes,,"Wi-Fi 802.11 b/g/n, Wi-Fi Direct, hotspot","4.0, LE","Yes, with A-GPS",,Stereo FM radio,microUSB 2.0,"Accelerometer, gyro, proximity","Li-Ion 2400 mAh, removable",,Black,,,,,,,,,,,,,,,5 MP,,,,Up to 240 h (2G) / Up to 200 h (3G),,Up to 17 h 40 min (2G) / Up to 15 h (3G),,,,,,,,,,,,
yezz,Yezz Monte Carlo 55 LTE VR,https://fdn2.gsmarena.com/vv/bigpic/yezz-monte-carlo-55vr.jpg,GSM / HSPA / LTE,GSM 850 / 900 / 1800 / 1900 - SIM 1 & SIM 2,Includes VR viewer headset,HSDPA 850 / 900 / 1900 / 2100 - MCM55TL142,"2, 3, 7, 20 - MCM55TL142",,"HSPA 42.2/11.5 Mbps, LTE Cat4 150/50 Mbps","2015, December","Available. Released 2016, March",152 x 77.9 x 7 mm (5.98 x 3.07 x 0.28 in),165 g (5.82 oz),,"Hybrid Dual SIM (Micro-SIM/Nano-SIM, dual stand-by)","IPS LCD capacitive touchscreen, 16M colors","5.5 inches, 83.4 cm2 (~70.4% screen-to-body ratio)","720 x 1280 pixels, 16:9 ratio (~267 ppi density)",,Android 5.1 (Lollipop),Mediatek MT6753 (28 nm),Octa-core 1.3 GHz Cortex-A53,Mali-T720MP3,microSDXC (uses shared SIM slot),8GB 1GB RAM,,"LED flash, panorama, HDR",1080p@30fps,"20 MP, AF",LED flash,,Yes,Yes,,"Wi-Fi 802.11 b/g/n, Wi-Fi Direct, hotspot","4.0, LE","Yes, with A-GPS, GLONASS",,Stereo FM radio,"microUSB 2.0, USB On-The-Go","Accelerometer, gyro, proximity, compass","Li-Po 3000 mAh, non-removable",,Black,,,,,,,,,,,,,,,8 MP,,,,Up to 300 h (2G) / Up to 250 h (3G),,Up to 22 h 10 min (2G) / Up to 18 h 30 min (3G),,,,,,,,,,,,
yezz,Yezz Monte Carlo 55 LTE,https://fdn2.gsmarena.com/vv/bigpic/yezz-monte-carlo-55.jpg,GSM / HSPA / LTE,GSM 850 / 900 / 1800 / 1900 - SIM 1 & SIM 2,,HSDPA 850 / 900 / 1900 / 2100 - MCM55TL142,"2, 3, 7, 20 - MCM55TL142",,"HSPA 42.2/11.5 Mbps, LTE Cat4 150/50 Mbps","2015, December","Available. Released 2016, March",152 x 77.9 x 7 mm (5.98 x 3.07 x 0.28 in),165 g (5.82 oz),,"Hybrid Dual SIM (Micro-SIM/Nano-SIM, dual stand-by)","IPS LCD capacitive touchscreen, 16M colors","5.5 inches, 83.4 cm2 (~70.4% screen-to-body ratio)","720 x 1280 pixels, 16:9 ratio (~267 ppi density)",,Android 5.1 (Lollipop),Mediatek MT6753 (28 nm),Octa-core 1.3 GHz Cortex-A53,Mali-T720MP3,microSDXC (uses shared SIM slot),8GB 1GB RAM,,"LED flash, panorama, HDR",1080p@30fps,"20 MP, AF",LED flash,,Yes,Yes,,"Wi-Fi 802.11 b/g/n, Wi-Fi Direct, hotspot","4.0, LE","Yes, with A-GPS",,Stereo FM radio,"microUSB 2.0, USB On-The-Go","Accelerometer, gyro, proximity, compass","Li-Po 3000 mAh, non-removable",,Black,,,,,,,,,,,,,,,8 MP,,,,Up to 300 h (2G) / Up to 250 h (3G),,Up to 22 h 10 min (2G) / Up to 18 h 30 min (3G),,,,,,,,,,,,
yezz,Yezz Classic C23A,https://fdn2.gsmarena.com/vv/bigpic/yezz-c23a.jpg,GSM,GSM 850 / 900 / 1800 / 1900 - SIM 1 & SIM 2 - CM22B003,No,,,,,"2015, November","Available. Released 2016, February",112 x 48.5 x 12.6 mm (4.41 x 1.91 x 0.50 in),81 g (2.86 oz),,Dual SIM (Mini-SIM),"TFT, 256K colors","1.8 inches, 10.2 cm2 (~18.8% screen-to-body ratio)",128 x 160 pixels (~114 ppi density),Video Player Music Player Organizer,,,,,microSDHC,4MB 4MB RAM,,,Yes,VGA,,,Yes,Yes,,No,2.1,No,,Stereo FM radio,microUSB 2.0,,"Li-Ion 600 mAh, removable",,"Black, Blue, Fushsia, Gold, Green, Red, Silver, White",,,,,,,,,,,,,,,,,,,Up to 200 h,,Up to 4 h,,,Yes,No,,,Yes,Yes,SMS,No,No,
yezz,Yezz Andy 4E3I,https://fdn2.gsmarena.com/vv/bigpic/andy-4E3I.jpg,GSM / HSPA,GSM 850 / 900 / 1800 / 1900 - SIM 1 & SIM 2,,HSDPA 850 / 1900 - AM4E3I043,,,HSPA 21.1/5.76 Mbps,"2015, December","Available. Released 2016, March",121 x 64.6 x 10.7 mm (4.76 x 2.54 x 0.42 in),116.9 g (4.13 oz),,"Dual SIM, (Mini-SIM)","TFT capacitive touchscreen, 16M colors","4.0 inches, 45.5 cm2 (~58.3% screen-to-body ratio)","480 x 800 pixels, 5:3 ratio (~233 ppi density)",,Android 4.4 (KitKat),Mediatek MT6572A,Dual-core 1.3 GHz Cortex-A7,Mali-400,microSDXC (dedicated slot),4GB 512MB RAM,,"LED flash, panorama",720p@30fps,5 MP,,,Yes,Yes,,"Wi-Fi 802.11 b/g/n, Wi-Fi Direct, hotspot","4.0, LE","Yes, with A-GPS",,Stereo FM radio,microUSB 2.0,Accelerometer,"Li-Ion 1400 mAh, removable",,Black,,,,,,,,,,,,,,,1.3 MP,,,,Up to 280 h (2G) / Up to 232 h (3G),,Up to 10 h 30 min (2G) / Up to 8 h 40 min (3G),,,,,,,,,,,,
yezz,Yezz Andy 5E2I,https://fdn2.gsmarena.com/vv/bigpic/yezz-andy-5e2i.jpg,GSM / HSPA,GSM 900 / 1800 / 1900 - SIM 1 & SIM 2,HSDPA 850 / 1900 - AM5E3I043,HSDPA 900 / 2100 - AM5E3I047,,,HSPA 21.1/5.76 Mbps,"2015, October. Released 2015, November",Discontinued,145.5 x 75.3 x 9 mm (5.73 x 2.96 x 0.35 in),104 g (3.67 oz),,Dual SIM,"TFT capacitive touchscreen, 16M colors","5.0 inches, 68.9 cm2 (~62.9% screen-to-body ratio)","480 x 854 pixels, 16:9 ratio (~196 ppi density)",,Android 5.1 (Lollipop),Mediatek MT6572M (28 nm),Dual-core 1.0 GHz Cortex-A7,Mali-400,microSDXC (dedicated slot),4GB 512MB RAM,,Panorama,Yes,5 MP,,,Yes,Yes,,"Wi-Fi 802.11 b/g/n, hotspot","4.0, LE","Yes, with A-GPS",,FM radio,microUSB 2.0,"Accelerometer, proximity","Li-Ion 2000 mAh, removable",,"Black, Cool Gray",,,,,,,,,,,,,,,1.3 MP,,,,Up to 230 h (3G),,Up to 12 h (3G),,,,,,,,,,,,
yezz,Yezz Andy 4EI2,https://fdn2.gsmarena.com/vv/bigpic/yezz-andy-4ei2.jpg,GSM / HSPA,GSM 900 / 1800 / 1900 - SIM 1 & SIM 2,HSDPA 850 / 1900 - AM4E2I043,HSDPA 900 / 2100 - AM4E2I047,,,HSPA 21.1/5.76 Mbps,"2015, October. Released 2015, November",Discontinued,121 x 64 x 10.7 mm (4.76 x 2.52 x 0.42 in),110 g (3.88 oz),,Dual SIM,"TFT capacitive touchscreen, 256K colors","4.0 inches, 45.5 cm2 (~58.8% screen-to-body ratio)","480 x 800 pixels, 5:3 ratio (~233 ppi density)",,Android 4.4 (KitKat),Mediatek MT6572M (28 nm),Dual-core 1.0 GHz Cortex-A7,Mali-400,microSDXC (dedicated slot),4GB 512MB RAM,,Panorama,Yes,5 MP,,,Yes,Yes,,"Wi-Fi 802.11 b/g/n, hotspot","4.0, A2DP","Yes, with A-GPS",,FM radio,microUSB 2.0,Accelerometer,"Li-Ion 1400 mAh, removable",,"Black, Red, Silver, White, Blue, Gold",,,,,,,,,,,,,,,1.3 MP,,,,Up to 232 h (3G),,Up to 8 h (3G),,,,,,,,,,,,
yezz,Yezz Andy 3.5EI2,https://fdn2.gsmarena.com/vv/bigpic/yezz-andy-35ei2.jpg,GSM / HSPA,GSM 900 / 1800 / 1900 - SIM 1 & SIM 2,HSDPA 850 / 1900 - AM35E2I043,HSDPA 900 / 2100 - AM35E2I047,,,HSPA 21.1/5.76 Mbps,"2015, October. Released 2015, November",Discontinued,111.5 x 62.8 x 10.7 mm (4.39 x 2.47 x 0.42 in),74 g (2.61 oz),,Dual SIM,"TFT capacitive touchscreen, 256K colors","3.5 inches, 36.5 cm2 (~52.1% screen-to-body ratio)","320 x 480 pixels, 3:2 ratio (~165 ppi density)",,Android 4.4 (KitKat),Mediatek MT6572M (28 nm),Dual-core 1.0 GHz Cortex-A7,Mali-400,microSDXC (dedicated slot),4GB 512MB RAM,,Panorama,Yes,2 MP,,,Yes,Yes,,"Wi-Fi 802.11 b/g/n, hotspot","4.0, A2DP","Yes, with A-GPS",,FM radio,microUSB 2.0,Accelerometer,"Li-Ion 1300 mAh, removable",,"Black, Red, Silver, White, Blue, Gold",,,,,,,,,,,,,,,1.3 MP,,,,Up to 217 h (3G),,Up to 8 h (3G),,,,,,,,,,,,
yezz,Yezz Andy 6EL LTE,https://fdn2.gsmarena.com/vv/bigpic/yezz-andy-6el-lte.jpg,GSM / HSPA / LTE,GSM 850 / 900 / 1800 / 1900 - SIM 1 & SIM 2,HSDPA 850 / 1900 - AM6EL133,HSDPA 900 / 2100 - AM6EL137,LTE 700 / 1700 / 2600 -  AM6EL133,,"HSPA 42.2/11.5 Mbps, LTE Cat4 150/50 Mbps","2015, October. Released 2015, November",Discontinued,166 x 85.6 x 7.5 mm (6.54 x 3.37 x 0.30 in),131 g (4.62 oz),,Hybrid Dual SIM,"IPS LCD capacitive touchscreen, 16M colors","6.0 inches, 99.2 cm2 (~69.8% screen-to-body ratio)","720 x 1280 pixels, 16:9 ratio (~245 ppi density)",LTE 800 / 1800 / 2600 - AM6EL137,Android 5.1 (Lollipop),Mediatek MT6735A,Quad-core 1.3 GHz Cortex-A53,Mali-T720MP2,microSDXC (uses shared SIM slot),8GB 1GB RAM,,"LED flash, HDR",1080p@30fps,"8 MP, AF",,,Yes,Yes,,"Wi-Fi 802.11 b/g/n, hotspot","4.0, LE","Yes, with A-GPS",,Stereo FM radio,microUSB 2.0,"Accelerometer, proximity","Li-Po 2900 mAh, removable",,"Black, White",,,,,,,,,,,,,,,2 MP,,,,Up to 480 h (3G),,Up to 18 h (3G),,,,,,,,,,,,
yezz,Yezz Andy 5E LTE,https://fdn2.gsmarena.com/vv/bigpic/yezz-andy-5e-lte.jpg,GSM / HSPA / LTE,GSM 850 / 1800 / 1900 - SIM 1 & SIM 2,,HSDPA 850 / 1900 - AM5EL151,LTE 700 / 1800 / 1900 - AM5EL151,,"HSPA 42.2/11.5 Mbps, LTE Cat4 150/50 Mbps","2015, September. Released 2015, November",Discontinued,143.7 x 72.8 x 9.4 mm (5.66 x 2.87 x 0.37 in),158 g (5.57 oz),,Dual SIM (Mini-SIM/ Micro-SIM),"TFT capacitive touchscreen, 16M colors","5.0 inches, 68.9 cm2 (~65.9% screen-to-body ratio)","480 x 854 pixels, 16:9 ratio (~196 ppi density)",,Android 5.1 (Lollipop),Mediatek MT6735M (28 nm),Quad-core 1.0 GHz Cortex-A53,Mali-T720MP2,microSDXC (dedicated slot),8GB 1GB RAM,,"LED flash, HDR",Yes,"8 MP, AF",,,Yes,Yes,,"Wi-Fi 802.11 a/b/g/n, hotspot","4.0, LE","Yes, with A-GPS",,Stereo FM radio,microUSB 2.0,"Accelerometer, proximity","Li-Ion 2100 mAh, removable",,"Black, White",,,,,,,,,,,,,,,2 MP,,,,Up to 300 h (3G),,Up to 12 h (3G),,,,,,,,,,,,
yezz,Yezz Andy C5E LTE,https://fdn2.gsmarena.com/vv/bigpic/yezz-andy-c5e-lte.jpg,GSM / HSPA / LTE,GSM 850 / 1800 / 1900,,HSDPA 850 / 1900 - AC5EL191,LTE 700 / 1800 / 1900 - AC5EL191,,"HSPA 42.2/11.5 Mbps, LTE Cat4 150/50 Mbps","2015, September. Released 2015, November",Discontinued,143.7 x 72.8 x 9.4 mm (5.66 x 2.87 x 0.37 in),158 g (5.57 oz),,Micro-SIM,"TFT capacitive touchscreen, 16M colors","5.0 inches, 68.9 cm2 (~65.9% screen-to-body ratio)","480 x 854 pixels, 16:9 ratio (~196 ppi density)",,Android 5.1 (Lollipop),Mediatek MT6735M (28 nm),Quad-core 1.0 GHz Cortex-A53,Mali-T720MP2,microSDXC (dedicated slot),8GB 1GB RAM,,"LED flash, HDR",Yes,"8 MP, AF",,,Yes,Yes,,"Wi-Fi 802.11 a/b/g/n, hotspot","4.0, A2DP, LE","Yes, with A-GPS",,Stereo FM radio,microUSB 2.0,"Accelerometer, proximity","Li-Ion 2100 mAh, removable",,Black,,,,,,,,,,,,,,,2 MP,,,,Up to 350 h (3G),,Up to 12 h (3G),,,,,,,,,,,,
yezz,Yezz Andy 5EI3,https://fdn2.gsmarena.com/vv/bigpic/yezz-andy-5ei3.jpg,GSM / HSPA,GSM 850 / 900 / 1800 / 1900 - SIM 1 & SIM 2,HSDPA 850 / 1900 - AM5EI3043,HSDPA 900 / 2100 - AM5EI3047,,,HSPA 21.1/5.76 Mbps,"2015, September. Released 2015, October",Discontinued,145.5 x 75.3 x 9 mm (5.73 x 2.96 x 0.35 in),104 g (3.67 oz),,Dual SIM (Mini-SIM/ Micro-SIM),"TFT capacitive touchscreen, 16M colors","5.0 inches, 68.9 cm2 (~62.9% screen-to-body ratio)","480 x 854 pixels, 16:9 ratio (~196 ppi density)",,Android 5.1 (Lollipop),Mediatek MT6572M (28 nm),Dual-core 1.0 GHz Cortex-A7,Mali-400,microSDXC (dedicated slot),4GB 512MB RAM,,LED flash,480p@30fps,5 MP,,,Yes,Yes,,"Wi-Fi 802.11 b/g/n, hotspot","4.0, LE","Yes, with A-GPS",,Stereo FM radio,microUSB 2.0,Accelerometer,"Li-Ion 2000 mAh, removable",,"Black, White, Red, Champagne Gold",,,,,,,,,,,,,,,1.3 MP,,,,Up to 230 h (3G),,Up to 12 h (3G),,,,,,,,,,,,
yezz,Yezz Andy 4EL2 LTE,https://fdn2.gsmarena.com/vv/bigpic/yezz-andy-4el2-lte.jpg,GSM / HSPA / LTE,GSM 850 / 900 / 1800 / 1900 - SIM 1 & SIM 2,HSDPA 850 / 1900 - AM4E2L133,HSDPA 900 / 2100 - AM4E2L137,LTE 700 / 1700 / 2600 - AM4E2L133,,"HSPA 42.2/11.5 Mbps, LTE Cat4 150/50 Mbps","2015, June. Released 2015, September",Discontinued,127 x 64.5 x 10.5 mm (5.0 x 2.54 x 0.41 in),120 g (4.23 oz),,Dual SIM (Mini-SIM/ Micro-SIM),"TFT capacitive touchscreen, 16M colors","4.0 inches, 45.5 cm2 (~55.6% screen-to-body ratio)","480 x 800 pixels, 5:3 ratio (~233 ppi density)",LTE 800 / 1800 / 2600 - AM4E2L137,Android 5.1 (Lollipop),Mediatek MT6735M (28 nm),Quad-core 1.0 GHz Cortex-A53,Mali-T720MP2,microSDXC (dedicated slot),8GB 1GB RAM,,"LED flash, HDR",1080p@30fps,"5 MP, AF",,,Yes,Yes,,"Wi-Fi 802.11 b/g/n, hotspot","4.0, LE","Yes, with A-GPS",,Stereo FM radio,microUSB 2.0,"Accelerometer, proximity","Li-Ion 1600 mAh, removable",,"Black, White",,,,,,,,,,,,,,,1.3 MP,,,,Up to 266 h (3G),,Up to 10 h (3G),,,,,,,,,,,,
yezz,Yezz Classic Z51,https://fdn2.gsmarena.com/vv/bigpic/yezz-z51.jpg,GSM,GSM 850 / 900 / 1800 / 1900 - SIM 1 & SIM 2 - ZM51003,Flashlight SOS button,,,,,"2015, July. Released 2015, September",Discontinued,100.5 x 50.5 x 17.8 mm (3.96 x 1.99 x 0.70 in),86 g (3.03 oz),,Dual SIM (Mini-SIM),"TFT, 65K colors","1.3 inches, 5.2 cm2 (~10.3% screen-to-body ratio)","240 x 320 pixels, 4:3 ratio (~308 ppi density)",No,,,,,microSDHC,8MB 8MB,,LED flash,Yes,1.3 MP,,,Yes,Yes,Music/Video player Organizer Calendar Calculator Voice memo,No,"3.0, EDR",No,,Stereo FM radio; built in antenna,microUSB,,"Li-Ion 800 mAh, removable",Charging dock,"Black, White",,,,,,,,,,,,,,,,,,,Up to 130 h,,Up to 5 h,,,Yes,No,,,300 entries,Yes,SMS,No,No,
yezz,Yezz Andy 5EL LTE,https://fdn2.gsmarena.com/vv/bigpic/yezz-andy-5el-lte.jpg,GSM / HSPA / LTE,GSM 850 / 900 / 1800 / 1900 - SIM 1 & SIM 2,HSDPA 850 / 1900 - AM5EL133,HSDPA 900 / 2100 - AM5EL137,LTE 700 / 1700 / 2600 -  AM5EL133,,"HSPA 42.2/11.5 Mbps, LTE Cat4 150/50 Mbps","2015, June. Released 2015, July",Discontinued,143.7 x 72.8 x 9.4 mm (5.66 x 2.87 x 0.37 in),158 g (5.57 oz),,Dual SIM (Mini-SIM/ Micro-SIM),"TFT capacitive touchscreen, 16M colors","5.0 inches, 68.9 cm2 (~65.9% screen-to-body ratio)","480 x 854 pixels, 16:9 ratio (~196 ppi density)",LTE 800 / 1800 / 2600 - AM5EL137,Android 5.1 (Lollipop),Mediatek MT6735M (28 nm),Quad-core 1.0 GHz Cortex-A53,Mali-T720MP2,microSDXC (dedicated slot),8GB 1GB RAM,,"LED flash, HDR",1080p@30fps,"5 MP, AF",,,Yes,Yes,,"Wi-Fi 802.11 a/b/g/n, hotspot","4.0, LE","Yes, with A-GPS",,Stereo FM radio,microUSB 2.0,"Accelerometer, proximity","Li-Ion 2100 mAh, removable",,"Black, White",,,,,,,,,,,,,,,1.3 MP,,,,Up to 350 h (3G),,Up to 12 h (3G),,,,,,,,,,,,
yezz,Yezz Andy 4.5EL LTE,https://fdn2.gsmarena.com/vv/bigpic/yezz-andy-45el-lte.jpg,GSM / HSPA / LTE,GSM 850 / 900 / 1800 / 1900 - SIM 1 & SIM 2,HSDPA 850 / 1900 - AM45EL133,HSDPA 900 / 2100 - AM45EL137,LTE 700 / 1700 / 2600 -  AM45EL133,,"HSPA 42.2/11.5 Mbps, LTE Cat4 150/50 Mbps","2015, June. Released 2015, July",Discontinued,132.8 x 66 x 10.9 mm (5.23 x 2.60 x 0.43 in),146 g (5.15 oz),,Dual SIM (Mini-SIM/ Micro-SIM),"TFT capacitive touchscreen, 16M colors","4.5 inches, 55.8 cm2 (~63.7% screen-to-body ratio)","480 x 854 pixels, 16:9 ratio (~218 ppi density)",LTE 800 / 1800 / 2600 - AM45EL137,Android 5.1 (Lollipop),Mediatek MT6735M (28 nm),Quad-core 1.0 GHz Cortex-A53,Mali-T720MP2,microSDXC (dedicated slot),8GB 1GB RAM,,LED flash,1080p@30fps,"5 MP, AF",,,Yes,Yes,,"Wi-Fi 802.11 a/b/g/n, hotspot","4.1, LE","Yes, with A-GPS",,Stereo FM radio,microUSB 2.0,"Accelerometer, proximity","Li-Ion 2000 mAh, removable",,"Black, White",,,,,,,,,,,,,,,1.3 MP,,,,Up to 333 h (3G),,Up to 13 h (3G),,,,,,,,,,,,
yezz,Yezz Andy 3.5EI3,https://fdn2.gsmarena.com/vv/bigpic/yezz-andy-35-ei3.jpg,GSM / HSPA,GSM 900 / 1800 / 1900 - SIM 1 & SIM 2,HSDPA 900 / 2100 - AM35E3I083,HSDPA 850 / 1900 - AM35E3I079,,,HSPA 21.1/5.76 Mbps,"2015, June. Released 2015, July",Discontinued,117.8 x 63 x 11.7 mm (4.64 x 2.48 x 0.46 in),98 g (3.46 oz),,Dual SIM (Mini-SIM/ Micro-SIM),"TFT capacitive touchscreen, 256K colors","3.5 inches, 36.5 cm2 (~49.2% screen-to-body ratio)","320 x 480 pixels, 3:2 ratio (~165 ppi density)",,Android 4.4 (KitKat),Spreadtrum 7715,1.0 GHz Cortex-A7,Mali-400,microSDXC (dedicated slot),4GB 512MB RAM,,"LED flash, HDR",480p@30fps,"2 MP, AF",,,Yes,Yes,,"Wi-Fi 802.11 a/b/g/n, hotspot","2.1, EDR",A-GPS only,,Stereo FM radio,microUSB 2.0,Accelerometer,"Li-Ion 1100 mAh, removable",,"Black, Red, White, Blue, Fuchsia",,,,,,,,,,,,,,,1.3 MP,,,,Up to 171 h (3G),,Up to 3 h 30 min (3G),,,,,,,,,,,,
yezz,Yezz Classic C60,https://fdn2.gsmarena.com/vv/bigpic/yezz-c60.jpg,GSM / HSPA,GSM 850 / 900 / 1800 / 1900 - SIM 1 & SIM 2,HSDPA 900 / 2100 - CM60047,HSDPA 850 / 1900 - CM60043,,,HSPA 7.2/0.384 Mbps,"2015, March. Released 2015, May",Discontinued,118 x 50.4 x 12.6 mm (4.65 x 1.98 x 0.50 in),80 g without battery (2.82 oz),,Dual SIM (Mini-SIM),"TFT, 256K colors","2.4 inches, 17.8 cm2 (~30.0% screen-to-body ratio)","240 x 320 pixels, 4:3 ratio (~167 ppi density)",No,,,,,microSDHC,128MB 64MB,,,Yes,1.3 MP,,,Yes,No,Music/Video player Organizer Calendar Calculator Voice memo,No,"2.1, EDR",No,,Stereo FM radio,microUSB 2.0,,"Li-Ion 1000 mAh, removable",,Black,,,,,,,,,,,,,,,,,,,Up to 167 h,,Up to 6 h,,,,,,,Yes,Yes,"SMS, MMS, Email",No,No,
yezz,Yezz Andy 4E LTE,https://fdn2.gsmarena.com/vv/bigpic/yezz-andy-4e-lte.jpg,GSM / HSPA / LTE,GSM 850 / 900 / 1800 / 1900 - SIM 1 & SIM 2,HSDPA 850 / 1900 - AM4EI133,HSDPA 900 / 2100 - AM4EI137,"4, 7, 17 - AM4EI133",,"HSPA 42.2/11.5 Mbps, LTE","2015, January. Released 2015, March",Discontinued,126 x 64 x 10.8 mm (4.96 x 2.52 x 0.43 in),127 g (4.48 oz),,Dual SIM (Micro-SIM),"TFT capacitive touchscreen, 16M colors","4.0 inches, 45.5 cm2 (~56.5% screen-to-body ratio)","480 x 800 pixels, 5:3 ratio (~233 ppi density)","1, 3, 7, 8, 20 - AM4EI137",Android 4.4 (KitKat),Mediatek MT6732M (28 nm),Quad-core 1.3 GHz Cortex-A53,Mali-T760MP2,microSDXC (dedicated slot),4GB 512MB RAM,,LED flash,720p@30fps,5 MP,,,Yes,Yes,,"Wi-Fi 802.11 b/g/n, hotspot","4.0, A2DP","Yes, with A-GPS, GLONASS",,Stereo FM radio,microUSB 2.0,"Accelerometer, proximity","Li-Ion 1450 mAh, removable",,Black,,,,,,,,,,,,,,,1.3 MP,,,,Up to 290 h (2G) / Up to 242 h (3G),,Up to 20 h (2G) / Up to 9 h (3G),,,,,,,,,,,,
yezz,Yezz Andy 4E2I,https://fdn2.gsmarena.com/vv/bigpic/yezz-4E2I.jpg,GSM / HSPA,GSM 850 / 900 / 1800 / 1900 - SIM 1 & SIM 2,HSDPA 850 / 1900 - AM4E2I043,HSDPA 900 / 2100 - AM4E2I047,,,HSPA 21.1/5.76 Mbps,"2015, January. Released 2015, March",Discontinued,121 x 64.6 x 10.7 mm (4.76 x 2.54 x 0.42 in),110 g (3.88 oz),,Dual SIM (Mini-SIM/ Micro-SIM),"TFT capacitive touchscreen, 256K colors","4.0 inches, 45.5 cm2 (~58.3% screen-to-body ratio)","480 x 800 pixels, 5:3 ratio (~233 ppi density)",HSDPA 850 / 1700(AWS) / 1900 - AM4E2I054,Android 4.4 (KitKat),Mediatek MT6572M (28 nm),Dual-core 1.0 GHz Cortex-A7,Mali-400,microSDXC (dedicated slot),4GB 512MB RAM,,"LED flash, panorama",480p@30fps,5 MP,,,Yes,Yes,,"Wi-Fi 802.11 a/b/g/n, dual-band, hotspot","4.0, A2DP","Yes, with A-GPS",,Stereo FM radio,microUSB 2.0,Accelerometer,"Li-Ion 1400 mAh, removable",,"Black, White, Red, Blue, Yellow",,,,,,,,,,,,,,,1.3 MP,,,,Up to 280 h (2G) / Up to 232 h (3G),,Up to 18 h (2G) / Up to 9 h (3G),,,,,,,,,,,,
yezz,Yezz Andy 3.5E2I,https://fdn2.gsmarena.com/vv/bigpic/yezz-35E2I.jpg,GSM / UMTS / HSPA,GSM 850 / 900 / 1800 / 1900 - SIM 1 & SIM 2,HSDPA 900 / 2100 - AM35E2I047,UMTS 850 / 1900 - AM35E2I043,,,HSPA 21.1/5.76 Mbps,"2015, February. Released 2015, March",Discontinued,115.5 x 62.8 x 10.7 mm (4.55 x 2.47 x 0.42 in),102 g (3.60 oz),,Dual SIM (Mini-SIM/ Micro-SIM),"LCD capacitive touchscreen, 256K colors","3.5 inches, 36.5 cm2 (~50.3% screen-to-body ratio)","320 x 480 pixels, 3:2 ratio (~165 ppi density)",HSDPA 850 / 1700(AWS) / 1900 - AM35E2I054,Android 4.4 (KitKat),Mediatek MT6572M (28 nm),Dual-core 1.0 GHz Cortex-A7,Mali-400,microSDXC (dedicated slot),4GB 512MB RAM,,"LED flash, panorama",480p@30fps,5 MP,,,Yes,Yes,,"Wi-Fi 802.11 b/g/n, hotspot","4.0, A2DP","Yes, with A-GPS",,Stereo FM radio,microUSB 2.0,Accelerometer,"Li-Ion 1300 mAh, removable",,"Black, White, Blue, Green, Orange",,,,,,,,,,,,,,,1.3 MP,,,,Up to 260 h (2G) / Up to 217 h (3G),,Up to 18 h (2G) / Up to 8 h (3G),,,,,,,,,,,,
yezz,Yezz Z50,https://fdn2.gsmarena.com/vv/bigpic/yezz-z50.jpg,GSM,GSM 850 / 900 / 1800 / 1900 - SIM 1 & SIM 2 - ZM50003,No,,,,,"2014, November. Released 2015, January",Discontinued,100.9 x 51.8 x 21.5 mm (3.97 x 2.04 x 0.85 in),120 g (4.23 oz),,Dual SIM (Mini-SIM),"TFT, 256K colors","2.4 inches, 17.8 cm2 (~34.1% screen-to-body ratio)","240 x 320 pixels, 4:3 ratio (~167 ppi density)",Video Player Music Player Organizer Voice memo Whatsapp,,,,,No,8MB 8MB,,LED flash,Yes,2 MP,,,Yes,No,,No,"2.1, EDR",No,,Stereo FM radio; built-in antenna,microUSB,,"Li-Ion 950 mAh, removable",Charging dock,"Black, White",,,,,,,,,,,,,,,,,,,Up to 190 h,,Up to 7 h 30 min,,,Yes,No,,,300 entries,Yes,SMS,No,No,
yezz,Yezz ZC20,https://fdn2.gsmarena.com/vv/bigpic/yezz-zc20.jpg,GSM,GSM 850 / 900 / 1800 / 1900,Flashlight SOS button,,,,,"2014, November. Released 2015, January",Discontinued,112 x 51.5 x 13.7 mm (4.41 x 2.03 x 0.54 in),53 g without battery (1.87 oz),,Mini-SIM,"TFT, 256K colors","1.8 inches, 10.2 cm2 (~17.7% screen-to-body ratio)",128 x 160 pixels (~114 ppi density),No,,,,,microSDHC (dedicated slot),4MB 4MB,,,,,,,Yes,Yes,Video Player Music Player Organizer Voice memo,No,No,No,,Stereo FM radio; built-in antenna,microUSB,,"Li-Ion 600 mAh, removable",Charging dock,"White, Blue",,,,,,,,,,,,,,,,,,,Up to 120 h,,Up to 4 h 30 min,,,No,No,,,Yes,Yes,SMS,No,No,
yezz,Yezz Billy 5S LTE,https://fdn2.gsmarena.com/vv/bigpic/yess-billy-5s-lte.jpg,GSM / HSPA / LTE,GSM 850 / 900 / 1800 / 1900 - SIM 1 & SIM 2,HSDPA 850 / 1900,HSDPA 1900 / 2100,"3, 7, 20",,"HSPA, LTE","2015, January. Released 2015, February",Discontinued,-,-,,Dual SIM,"IPS LCD capacitive touchscreen, 16M colors","5.0 inches, 68.9 cm2","720 x 1280 pixels, 16:9 ratio (~294 ppi density)",LTE 700 / 1700 / 2600,Microsoft Windows 10Microsoft Windows Phone 8.1,Qualcomm MSM8916 Snapdragon 410 (28 nm)Qualcomm MSM8926 Snapdragon 400 (28 nm),Quad-core 1.2 GHz Cortex-A53Quad-core 1.2 GHz Cortex-A7,Adreno 306Adreno 305,microSDXC (dedicated slot),8GB 1GB RAM,,"LED flash, panorama, HDR",Yes,"13 MP, AF",,,Yes,Yes,eMMC 4.5,Wi-Fi 802.11 b/g/n,"4.0, A2DP","Yes, with A-GPS, GLONASS",,FM radio,microUSB 2.0,"Accelerometer, proximity, compass","Li-Ion, removable",,Black,,,,,,,,,,,,,,,5 MP,,,,,,,,,,,,,,,,,,
yezz,Yezz Andy C5ML,https://fdn2.gsmarena.com/vv/bigpic/yezz-andy-c5ml.jpg,GSM / HSPA,GSM 850 / 900 / 1800 / 1900,HSDPA 900 / 2100 - AC5ML047,HSDPA 850 / 1900 - AC5ML043,,,HSPA 21.1/5.76 Mbps,"2014, October. Released 2014, November",Discontinued,144.2 x 73.2 x 9.3 mm (5.68 x 2.88 x 0.37 in),180 g (6.35 oz),,Mini-SIM,"IPS LCD capacitive touchscreen, 16M colors","5.0 inches, 68.9 cm2 (~65.3% screen-to-body ratio)","540 x 960 pixels, 16:9 ratio (~220 ppi density)",,Android 4.4.2 (KitKat),Mediatek MT6582M (28 nm),Quad-core 1.3 GHz Cortex-A7,Mali-400MP2,microSDXC (dedicated slot),8GB 1GB RAM,,"LED flash, HDR",720p@30fps,"13 MP, AF",,,Yes,Yes,,"Wi-Fi 802.11 a/b/g/n, dual-band, hotspot","4.0, A2DP","Yes, with A-GPS",,Stereo FM radio,microUSB 2.0,"Accelerometer, proximity","Li-Po 2020 mAh, removable",,"Black, White, Red",,,,,,,,,,,,,,,5 MP,,,,Up to 480 h (2G) / Up to 350 h (3G),,Up to 16 h (2G) / Up to 10 h (3G),,,,,,,,,,,,
yezz,Yezz Andy C5QL,https://fdn2.gsmarena.com/vv/bigpic/yezz-andy-c5ql.jpg,GSM / HSPA / LTE,GSM 850 / 1900 / 900,HSDPA 900 / 2100 - AC5QL137,HSDPA 850 / 1900 - AC5QL133,LTE 700 / 1700 / 2600 - AC5QL133,,"HSPA 21.1/5.76 Mbps, LTE Cat4 150/50 Mbps","2014, October. Released 2014, December",Discontinued,144.2 x 73.2 x 9.3 mm (5.68 x 2.88 x 0.37 in),180 g (6.35 oz),,Mini-SIM,"IPS LCD capacitive touchscreen, 16M colors","5.0 inches, 68.9 cm2 (~65.3% screen-to-body ratio)","540 x 960 pixels, 16:9 ratio (~220 ppi density)",LTE 800 / 1800 / 2600 - AC5QL137,Android 4.4.2 (KitKat),Mediatek MT6582M (28 nm),Quad-core 1.3 GHz Cortex-A7,Mali-400MP2,microSDXC (dedicated slot),8GB 1GB RAM,,"LED flash, HDR",720p@30fps,"13 MP, AF",,,Yes,Yes,,"Wi-Fi 802.11 a/b/g/n, dual-band, hotspot","4.0, A2DP","Yes, with A-GPS",,Stereo FM radio,microUSB 2.0,"Accelerometer, proximity","Li-Ion 2020 mAh, removable",,"Black, White, Red",,,,,,,,,,,,,,,5 MP,,,,Up to 480 h (2G) / Up to 350 h (3G),,Up to 16 h (2G) / Up to 10 h (3G),,,,,,,,,,,,
yezz,Yezz Classic C50,https://fdn2.gsmarena.com/vv/bigpic/yezz-C50.jpg,GSM,GSM 850 / 900 / 1800 / 1900 - SIM 1 & SIM 2 - CC50003,Flashlight,,,,,"2014, October. Released 2014, November",Discontinued,87 x 46 x 18 mm (3.43 x 1.81 x 0.71 in),71 g without battery (2.50 oz),,Dual SIM (Mini-SIM),"TFT, 256K colors","1.8 inches, 10.2 cm2 (~25.5% screen-to-body ratio)",128 x 160 pixels (~114 ppi density),No,,,,,microSDHC,32Mb 32Mb RAM,,,Yes,VGA,,,Yes,No,Video Player Music Player Organizer Voice memo Whatsapp,No,2.0,No,,Stereo FM radio,microUSB,,"Li-Ion 650 mAh, removable",,"Red, Blue, Fuchsia, White, Black",,,,,,,,,,,,,,,,,,,Up to 200 h,,Up to 4 h,,,Up to 48 kbps,No,,,Yes,Yes,"SMS, IM",Yes,No,
yezz,Yezz Classic C22,https://fdn2.gsmarena.com/vv/bigpic/yezz-C221.jpg,GSM,GSM 850 / 900 / 1800 / 1900 - SIM 1 & SIM 2 - CM22B003,No,,,,,"2014, October. Released 2014, November",Discontinued,106.5 x 45 x 14 mm (4.19 x 1.77 x 0.55 in),73 g without battery (2.57 oz),,Dual SIM (Mini-SIM),"TFT, 256K colors","1.8 inches, 10.2 cm2 (~21.3% screen-to-body ratio)",128 x 160 pixels (~114 ppi density),Video Player Music Player Organizer Whatsapp,,,,,microSDHC,32Mb 32Mb RAM,,,No,VGA,,,Yes,No,,No,2.0,No,,Stereo FM radio,microUSB,,"Li-Ion 600 mAh, removable",,"Blue, Red, White, Black, Fuchsia",,,,,,,,,,,,,,,,,,,Up to 200 h,,Up to 4 h,,,Up to 48 kbps,No,,,Yes,Yes,"SMS, IM",No,No,
yezz,Yezz Classic C21A,https://fdn2.gsmarena.com/vv/bigpic/yezz-C21A-.jpg,GSM,GSM 850 / 900 / 1800 / 1900 - SIM 1 & SIM 2 - CM21A003,No,,,,,"2013, March. Released 2013, April",Discontinued,106 x 45 x 14.5 mm (4.17 x 1.77 x 0.57 in),73 g without battery (2.57 oz),,Dual SIM (Mini-SIM),"TFT, 256K colors","1.8 inches, 10.2 cm2 (~21.4% screen-to-body ratio)",128 x 160 pixels (~114 ppi density),Video Player Music Player Organizer Whatsapp,,,,,microSDHC,32Mb 32Mb RAM,,,No,VGA,,,Yes,No,,No,2.0,No,,Stereo FM radio,microUSB,,"Li-Ion 600 mAh, removable",,"Black, White, Blue, Green, Purple, Red, Fuchsia",,,,,,,,,,,,,,,,,,,Up to 200 h,,Up to 4 h,,,Up to 48 kbps,No,,,Yes,Yes,"SMS, IM",No,No,
yezz,Yezz Monaco 47,https://fdn2.gsmarena.com/vv/bigpic/yezz-monaco-471.jpg,GSM / HSPA,GSM 850 / 900 / 1800 / 1900 - SIM 1 & SIM 2,eMMC 4.5,HSDPA 850 / 900 / 1900 / 2100 - SIM 1,,,HSPA 42.2/5.76 Mbps,"2014, June. Released 2014, October",Discontinued,135.8 x 67.2 x 8.1 mm (5.35 x 2.65 x 0.32 in),120 g (4.23 oz),,Dual SIM (Micro-SIM),"IPS LCD capacitive touchscreen, 16M colors","4.7 inches, 60.9 cm2 (~66.7% screen-to-body ratio)","720 x 1280 pixels, 16:9 ratio (~312 ppi density)",,Microsoft Windows Phone 8.1,Qualcomm MSM8212 Snapdragon 200 (28 nm),Quad-core 1.2 GHz Cortex-A7,Adreno 302,microSDXC (dedicated slot),8GB 1GB RAM,,"LED flash, panorama, HDR",720p@30fps,"13 MP, AF",,,Yes,Yes,,"Wi-Fi 802.11 a/b/g/n, dual-band, hotspot","4.0, A2DP","Yes, with A-GPS, GLONASS",,Stereo FM radio,microUSB 2.0,"Accelerometer, proximity, compass","Li-Ion 1750 mAh, removable",,"Red, White, Dark Gray",,,Asahi Dragontrail Glass,,,,,,,,,,,,5 MP,,,,Up to 480 h (2G) / Up to 350 h (3G),,Up to 16 h (2G) / Up to 7 h 30 min (3G),,,,,,,,,,,,
yezz,Yezz Billy 4,https://fdn2.gsmarena.com/vv/bigpic/yezz-billy-4.jpg,GSM / HSPA,GSM 850 / 900 / 1800 / 1900 - SIM 1 & SIM 2,HSDPA 900 / 2100 - SIM 1 & SIM 2 - B4MI047,HSDPA 850 / 1900 - SIM 1 & SIM 2 - BM4MI043,,,HSPA 42.2/5.76 Mbps,"2014, June. Released 2014, October",Discontinued,122.5 x 64.4 x 9.9 mm (4.82 x 2.54 x 0.39 in),109 g (3.84 oz),,Dual SIM (Micro-SIM),"TFT capacitive touchscreen, 16M colors","4.0 inches, 45.5 cm2 (~57.7% screen-to-body ratio)","480 x 800 pixels, 5:3 ratio (~233 ppi density)",eMMC 4.5,Microsoft Windows Phone 8.1,Qualcomm MSM8212 Snapdragon 200 (28 nm),Quad-core 1.2 GHz Cortex-A7,Adreno 302,microSDXC (dedicated slot),4GB 512MB RAM,,LED flash,720p@30fps,"8 MP, AF",,,Yes,Yes,,"Wi-Fi 802.11 a/b/g/n, dual-band, hotspot","4.0, A2DP","Yes, with A-GPS, GLONASS",,Stereo FM radio,microUSB 2.0,"Accelerometer, proximity","Li-Ion 1300 mAh, removable",,"White, Black, Red, Gun Metal, Blue, Yellow, Champing Gold",,,,,,,,,,,,,,,1.3 MP,,,,Up to 350 h (2G) / Up to 300 h (3G),,Up to 7 h (2G) / Up to 4 h 30 min (3G),,,,,,,,,,,,
yezz,Yezz Andy 5T,https://fdn2.gsmarena.com/vv/bigpic/yezz-andy-5t.jpg,GSM / HSPA,GSM 850 / 900 / 1800 / 1900 - SIM 1 & SIM 2,HSDPA 850 / 1900 - AM5TL043,HSDPA 900 / 2100 - AM5TJ047,,,HSPA 21.1/5.76 Mbps,"2014, July. Released 2014, August",Discontinued,144 x 69.7 x 6.9 mm (5.67 x 2.74 x 0.27 in),123 g (4.34 oz),,Dual SIM (Mini-SIM/ Micro-SIM),"IPS LCD capacitive touchscreen, 16M colors","5.0 inches, 68.9 cm2 (~68.7% screen-to-body ratio)","720 x 1280 pixels, 16:9 ratio (~294 ppi density)",,Android 4.4.2 (KitKat),Mediatek MT6582 (28 nm),Quad-core 1.3 GHz Cortex-A7,Mali-400MP2,microSDXC (dedicated slot),"4GB 1GB RAM (AM5TJ047), 8GB 1GB RAM (AM5TL043)",,"LED flash, HDR",1080p@30fps,"8 MP, AF (AM5TJ047) 13.1 MP, AF (AM5TL043)",,,Yes,Yes,,"Wi-Fi 802.11 a/b/g/n, dual-band, hotspot","4.0, A2DP","Yes, with A-GPS",,Stereo FM radio,microUSB 2.0,"Accelerometer, proximity, compass","Li-Po 1800 mAh, non-removable",,"White, Black, Blue, Red",,,,,,,,,,,,,,,5 MP,,,,Up to 480 h (2G) / Up to 360 h (3G),,Up to 16 h (2G) / Up to 8 h 30 min (3G),,,,,,,,,,,,
yezz,Yezz Andy C5VP,https://fdn2.gsmarena.com/vv/bigpic/yezz-andy-c5vp.jpg,GSM / HSPA / LTE,GSM 850 / 900 / 1800 / 1900,HSDPA 900 / 2100,HSDPA 850 / 1900,"3, 7, 20",,"HSPA 21.1/5.76 Mbps, LTE Cat3 100/50 Mbps","2014, June. Released 2014, August",Discontinued,144.2 x 73.2 x 9.3 mm (5.68 x 2.88 x 0.37 in),180 g (6.35 oz),,Micro-SIM,"IPS LCD capacitive touchscreen, 16M colors","5.0 inches, 68.9 cm2 (~65.3% screen-to-body ratio)","540 x 960 pixels, 16:9 ratio (~220 ppi density)",LTE 700 / 1700 / 2600,Android 4.4.2 (KitKat),Mediatek MT6582M (28 nm),Quad-core 1.3 GHz Cortex-A7,Mali-400MP2,microSDXC (dedicated slot),8GB 1GB RAM,,"LED flash, HDR",720p@30fps,"13 MP, AF",,,Yes,Yes,,"Wi-Fi 802.11 a/b/g/n, dual-band, hotspot","4.0, A2DP","Yes, with A-GPS",,Stereo FM radio,microUSB 2.0,"Accelerometer, proximity","Li-Po 2020 mAh, removable",,"Black, White, Red, Blue",,,,,,,,,,,,,,,5 MP,,,,Up to 480 h (2G) / Up to 350 h (3G),,Up to 16 h (2G) / Up to 10 h (3G),,,,,,,,,,,,
yezz,Yezz Andy C5V,https://fdn2.gsmarena.com/vv/bigpic/yezz-andy-c5v.jpg,GSM / HSPA / LTE,GSM 850 / 900 / 1800 / 1900,HSDPA 900 / 2100,HSDPA 850 / 1900,"3, 7, 20",,"HSPA 21.1/5.76 Mbps, LTE Cat3 100/50 Mbps","2014, June. Released 2014, August",Discontinued,144.2 x 73.2 x 9.3 mm (5.68 x 2.88 x 0.37 in),180 g (6.35 oz),,Micro-SIM,"IPS LCD capacitive touchscreen, 16M colors","5.0 inches, 68.9 cm2 (~65.3% screen-to-body ratio)","540 x 960 pixels, 16:9 ratio (~220 ppi density)",LTE 700 / 1700 / 2600,Android 4.4.2 (KitKat),Mediatek MT6582M (28 nm),Quad-core 1.3 GHz Cortex-A7,Mali-400MP2,microSDXC (dedicated slot),4GB 1GB RAM,,"LED flash, HDR",720p@30fps,"8 MP, AF",,,Yes,Yes,,"Wi-Fi 802.11 a/b/g/n, dual-band, hotspot","4.0, A2DP","Yes, with A-GPS",,Stereo FM radio,microUSB 2.0,"Accelerometer, proximity","Li-Po 2020 mAh, removable",,"Black, White",,,,,,,,,,,,,,,2 MP,,,,Up to 480 h (2G) / Up to 350 h (3G),,Up to 16 h (2G) / Up to 10 h (3G),,,,,,,,,,,,
yezz,Yezz Andy 5.5EI,https://fdn2.gsmarena.com/vv/bigpic/yezz-andy-55ei.jpg,GSM / HSPA,GSM 850 / 900 / 1800 / 1900 - SIM 1 & SIM 2,HSDPA 850 / 1900 - SIM 1 or SIM 2,HSDPA 900 / 2100 - SIM 1 or SIM 2,,,HSPA 21.1/5.76 Mbps,"2014, May. Released 2014, July",Discontinued,159 x 80.5 x 10 mm (6.26 x 3.17 x 0.39 in),202 g (7.13 oz),,Dual SIM (Mini-SIM),"TFT capacitive touchscreen, 16M colors","5.5 inches, 83.4 cm2 (~65.1% screen-to-body ratio)","480 x 854 pixels, 16:9 ratio (~178 ppi density)",,Android 4.2.2 (Jelly Bean),Mediatek MT6572 (28 nm),Dual-core 1.3 GHz Cortex-A7,Mali-400,microSDXC (dedicated slot),4GB 512MB RAM,,"LED flash, HDR",480p@30fps,"8 MP, AF",,,Yes,Yes,,"Wi-Fi 802.11 a/b/g/n, dual-band, hotspot","3.0, A2DP","Yes, with A-GPS",,Stereo FM radio,microUSB 2.0,"Accelerometer, proximity","Li-Ion 2500 mAh, removable",,Black,,,,,,,,,,,,,,,1.3 MP,,,,Up to 580 h (2G) / Up to 400 h (3G),,Up to 16 h (2G) / Up to 12 h (3G),,,,,,,,,,,,
yezz,Yezz Andy 4.5M,https://fdn2.gsmarena.com/vv/bigpic/yezz-andy-45m.jpg,GSM / HSPA,GSM 850 / 900 / 1800 / 1900 - SIM 1 & SIM 2,HSDPA 850 / 1900 - SIM 1 or SIM 2,HSDPA 900 / 2100 - SIM 1 or SIM 2,,,HSPA 21.1/5.76 Mbps,"2014, July. Released 2014, August",Discontinued,133.4 x 67.2 x 9.2 mm (5.25 x 2.65 x 0.36 in),142 g (5.01 oz),,Dual SIM (Mini-SIM/ Micro-SIM),"IPS LCD capacitive touchscreen, 16M colors","4.5 inches, 55.8 cm2 (~62.2% screen-to-body ratio)","480 x 854 pixels, 16:9 ratio (~218 ppi density)",,Android 4.4.2 (KitKat),Mediatek MT6582M (28 nm),Quad-core 1.3 GHz Cortex-A7,Mali-400MP2,microSDXC (dedicated slot),4GB 1GB RAM,,LED flash,1080p@30fps,"13 MP, AF",,,Yes,Yes,,"Wi-Fi 802.11 a/b/g/n, dual-band, hotspot","4.0, A2DP","Yes, with A-GPS",,Stereo FM radio,microUSB 2.0,"Accelerometer, proximity","Li-Po 1500 mAh, removable",,"Black, Blue, Red",,,,,,,,,,,,,,,1.3 MP,,,,Up to 635 h (2G) / Up to 385 h (3G),,Up to 16 h (2G) / Up to 11 h (3G),,,,,,,,,,,,
yezz,Yezz Billy 4.7,https://fdn2.gsmarena.com/vv/bigpic/yezz-billy-47.jpg,GSM / HSPA,GSM 850 / 900 / 1800 / 1900 - SIM 1 & SIM 2,eMMC 4.5,HSDPA 850 / 900 / 1900 / 2100 - SIM 1,,,HSPA 42.2/5.76 Mbps,"2014, May. Released 2014, July",Discontinued,135.8 x 67.2 x 7.2 mm (5.35 x 2.65 x 0.28 in),120 g (4.23 oz),,Dual SIM (Micro-SIM),"IPS LCD capacitive touchscreen, 16M colors","4.7 inches, 60.9 cm2 (~66.7% screen-to-body ratio)","720 x 1280 pixels, 16:9 ratio (~312 ppi density)",,Microsoft Windows Phone 8.1,Qualcomm MSM8212 Snapdragon 200 (28 nm),Quad-core 1.2 GHz Cortex-A7,Adreno 302,microSDXC (dedicated slot),8GB 1GB RAM,,"LED flash, panorama, HDR",720p@30fps,"8 MP, AF",,,Yes,Yes,,"Wi-Fi 802.11 a/b/g/n, dual-band, hotspot","4.0, A2DP","Yes, with A-GPS, GLONASS",,Stereo FM radio,microUSB 2.0,"Accelerometer, proximity, compass","Li-Ion 1780 mAh, removable",,"White, Red, Blue",,,Asahi Dragontrail Glass,,,,,,,,,,,,2 MP,,,,Up to 480 h (2G) / Up to 350 h (3G),,Up to 16 h (2G) / Up to 7 h 30 min (3G),,,,,,,,,,,,
yezz,Yezz Andy 4EI,https://fdn2.gsmarena.com/vv/bigpic/yezz-andy-4eih.jpg,GSM / HSPA,GSM 850 / 900 / 1800 / 1900 - SIM 1 & SIM 2,HSDPA 850 / 1900 - SIM 1 or SIM 2,HSDPA 900 / 2100 - SIM 1 or SIM 2,,,HSPA 21.1/5.76 Mbps,"2014, May. Released 2014, July",Discontinued,123 x 64 x 10.7 mm (4.84 x 2.52 x 0.42 in),127 g (4.48 oz),,Dual SIM (Mini-SIM),"TFT capacitive touchscreen, 16M colors","4.0 inches, 45.5 cm2 (~57.9% screen-to-body ratio)","480 x 800 pixels, 5:3 ratio (~233 ppi density)",- SIM 1 or SIM 2,Android 4.4.2 (KitKat),Mediatek MT6572M (28 nm),Dual-core 1.0 GHz Cortex-A7,Mali-400,microSDXC (dedicated slot),4GB 512MB RAM,,LED flash,480p@30fps,5 MP,,,Yes,Yes,,"Wi-Fi 802.11 a/b/g/n, dual-band, hotspot","3.0, A2DP","Yes, with A-GPS",,Stereo FM radio,microUSB 2.0,"Accelerometer, proximity","Li-Po 1400 mAh, removable",,"Black, White, Red, Blue, Yellow",,,,,,,,,,,,,,,1.3 MP,,,,Up to 480 h (2G) / Up to 350 h (3G),,Up to 16 h (2G) / Up to 10 h (3G),,,,,,,,,,,,
yezz,Yezz Andy 3.5EH,https://fdn2.gsmarena.com/vv/bigpic/yezz-andy-35eh.jpg,GSM / HSPA,GSM 850 / 900 / 1800 / 1900 - SIM 1 & SIM 2,HSDPA 850 / 1900 - SIM 1 or SIM 2,HSDPA 900 / 2100 - SIM 1 or SIM 2,,,HSPA 21.1/5.76 Mbps,"2014, May. Released 2014, July",Discontinued,115.5 x 62 x 12.5 mm (4.55 x 2.44 x 0.49 in),115 g (4.06 oz),,Dual SIM (Mini-SIM),"LCD capacitive touchscreen, 256K colors","3.5 inches, 36.5 cm2 (~50.9% screen-to-body ratio)","320 x 480 pixels, 3:2 ratio (~165 ppi density)",- SIM 1 or SIM 2,Android 4.2 (Jelly Bean),Mediatek MT6572M (28 nm),Dual-core 1.0 GHz Cortex-A7,Mali-400,microSDXC (dedicated slot),512MB 256MB RAM,,LED flash,480p@30fps,3.2 MP,,,Yes,Yes,,"Wi-Fi 802.11 b/g/n, hotspot","3.0, A2DP","Yes, with A-GPS",,Stereo FM radio,microUSB 2.0,Accelerometer,"Li-Ion 1300 mAh, removable",,"Black, White, Blue, Green, Fuschia",,,,,,,,,,,,,,,1.3 MP,,,,Up to 600 h (2G) / Up to 400 h (3G),,Up to 15 h (2G) / Up to 10 h (3G),,,,,,,,,,,,
yezz,Yezz Andy 5EI,https://fdn2.gsmarena.com/vv/bigpic/andy-5EI.jpg,GSM / HSPA,GSM 850 / 900 / 1800 / 1900 - SIM 1 & SIM 2,HSDPA 850 / 1900 - SIM 1 or SIM 2,HSDPA 900 / 2100 - SIM 1 or SIM 2,,,HSPA 21.1/5.76 Mbps,"2014, May. Released 2014, July",Discontinued,142.8 x 73.4 x 9.5 mm (5.62 x 2.89 x 0.37 in),160 g (5.64 oz),,Dual SIM (Mini-SIM/ Micro-SIM),"LCD capacitive touchscreen, 256K colors","5.0 inches, 68.9 cm2 (~65.7% screen-to-body ratio)","480 x 854 pixels, 16:9 ratio (~196 ppi density)",- SIM 1 or SIM 2,Android 4.4.2 (KitKat),Mediatek MT6572M (28 nm),Dual-core 1.0 GHz Cortex-A7,Mali-400,microSDXC (dedicated slot),4GB 512MB RAM,,LED flash,480p@30fps,5 MP,,,Yes,Yes,,"Wi-Fi 802.11 a/b/g/n, dual-band, hotspot","3.0, A2DP","Yes, with A-GPS",,Stereo FM radio,microUSB 2.0,"Accelerometer, proximity","Li-Ion 1550 mAh, removable",,"Black, White, Red, Blue, Green",,,,,,,,,,,,,,,1.3 MP,,,,Up to 480 h (2G) / Up to 350 h (3G),,Up to 16 h (2G) / Up to 7 h 30 min (3G),,,,,,,,,,,,
yezz,Yezz Andy 3.5EI,https://fdn2.gsmarena.com/vv/bigpic/yezz-andy-35ei.jpg,GSM / HSPA,GSM 850 / 900 / 1800 / 1900 - SIM 1 & SIM 2,HSDPA 850 / 1900 - SIM 1 or SIM 2,HSDPA 900 / 2100 - SIM 1 or SIM 2,,,HSPA 21.1/5.76 Mbps,"2014, May. Released 2014, July",Discontinued,115.5 x 62 x 12.5 mm (4.55 x 2.44 x 0.49 in),115 g (4.06 oz),,Dual SIM (Mini-SIM),"LCD capacitive touchscreen, 256K colors","3.5 inches, 36.5 cm2 (~50.9% screen-to-body ratio)","320 x 480 pixels, 3:2 ratio (~165 ppi density)",HSDPA 850 / 2100 - SIM 1 or SIM 2,Android 4.4.2 (KitKat),Mediatek MT6572 (28 nm),Dual-core 1.0 GHz Cortex-A7,Mali-400,microSDXC (dedicated slot),4GB 512MB RAM,,"LED flash, panorama",480p@30fps,"5 MP, AF",,,Yes,Yes,,"Wi-Fi 802.11 b/g/n, hotspot","3.0, A2DP","Yes, with A-GPS",,Stereo FM radio,microUSB 2.0,"Accelerometer, proximity","Li-Ion 1300 mAh, removable",,"Black, White, Blue, Green, Orange",,,,,,,,,,,,,,,1.3 MP,,,,Up to 600 h (2G) / Up to 400 h (3G),,Up to 15 h (2G) / Up to 10 h (3G),,,,,,,,,,,,
yezz,Yezz Andy 6Q,https://fdn2.gsmarena.com/vv/bigpic/yezz-andy-6q.jpg,GSM / HSPA,GSM 850 / 900 / 1800 / 1900 - SIM 1 & SIM 2,HSDPA 900 / 2100 - SIM 1 or SIM 2,HSDPA 850 / 1900 - SIM 1 or SIM 2,,,HSPA 21.1/5.76 Mbps,"2014, May. Released 2014, June",Discontinued,165 x 84 x 7.8 mm (6.50 x 3.31 x 0.31 in),160 g (5.64 oz),,Dual SIM (Mini-SIM/ Micro-SIM),"IPS LCD capacitive touchscreen, 16M colors","6.0 inches, 99.2 cm2 (~71.6% screen-to-body ratio)","720 x 1280 pixels, 16:9 ratio (~245 ppi density)",,"Android 4.2 (Jelly Bean), upgradable to 4.4.2 (KitKat)",Mediatek MT6582 (28 nm),Quad-core 1.3 GHz Cortex-A7,Mali-400MP2,microSDXC (dedicated slot),4GB 1GB RAM,,"LED flash, HDR",1080p@30fps,"13 MP, AF",,,Yes,Yes,,"Wi-Fi 802.11 a/b/g/n, dual-band, hotspot","3.0, A2DP","Yes, with A-GPS",,Stereo FM radio,microUSB 2.0,"Accelerometer, proximity","Li-Po 3000 mAh, non-removable",,"Black, Gun Metal, Gold, Platinum",,,,,,,,,,,,,,,5 MP,,,,Up to 700 h (2G) / Up to 500 h (3G),,Up to 16 h (2G) / Up to 10 h 30 min (3G),,,,,,,,,,,,
yezz,Yezz Classic C21,https://fdn2.gsmarena.com/vv/bigpic/niu-c21.jpg,GSM,GSM 850 / 900 / 1800 / 1900 - SIM 1,GSM 850 / 900 / 1800 / 1900 - SIM 2,,,,,"2014, March. Released 2014, April",Discontinued,106 x 45 x 14.5 mm (4.17 x 1.77 x 0.57 in),73 g without battery (2.57 oz),,Dual SIM (Mini-SIM),"TFT, 65K colors","1.8 inches, 10.2 cm2 (~21.4% screen-to-body ratio)",128 x 160 pixels (~114 ppi density),No,,,,,microSDHC,32Mb 32Mb RAM,,,No,VGA,,,Yes,No,Video player Music player Organizer,No,2.1,No,,Stereo FM radio,microUSB,,"Li-Ion 600 mAh, removable",,"Red, Green, Blue, Purple, White, Gray, Black",,,,,,,,,,,,,,,,,,,Up to 150 h,,Up to 4 h,,,Up to 48 kbps,No,,,Yes,Yes,SMS,No,No,
yezz,Yezz Andy A5QP,https://fdn2.gsmarena.com/vv/bigpic/yezz-andy-a5qp.jpg,GSM / HSPA,GSM 850 / 900 / 1800 / 1900 - SIM 1 & SIM 2,HSDPA 900 / 2100 - SIM 1 or SIM 2,HSDPA 850 / 1900 - SIM 1 or SIM 2,,,HSPA 21.1/5.76 Mbps,"2014, February. Released 2014, April",Discontinued,144 x 69.7 x 6.9 mm (5.67 x 2.74 x 0.27 in),123 g (4.34 oz),,Dual SIM (Mini-SIM/ Micro-SIM),"IPS LCD capacitive touchscreen, 16M colors","5.0 inches, 68.9 cm2 (~68.7% screen-to-body ratio)","720 x 1280 pixels, 16:9 ratio (~294 ppi density)",,"Android 4.2 (Jelly Bean), upgradable to 4.4 (KitKat)",Mediatek MT6592 (28 nm),Octa-core 1.7 GHz Cortex-A7,Mali-450MP4,microSDXC (dedicated slot),8GB 1GB RAM,,"LED flash, HDR",1080p@30fps,"13 MP, AF",,,Yes,Yes,,"Wi-Fi 802.11 a/b/g/n, dual-band, hotspot","3.0, A2DP","Yes, with A-GPS",,Stereo FM radio,microUSB 2.0,"Accelerometer, proximity, compass","Li-Po 1800 mAh, non-removable",,"White, Blue, Red",,,,,,,,,,,,,,,5 MP,,,,Up to 480 h (2G) / Up to 350 h (3G),,Up to 16 h (2G) / Up to 8 h 30 min (3G),,,,,,,,,,,,
yezz,Yezz Andy AZ4.5,https://fdn2.gsmarena.com/vv/bigpic/yezz-andy-az451.jpg,GSM / HSPA,GSM 850 / 900 / 1800 / 1900 - SIM 1 & SIM 2,HSDPA 900 / 2100 - SIM 1 or SIM 2,HSDPA 850 / 1900 - SIM 1 or SIM 2,,,HSPA 21.1/5.76 Mbps,"2014, February. Released 2014, April",Discontinued,137 x 68.5 x 11.2 mm (5.39 x 2.70 x 0.44 in),149 g (5.26 oz),,Dual SIM (Mini-SIM),"IPS LCD capacitive touchscreen, 16M colors","4.5 inches, 55.8 cm2 (~59.5% screen-to-body ratio)","480 x 854 pixels, 16:9 ratio (~218 ppi density)",,Android 4.2 (Jelly Bean),Mediatek MT6572 (28 nm),Dual-core 1.2 GHz Cortex-A7,Mali-400,microSDHC,4GB 512MB RAM,,"LED flash, HDR",720p@30fps,5 MP,,,Yes,Yes,,"Wi-Fi 802.11 b/g/n, hotspot","3.0, A2DP","Yes, with A-GPS",,Stereo FM radio,microUSB 2.0,"Accelerometer, proximity","Li-Ion 1800 mAh, removable",,Black,,,,,,,,,,,,,,,1.3 MP,,,,Up to 480 h (2G) / Up to 350 h (3G),,Up to 16 h (2G) / Up to 8 h 30 min (3G),,,,,,,,,,,,
yezz,Yezz Epic T7FD,https://fdn2.gsmarena.com/vv/bigpic/yezz-epic-t7fd.jpg,No cellular connectivity,N/A,Analog TV Digital TV (ISBD-T) Gesture typing,,,,,"2013, December. Released 2014, January",Discontinued,192 x 112 x 10.2 mm (7.56 x 4.41 x 0.40 in),274 g (9.67 oz),,No,"TFT capacitive touchscreen, 16M colors","7.0 inches, 139.5 cm2 (~64.9% screen-to-body ratio)","480 x 800 pixels, 5:3 ratio (~133 ppi density)",,Android 4.2 (Jelly Bean),Via WM8880,Dual-core 1.5 GHz Cortex-A9,Mali-400MP2,microSDHC (dedicated slot),4GB 1GB RAM,,,1080p@30fps,3.15 MP,,,Yes,Yes,,"Wi-Fi 802.11 a/b/g/n, dual band",2.0,A-GPS only,,Stereo FM radio,microUSB 2.0,Accelerometer,"Li-Ion 2500 mAh, non-removable",,"Black, Blue, Green, Orange, Dark Gray",,,,,,,,,,,,,,,1.3 MP,,,,Up to 300 h,,,,,No,No,,,,,,,,
yezz,Yezz Andy A3.5EP,https://fdn2.gsmarena.com/vv/bigpic/yezz-andy-a35ep.jpg,GSM / HSPA,GSM 850 / 900 / 1800 / 1900 - SIM 1 & SIM 2,,HSDPA 850 / 1900 - SIM 1 or SIM 2,,,HSPA 21.1/5.76 Mbps,"2013, September. Released 2013, November",Discontinued,114 x 62 x 12.5 mm (4.49 x 2.44 x 0.49 in),115 g (4.06 oz),,Dual SIM (Mini-SIM),"LCD capacitive touchscreen, 256K colors","3.5 inches, 36.5 cm2 (~51.6% screen-to-body ratio)","320 x 480 pixels, 3:2 ratio (~165 ppi density)",,Android 4.2 (Jelly Bean),Mediatek MT6572 (28 nm),Dual-core 1.0 GHz Cortex-A7,Mali-400,microSDHC (dedicated slot),,,"LED flash, panorama",480p@30fps,"5 MP, AF",,,Yes,Yes,,"Wi-Fi 802.11 b/g/n, hotspot","3.0, A2DP","Yes, with A-GPS",,Stereo FM radio,microUSB,"Accelerometer, proximity","Li-Ion 1300 mAh, removable",,"Black, White, Blue, Green, Red",,,,,,,,,,,,,,,1.3 MP,,,,Up to 600 h (2G) / Up to 400 h (3G),,Up to 15 h (2G) / Up to 8 h (3G),,,,,,,,,,,,
yezz,Yezz Epic T7ED,https://fdn2.gsmarena.com/vv/bigpic/yezz-epic-t7ed.jpg,No cellular connectivity,N/A,Gesture typing,,,,,"2013, November. Released 2013, December",Discontinued,186.8 x 106.7 x 11.6 mm (7.35 x 4.20 x 0.46 in),272 g (9.59 oz),,No,"TFT capacitive touchscreen, 16M colors","7.0 inches, 137.9 cm2 (~69.2% screen-to-body ratio)","600 x 1024 pixels, 16:9 ratio (~170 ppi density)",,Android 4.2 (Jelly Bean),Allwinner A20,Dual-core 1.2 GHz Cortex-A7,Mali-400MP2,microSDHC (dedicated slot),8GB 1GB RAM,,,1080p@30fps,3.15 MP,,,Yes,Yes,,"Wi-Fi 802.11 a/b/g/n, dual band","3.0, A2DP",No,,No,microUSB 2.0,Accelerometer,"Li-Ion 2500 mAh, non-removable",,"Black, Blue, Green, Orange, Dark Gray",,,,,,,,,,,,,,,1.3 MP,,,,Up to 350 h,,,,,No,No,,,,,,,,
yezz,Yezz Andy A6M 1GB,https://fdn2.gsmarena.com/vv/bigpic/yezz-andy-a6m-1gb.jpg,GSM / HSPA,GSM 850 / 900 / 1800 / 1900 - SIM 1 & SIM 2,,HSDPA 850 / 900 / 2100 - SIM 1 or SIM 2,,,HSPA 21.1/5.76 Mbps,"2013, November. Released 2013, December",Discontinued,168 x 85.5 x 9 mm (6.61 x 3.37 x 0.35 in),189 g (6.67 oz),,Dual SIM (Mini-SIM / Micro-SIM),"IPS LCD capacitive touchscreen, 16M colors","6.0 inches, 102.5 cm2 (~71.3% screen-to-body ratio)","540 x 900 pixels, 5:3 ratio (~175 ppi density)",,Android 4.4.2 (KitKat),Mediatek MT6582M (28 nm),Quad-core 1.3 GHz Cortex-A7,Mali-400MP2,microSDXC (dedicated slot),4GB 1GB RAM,,"LED flash, panorama, HDR",720p@30fps,"13 MP, AF",,,Yes,Yes,,"Wi-Fi 802.11 a/b/g/n, dual-band, hotspot","3.0, A2DP","Yes, with A-GPS",,Stereo FM radio,microUSB 2.0,"Accelerometer, proximity","Li-Po 2400 mAh, removable",,"Black, White, Red",,,,,,,,,,,,,,,5 MP,,,,Up to 480 h (2G) / Up to 350 h (3G),,Up to 16 h (2G) / Up to 8 h 30 min (3G),,,,,,,,,,,,
yezz,Yezz Andy A6M,https://fdn2.gsmarena.com/vv/bigpic/yezz-andy-a6m.jpg,GSM / HSPA,GSM 850 / 900 / 1800 / 1900 - SIM 1 & SIM 2,HSDPA 850 / 900 / 2100 - SIM 1 or SIM 2,HSDPA 900 / 2100 - SIM 1 or SIM 2,,,HSPA 21.1/5.76 Mbps,"2013, November. Released 2013, December",Discontinued,168 x 85.5 x 9 mm (6.61 x 3.37 x 0.35 in),189 g (6.67 oz),,Dual SIM (Mini-SIM / Micro-SIM),"IPS LCD capacitive touchscreen, 16M colors","6.0 inches, 102.5 cm2 (~71.3% screen-to-body ratio)","540 x 900 pixels, 5:3 ratio (~175 ppi density)",,Android 4.4.2 (KitKat),Mediatek MT6582M (28 nm),Quad-core 1.3 GHz Cortex-A7,Mali-400MP2,microSDXC (dedicated slot),4GB 512MB RAM,,"LED flash, panorama, HDR",720p@30fps,"13 MP, AF",,,Yes,Yes,,"Wi-Fi 802.11 a/b/g/n, dual-band, hotspot","3.0, A2DP","Yes, with A-GPS",,Stereo FM radio,microUSB 2.0,"Accelerometer, proximity","Li-Po 2400 mAh, removable",,"Black, White, Red",,,,,,,,,,,,,,,5 MP,,,,Up to 480 h (2G) / Up to 350 h (3G),,Up to 16 h (2G) / Up to 8 h 30 min (3G),,,,,,,,,,,,
yezz,Yezz Andy A4M,https://fdn2.gsmarena.com/vv/bigpic/yezz-andy-a4m.jpg,GSM / HSPA,GSM 850 / 900 / 1800 / 1900 - SIM 1 & SIM 2,HSDPA 850 / 900 / 2100 - SIM 1 or SIM 2,HSDPA 900 / 2100 - SIM 1 or SIM 2,,,HSPA 7.2/5.76 Mbps,"2013, November. Released 2013, December",Discontinued,124 x 62.7 x 9 mm (4.88 x 2.47 x 0.35 in),118 g (4.16 oz),,Dual SIM (Mini-SIM / Micro-SIM),"IPS LCD capacitive touchscreen, 16M colors","4.0 inches, 45.5 cm2 (~58.6% screen-to-body ratio)","480 x 800 pixels, 5:3 ratio (~233 ppi density)",,Android 4.2 (Jelly Bean),Mediatek MT6572M (28 nm),Dual-core 1.2 GHz Cortex-A7,Mali-400,microSDHC (dedicated slot),4GB 512MB RAM,,"LED flash, panorama, HDR",480p@30fps,"8 MP, AF",,,Yes,Yes,,"Wi-Fi 802.11 a/b/g/n, dual-band, hotspot","3.0, A2DP",A-GPS only,,Stereo FM radio,microUSB 2.0,"Accelerometer, proximity","Li-Ion 1400 mAh, removable",,"Black, White, Red",,,,,,,,,,,,,,,1.3 MP,,,,Up to 480 h (2G) / Up to 350 h (3G),,Up to 16 h (2G) / Up to 8 h (3G),,,,,,,,,,,,
yezz,Yezz Andy A4E,https://fdn2.gsmarena.com/vv/bigpic/yezz-andy-ac4e.jpg,GSM / HSPA,GSM 850 / 900 / 1800 / 1900 - SIM 1 & SIM 2,,HSDPA 850 / 1900 - SIM 1 or SIM 2,,,HSPA 21.1/5.76 Mbps,"2013, November. Released 2013, December",Discontinued,125 x 63.7 x 12.5 mm (4.92 x 2.51 x 0.49 in),133 g (4.69 oz),,Dual SIM (Mini-SIM),"IPS LCD capacitive touchscreen, 16M colors","4.0 inches, 45.5 cm2 (~57.2% screen-to-body ratio)","480 x 800 pixels, 5:3 ratio (~233 ppi density)",,Android 4.4.2 (KitKat),Mediatek MT6572 (28 nm),Dual-core 1.2 GHz Cortex-A7,Mali-400,microSDHC (dedicated slot),4GB 512MB RAM,,"LED flash, panorama, HDR",480p@30fps,"8 MP, AF",,,Yes,Yes,,"Wi-Fi 802.11 a/b/g/n, dual-band, hotspot","3.0, A2DP","Yes, with A-GPS",,Stereo FM radio,microUSB 2.0,"Accelerometer, proximity","Li-Ion 1550 mAh, removable",,"Black, White",,,,,,,,,,,,,,,1.3 MP,,,,Up to 480 h (2G) / Up to 350 h (3G),,Up to 16 h (2G) / Up to 8 h (3G),,,,,,,,,,,,
yezz,Yezz Andy A5 1GB,https://fdn2.gsmarena.com/vv/bigpic/yezz-andy-a5.jpg,GSM / HSPA,GSM 850 / 900 / 1800 / 1900 - SIM 1 & SIM 2,Gesture typing,HSDPA 850 / 900 / 2100 SIM 1 or SIM 2,,,HSPA 21.1/11.5 Mbps,"2013, November. Released 2013, December",Discontinued,144.1 x 73.5 x 8.6 mm (5.67 x 2.89 x 0.34 in),106 g without battery (3.74 oz),,Dual SIM (Mini-SIM and Micro-SIM),"IPS LCD capacitive touchscreen, 16M colors","5.0 inches, 68.9 cm2 (~65.1% screen-to-body ratio)","540 x 960 pixels, 16:9 ratio (~220 ppi density)",,Android 4.2 (Jelly Bean),Mediatek MT6589M (28 nm),Quad-core 1.2 GHz Cortex-A7,PowerVR SGX544,microSDXC (dedicated slot),4GB 1GB RAM,,"LED flash, HDR",720p@30fps,"13.1 MP, AF",,,Yes,Yes,,"Wi-Fi 802.11 a/b/g/n, Wi-Fi Direct, hotspot","3.0, A2DP","Yes, with A-GPS",,Stereo FM radio,microUSB,"Accelerometer, proximity","Li-Ion 2000 mAh, removable",,Black,,,,,,,,,,,,,,,2 MP,,,,Up to 750 h (2G) / Up to 600 h (3G),,Up to 16 h (2G) / Up to 14 h (3G),,,,,,,,,,,,
yezz,Yezz Andy A4.5 1GB,https://fdn2.gsmarena.com/vv/bigpic/yezz-andy-a4-5.jpg,GSM / HSPA,GSM 850 / 900 / 1800 / 1900 - SIM 1 & SIM 2,,HSDPA 850 / 900 / 2100 - SIM 1 or SIM 2,,,HSPA 21.1/11.5 Mbps,"2013, November. Released 2013, December",Discontinued,132 x 65.6 x 8.6 mm (5.20 x 2.58 x 0.34 in),102 g without battery (3.60 oz),,Dual SIM (Mini-SIM and Micro-SIM),"IPS LCD capacitive touchscreen, 16M colors","4.5 inches, 55.8 cm2 (~64.5% screen-to-body ratio)","540 x 960 pixels, 16:9 ratio (~245 ppi density)",,Android 4.2 (Jelly Bean),Mediatek MT6589M (28 nm),Quad-core 1.2 GHz Cortex-A7,PowerVR SGX544,microSDXC (dedicated slot),4GB 1GB RAM,,"LED flash, panorama, HDR",720p@30fps,"13 MP, AF",,,Yes,Yes,,"Wi-Fi 802.11 b/g/n, Wi-Fi Direct, hotspot","3.0, A2DP","Yes, with A-GPS",,Stereo FM radio,microUSB 2.0,"Accelerometer,  proximity","Li-Po 1500 mAh, removable",,"Black, White",,,,,,,,,,,,,,,1.3 MP,,,,Up to 600 h (2G) / Up to 550 h (3G),,Up to 16 h (2G) / Up to 8 h (3G),,,,,,,,,,,,
yezz,Yezz Andy A4.5,https://fdn2.gsmarena.com/vv/bigpic/yezz-andy-a45.jpg,GSM / HSPA,GSM 850 / 900 / 1800 / 1900 - SIM 1 & SIM 2,,HSDPA 850 / 1900 / 900 - SIM 1,,,HSPA 21.1/11.5 Mbps,"2013, March. Released 2013, May",Discontinued,132 x 65.6 x 8.6 mm (5.20 x 2.58 x 0.34 in),102 g without battery (3.60 oz),,Dual SIM (Mini-SIM and Micro-SIM),"IPS LCD capacitive touchscreen, 16M colors","4.5 inches, 55.8 cm2 (~64.5% screen-to-body ratio)","540 x 960 pixels, 16:9 ratio (~245 ppi density)",,Android 4.2 (Jelly Bean),Mediatek MT6589 (28 nm),Quad-core 1.2 GHz Cortex-A7,PowerVR SGX544,microSDXC (dedicated slot),4GB 512MB RAM,,"LED flash, panorama, HDR",720p@30fps,"13 MP, AF",,,Yes,Yes,,"Wi-Fi 802.11 b/g/n, Wi-Fi Direct, hotspot","3.0, A2DP","Yes, with A-GPS",,Stereo FM radio,microUSB 2.0,"Accelerometer, gyro, proximity, compass","Li-Ion 1500 mAh, removable",,"Black, White",,,,,,,,,,,,,,,1.3 MP,,,,Up to 600 h (2G) / Up to 550 h (3G),,Up to 16 h (2G) / Up to 14 h (3G),,,,,,,,,,,,
yezz,Yezz Andy A4,https://fdn2.gsmarena.com/vv/bigpic/yezz-andy-a4.jpg,GSM / HSPA,GSM 850 / 900 / 1800 / 1900 - SIM 1 & SIM 2,,HSDPA 850 / 1900 - SIM 1 only,,,HSPA 7.2/5.76 Mbps,"2013, March. Released 2013, April",Discontinued,124.5 x 63.5 x 9.8 mm (4.90 x 2.5 x 0.39 in),104 g without battery (3.67 oz),,Dual SIM (Mini-SIM),"IPS LCD capacitive touchscreen, 16M colors","4.0 inches, 45.5 cm2 (~57.6% screen-to-body ratio)","480 x 800 pixels, 5:3 ratio (~233 ppi density)",,Android 4.1 (Jelly Bean),Mediatek MT6577T (40 nm),Dual-core 1.2 GHz Cortex-A9,PowerVR SGX531u,microSDHC (dedicated slot),4GB 512MB RAM,,"LED flash, panorama, HDR",720p@30fps,"8 MP, AF",,,Yes,Yes,,"Wi-Fi 802.11 a/b/g/n, dual-band, hotspot",3.0,A-GPS only,,Stereo FM radio,microUSB 2.0,"Accelerometer, gyro, proximity, compass","Li-Ion 1400 mAh, removable",,"Black, White",,,,,,,,,,,,,,,VGA,,,,Up to 480 h (2G) / Up to 350 h (3G),,Up to 16 h (2G) / Up to 8 h (3G),,,,,,,,,,,,
yezz,Yezz Andy A3.5,https://fdn2.gsmarena.com/vv/bigpic/yezz-andy-a351.jpg,GSM / HSPA,GSM 850 / 900 / 1800 / 1900 - SIM 1 & SIM 2,,HSDPA 850 / 1900 - SIM 1 only,,,HSPA 7.2/5.76 Mbps,"2012, June. Released 2012, November",Discontinued,114.7 x 61.5 x 11.9 mm (4.52 x 2.42 x 0.47 in),82 g without battery (2.89 oz),,Dual SIM (Mini-SIM),"LCD capacitive touchscreen, 16M colors","3.5 inches, 36.5 cm2 (~51.7% screen-to-body ratio)","320 x 480 pixels, 3:2 ratio (~165 ppi density)",,Android 4.0 (Ice Cream Sandwich),Mediatek MT6575 (40 nm),1.0 GHz Cortex-A9,PowerVR SGX531,microSDHC (dedicated slot),,,"LED flash, panorama",Yes,3.2 MP,,,Yes,Yes,,"Wi-Fi 802.11 b/g, hotspot","3.0, EDR","Yes, with A-GPS",,Stereo FM radio,microUSB,"Accelerometer, proximity","Li-Ion 1300 mAh, removable",,"Black, White",,,,,,,,,,,,,,,VGA,,,,Up to 713 h (2G) / Up to 428 h (3G),,Up to 15 h (2G) / Up to 6 h 30 min (3G),,,,,,,,,,,,
yezz,Yezz Classic CC10,https://fdn2.gsmarena.com/vv/bigpic/yezz-classic-c10.jpg,GSM,GSM 850 / 900 / 1800 / 1900,Flashlight,,,,,"2012, February. Released 2012, April",Discontinued,105 x 45 x 14.4 mm (4.13 x 1.77 x 0.57 in),55 g without battery (1.94 oz),,Dual SIM (Mini-SIM),"TFT, 256K colors","1.8 inches, 10.2 cm2 (~21.6% screen-to-body ratio)",128 x 160 pixels (~114 ppi density),No,,,,,microSDHC (dedicated slot),64Mb 64Mb RAM,,,Yes,VGA,,,Yes,No,"Facebook, Twitter Video Player Music Player Organizer Predictive Text Input",No,Yes,No,,Stereo FM radio,Proprietary,,"Li-Ion 550 mAh, removable",,"Blue, Gray, Purple, Red, White, Black",,,,,,,,,,,,,,,,,,,Up to 150 h,,Up to 4 h,,,Up to 48 kbps,No,,,Yes,Yes,"SMS, IM",Yes,No,
yezz,Yezz Andy A5,https://fdn2.gsmarena.com/vv/bigpic/yezz-andy-pro-a50-new.jpg,GSM / HSPA,GSM 850 / 900 / 1800 / 1900 - SIM 1,GSM 850 / 900 / 1800 / 1900 - SIM 2,HSDPA 850 / 1900  / 900 - SIM 1,,,HSPA 21.1/11.5 Mbps,"2013, March. Released 2013, June",Discontinued,144.1 x 73.5 x 8.6 mm (5.67 x 2.89 x 0.34 in),106 g without battery (3.74 oz),,Dual SIM (Mini-SIM and Micro-SIM),"IPS LCD capacitive touchscreen, 16M colors","5.0 inches, 68.9 cm2 (~65.1% screen-to-body ratio)","540 x 960 pixels, 16:9 ratio (~220 ppi density)",Gesture typing,Android 4.2 (Jelly Bean),Mediatek MT6589M (28 nm),Quad-core 1.2 GHz Cortex-A7,PowerVR SGX544,microSDXC (dedicated slot),4GB 512MB RAM,,"LED flash, HDR",720p@30fps,"13.1 MP, AF",,,Yes,Yes,,"Wi-Fi 802.11 a/b/g/n, Wi-Fi Direct, hotspot","3.0, A2DP","Yes, with A-GPS",,Stereo FM radio,microUSB,"Accelerometer, gyro, proximity, compass","Li-Ion 2000 mAh, removable",,Black,,About 190 EUR,,,,,,,,,,,,,2 MP,,,,Up to 750 h (2G) / Up to 600 h (3G),,Up to 16 h (2G) / Up to 14 h (3G),,,,,,,,,,,,
yezz,Yezz Epic T7,https://fdn2.gsmarena.com/vv/bigpic/yezz-tab-t20-new.jpg,No cellular connectivity,N/A,Gesture typing,,,,,"2013, March. Released 2013, April",Discontinued,177.8 x 121.4 x 10.2 mm (7.00 x 4.78 x 0.40 in),293 g (10.34 oz),,No,"TFT capacitive touchscreen, 16M colors","7.0 inches, 139.5 cm2 (~64.6% screen-to-body ratio)","480 x 800 pixels, 5:3 ratio (~133 ppi density)",,Android 4.1 (Jelly Bean),Allwinner A13,1.2 GHz Cortex-A8,Mali-400,microSDXC (dedicated slot),16GB 512MB RAM,,,480p@30fps,2 MP,,,Yes,Yes,,"Wi-Fi 802.11 a/b/g/n, dual band",No,No,,No,microUSB 2.0,Accelerometer,"Li-Ion 2600 mAh, non-removable",,"Black, Blue, Green, Orange, Dark Gray",,,,,,,,,,,,,,,VGA,,,,Up to 200 h,,,,,No,No,,,,,,,,
yezz,Yezz Classic C30,https://fdn2.gsmarena.com/vv/bigpic/yezz-clasico-2-new.jpg,GSM,GSM 850 / 900 / 1800 / 1900 - SIM 1 & SIM 2 & SIM 3,Flashlight,,,,,"2012, November. Released 2013, January",Discontinued,110 x 48 x 13.3 mm (4.33 x 1.89 x 0.52 in),54 g without battery (1.90 oz),,Triple SIM (Mini-SIM),"TFT, 65K colors","2.2 inches, 15.2 cm2 (~28.8% screen-to-body ratio)",176 x 220 pixels (~128 ppi density),No,,,,,microSDHC (dedicated slot),64Mb 32Mb RAM,,,Yes,1.3 MP,,,Yes,Yes,"Facebook, Twitter Video Player Music Player Organizer Predictive text input",No,"2.1, A2DP",No,,Stereo FM radio,microUSB,,"Li-Ion 1000 mAh, removable",,"Blue, Gray, White",,,,,,,,,,,,,,,,,,,Up to 680 h,,Up to 7 h,,,Up to 48 kbps,No,,,Yes,Yes,"SMS, MMS",Yes,No,
yezz,Yezz Bonito YZ500,https://fdn2.gsmarena.com/vv/bigpic/yezz-bonito-latest.jpg,GSM,GSM 850 / 900 / 1800 / 1900 - SIM 1 & SIM 2,No,,,,,"2011, November. Released 2011, November",Discontinued,99.6 x 53.8 x 13.5 mm (3.92 x 2.12 x 0.53 in),65 g (2.29 oz),,Dual SIM (Mini-SIM),"TFT, 256K colors","2.0 inches, 12.5 cm2 (~23.3% screen-to-body ratio)",220 x 170 pixels (~139 ppi density),SNS apps Analog TV Video Player Music Player Organizer,,,,,microSDHC (dedicated slot),128Mb 64Mb RAM,,,Yes,1.3 MP,,,Yes,No,,No,2.0,No,,"Stereo FM radio, recording",miniUSB,,"Li-Ion 800 mAh, removable",,"Blue, Gray, Pink, Red, Violet",,,,,,,,,,,,,,,,,,,Up to 144 h,0.54 W/kg (head) Â  Â  0.69 W/kg (body),Up to 3 h,,,Up to 48 kbps,No,,QWERTY,Yes,Yes,"SMS, MMS, IM",Yes,Yes,
yezz,Yezz Exclusive Z10,https://fdn2.gsmarena.com/vv/bigpic/yezz-z1-new.jpg,GSM,GSM 850 / 900 / 1800 / 1900 - SIM 1,GSM 850 / 900 / 1800 / 1900 - SIM 2,,,,,"2012, August. Released 2012, November",Discontinued,113.2 x 55.5 x 14.5 mm (4.46 x 2.19 x 0.57 in),90 g without battery (3.17 oz),,Dual SIM (Mini-SIM),"TFT, 65K colors","2.0 inches, 12.6 cm2 (~20.0% screen-to-body ratio)",128 x 160 pixels (~102 ppi density),Flashlight SOS button,,,,,microSDHC (dedicated slot),64Mb 32Mb RAM,,,Yes,1.3 MP,,,Yes,No,"Facebook, Yahoo, MSN, Twitter Music/Video player Organizer Calendar Calculator Voice memo",No,2.1,No,,"Stereo FM radio, buit-in antenna",Proprietary,,"Li-Ion 1000 mAh, removable",,"Black, White",,,,,,,,,,,,,,,,,,,Up to 290 h,,Up to 7 h,,,Up to 48 kbps,No,,,Yes,Yes,"SMS, MMS",Yes,No,
yezz,Yezz Andy 3G 3.5 YZ1110,https://fdn2.gsmarena.com/vv/bigpic/yezz-andy-3g-35-new.jpg,GSM / HSPA,GSM 850 / 900 / 1800 / 1900 - SIM 1 & SIM 2,Analog TV MP4/WMV/H.264 player MP3/WAV/eAAC+ player Photo/video editor Document viewer,HSDPA 850 / 1900 - SIM 1 only,,,HSPA 14.4/5.76 Mbps,"2012, June. Released 2012, November",Discontinued,117 x 63 x 12 mm (4.61 x 2.48 x 0.47 in),71 g without battery (2.50 oz),,Dual SIM (Mini-SIM),"TFT capacitive touchscreen, 16M colors","3.5 inches, 36.5 cm2 (~49.5% screen-to-body ratio)","320 x 480 pixels, 3:2 ratio (~165 ppi density)",,Android 4.0 (Ice Cream Sandwich),Mediatek MT6575 (40 nm),1.0 GHz Cortex-A9,PowerVR SGX531,microSDHC (dedicated slot),512MB 256MB RAM,,LED flash,Yes,3.2 MP,,,Yes,Yes,,"Wi-Fi 802.11 b/g, hotspot",2.1,Yes,,Stereo FM radio,microUSB,"Accelerometer, proximity","Li-Ion 1200 mAh, removable",,Black,,,,,,,,,,,,,,,VGA,,,,Up to 713 h (2G) / Up to 428 h (3G),,Up to 15 h (2G) / Up to 6 h 30 min (3G),,,,,,,,,,,,
yezz,Yezz Andy 3G 4.0 YZ1120,https://fdn2.gsmarena.com/vv/bigpic/yezz-andy-3g40-yz1120-new.jpg,GSM / HSPA,GSM 850 / 900 / 1800 / 1900 - SIM 1,GSM 850 / 900 / 1800 / 1900 - SIM 2,HSDPA 850 / 1900 - SIM 1 only,,,HSPA 14.4/5.76 Mbps,"2012, June. Released 2012, August",Discontinued,123.5 x 65 x 10.5 mm (4.86 x 2.56 x 0.41 in),71 g without battery (2.50 oz),,Dual SIM (Mini-SIM),"TFT capacitive touchscreen, 16M colors","4.0 inches, 45.5 cm2 (~56.7% screen-to-body ratio)","480 x 800 pixels, 5:3 ratio (~233 ppi density)",MP4/WMV/H.264 player MP3/WAV/eAAC+ player Organizer Photo/video editor Document viewer Voice memo/dial Predictive text input,Android 2.3 (Gingerbread),Mediatek MT6575 (40 nm),1.0 GHz Cortex-A9,PowerVR SGX531,microSDHC (dedicated slot),512MB 512MB RAM,,LED flash,Yes,"5 MP, AF",,,Yes,Yes,,"Wi-Fi 802.11 b/g, hotspot",2.1,"Yes, with A-GPS",,Stereo FM radio,microUSB,"Accelerometer, proximity",Removable Li-Ion 1650 mAh battery,,Blue,,,,,,,,,,,,,,,VGA,,,,Up to 713 h (2G) / Up to 428 h (3G),,Up to 16 h (2G) / Up to 7 h (3G),,,,,,,,,,,,
yezz,Yezz Ritmo 3 TV YZ433,https://fdn2.gsmarena.com/vv/bigpic/yezz-ritmo-3-tv-new.jpg,GSM,GSM 850 / 900 / 1800 / 1900 - SIM1 & SIM 2  & SIM 3,Flashlight,,,,,"2012, Q2. Released 2011, July",Discontinued,103.5 x 56.7 x 13 mm (4.07 x 2.23 x 0.51 in),55 g without battery (1.94 oz),,Triple SIM (Mini-SIM),"TFT, 256K colors","2.0 inches, 12.4 cm2 (~21.1% screen-to-body ratio)","320 x 240 pixels, 4:3 ratio (~200 ppi density)",No,,,,,microSDHC (dedicated slot),64Mb 32Mb RAM,,,Yes,1.3 MP,,,Yes,Yes,"Analog TV Facebook, MSN, Twitter, Yahoo Video Player Music Player Organizer Calendar Calculator Stopwatch",No,2.0,No,,"Stereo FM radio, recording",microUSB,,Removable Li-Ion 700 mAh battery,,"Black, Blue, Silver, White",,,,,,,,,,,,,,,,,,,Up to 144 h,,Up to 4 h,,,Yes,No,,QWERTY,Yes,Yes,"SMS, MMS, Email",Yes,No,
yezz,Yezz Ritmo 2 YZ420,https://fdn2.gsmarena.com/vv/bigpic/yezz-ritmo-2-new.jpg,GSM,GSM 850 / 900 / 1800 / 1900 - SIM 1,GSM 850 / 900 / 1800 / 1900 - SIM 2,,,,,"2012, Q2. Released 2011, July",Discontinued,103.5 x 56.7 x 13 mm (4.07 x 2.23 x 0.51 in),55 g without battery (1.94 oz),,Dual SIM (Mini-SIM),"TFT, 65K colors","1.8 inches, 10.2 cm2 (~17.4% screen-to-body ratio)",128 x 160 pixels (~114 ppi density),Flashlight,,,,,microSDHC (dedicated slot),32MB,,,Yes,VGA,,,Yes,Yes,Video Player Music Player Organizer Calendar Sound recorder Calculator World clock Stopwatch,No,2.0,No,,Stereo FM radio,microUSB,,Removable Li-Ion 700 mAh battery,,"Blue, Gray, Purple, White",,,,,,,,,,,,,,,,,,,Up to 144 h,,Up to 4 h,,,No,No,,QWERTY,Yes,Yes,SMS,Yes,No,
yezz,Yezz Andy 3G 2.8 YZ11,https://fdn2.gsmarena.com/vv/bigpic/yezz-andy-3g-new.jpg,GSM / HSPA,GSM 850 / 900 / 1800 / 1900 - SIM 1,GSM 850 / 900 / 1800 / 1900 - SIM 2,HSDPA 850 / 1900 - SIM 1 only,,,HSPA 14.4/5.76 Mbps,"2012, March. Released 2012, May",Discontinued,107.5 x 57.7 x 14.9 mm (4.23 x 2.27 x 0.59 in),71 g without battery (2.50 oz),,Dual SIM (Mini-SIM),"TFT capacitive touchscreen, 16M colors","2.8 inches, 24.3 cm2 (~39.1% screen-to-body ratio)","240 x 320 pixels, 4:3 ratio (~143 ppi density)",MP4/WMV/H.264 player MP3/WAV/eAAC+ player Organizer Photo/video editor Document viewer Voice memo/dial Predictive text input,Android 2.3 (Gingerbread),Mediatek MT6573 (65 nm),650 MHz Cortex-A9,PowerVR SGX531,microSDHC (dedicated slot),512MB 256MB RAM,,,Yes,3.2 MP,,,Yes,Yes,,"Wi-Fi 802.11 b/g, hotspot",2.0,"Yes, with A-GPS",,Stereo FM radio,microUSB,"Accelerometer, proximity, compass",Removable Li-Ion 1000 mAh battery,,"Black, White, Blue, Purple, Black",,,,,,,,,,,,,,,VGA,,,,Up to 48 h,,Up to 3 h,,,,,,,,,,,,
yezz,Yezz Classic C20,https://fdn2.gsmarena.com/vv/bigpic/yezz-chico-2c-new.jpg,GSM,GSM 850 / 900 / 1800 / 1900 - SIM 1,GSM 850 / 900 / 1800 / 1900 - SIM 2,,,,,"2012, February. Released 2012, April",Discontinued,105 x 45 x 14.4 mm (4.13 x 1.77 x 0.57 in),55 g without battery (1.94 oz),,Dual SIM (Mini-SIM),"TFT, 65K colors","1.8 inches, 10.2 cm2 (~21.6% screen-to-body ratio)",128 x 160 pixels (~114 ppi density),Flashlight,,,,,microSDHC (dedicated slot),32Mb 32Mb RAM,,,No,VGA,,,Yes,No,Whatsapp messenger Video player Music player Organizer Predictive Text Input,No,2.1,No,,Stereo FM radio,Proprietary,,Removable Li-Ion 550 mAh battery,,"Blue, Gray, Green, Red, White, Black",,,,,,,,,,,,,,,,,,,Up to 150 h,1.33 W/kg (head) Â  Â  0.84 W/kg (body),Up to 4 h,,,Up to 48 kbps,No,,,Yes,Yes,"SMS, MMS, IM",Yes,No,
yezz,Yezz Chico 2 YZ201,https://fdn2.gsmarena.com/vv/bigpic/yezz-chico-2-new.jpg,GSM,GSM 850 / 900 / 1800 / 1900 - SIM 1,GSM 850 / 900 / 1800 / 1900 - SIM 2,,,,,"2012, February. Released 2012, April",Discontinued,105 x 45 x 14.4 mm (4.13 x 1.77 x 0.57 in),55 g without battery (1.94 oz),,Dual SIM (Mini-SIM),"TFT, 256K colors","1.8 inches, 10.2 cm2 (~21.6% screen-to-body ratio)",128 x 160 pixels (~114 ppi density),Flashlight,,,,,microSDHC (dedicated slot),64MB 32MB,,,,,,,Yes,No,"Facebook, MSN, Twitter, Yahoo Video Player Music Player Organizer Predictive Text Input",No,No,No,,Stereo FM radio,Proprietary,,Removable Li-Ion 550 mAh battery,,"Blue, Gray, Purple, Red, White",,,,,,,,,,,,,,,,,,,Up to 150 h,0.62 W/kg (head) Â  Â  0.53 W/kg (body),Up to 4 h,,,Up to 48 kbps,No,,,Yes,Yes,"SMS, MMS, IM",Yes,No,
yezz,Yezz Andy YZ1100,https://fdn2.gsmarena.com/vv/bigpic/yezz-andy-new.jpg,GSM,GSM 850 / 900 / 1800 / 1900 - SIM 1,GSM 850 / 900 / 1800 / 1900 - SIM 2,,,,,"2011, November. Released 2011, November",Discontinued,107.5 x 57.7 x 14.9 mm (4.23 x 2.27 x 0.59 in),71 g without battery (2.50 oz),,Dual SIM (Mini-SIM),"TFT capacitive touchscreen, 16M colors","3.2 inches, 30.5 cm2 (~49.2% screen-to-body ratio)","320 x 480 pixels, 3:2 ratio (~180 ppi density)",No,Android 2.2.1 (Froyo),Mediatek MT6516,416 MHz ARM9,,microSDHC (dedicated slot),512MB 128MB RAM,,,Yes,2 MP,,,Yes,Yes,MP4/WMV/H.264 player MP3/WAV/eAAC+ player Organizer Photo/video editor Document viewer Voice memo/dial Predictive text input,Wi-Fi 802.11 b/g,2.0,"Yes, with A-GPS",,Stereo FM radio,microUSB,"Accelerometer, proximity, compass",Removable Li-Ion 1100 mAh battery,,"Blue, Purple, White, Black",,,,,,,,,,,,,,,,,,,Up to 48 h,,Up to 3 h,,,Yes,Up to 60 kbps,,,,,,,,
yezz,Yezz Fashion F10,https://fdn2.gsmarena.com/vv/bigpic/yezz-f10.jpg,GSM,GSM 850 / 900 / 1800 / 1900 - SIM 1 & SIM 2 & SIM 3,Flashlight,,,,,"2012, November. Released 2013, April",Discontinued,102 x 59 x 13.7 mm (4.02 x 2.32 x 0.54 in),72 g without battery (2.54 oz),,Triple SIM (Mini-SIM),"TFT, 65K colors","2.2 inches, 15.2 cm2 (~25.3% screen-to-body ratio)",220 x 176 pixels (~128 ppi density),No,,,,,microSDHC (dedicated slot),64Mb 32Mb RAM,,,Yes,1.3 MP,,,Yes,Yes,Whatsapp messenger Analog TV Video Player Music Player Organizer,No,"2.1, A2DP",No,,Stereo FM radio,microUSB,,Removable Li-Ion 600 mAh battery,,"Black, Blue, Red, White",,,,,,,,,,,,,,,,,,,Up to 400 h,,Up to 5 h 30 min,,,Up to 48 kbps,No,,QWERTY,Yes,Yes,SMS,Yes,No,
yezz,Yezz Bono 3G YZ700,https://fdn2.gsmarena.com/vv/bigpic/yezz-bono-3g-new.jpg,GSM / UMTS,GSM 850 / 900 / 1800 / 1900 - SIM 1,GSM 850 / 900 / 1800 / 1900 - SIM 2,UMTS 850 / 1900 - SIM 1 only,,,"Yes, 384 kbps","2011, November. Released 2011, November",Discontinued,110.8 x 60 x 12.4 mm (4.36 x 2.36 x 0.49 in),68 g without battery (2.40 oz),,Dual SIM (Mini-SIM),"TFT, 256K colors","2.0 inches, 12.6 cm2 (~18.9% screen-to-body ratio)",220 x 176 pixels (~141 ppi density),"Facebook, Yahoo, MSN, Twitter Video Player Music Player Organizer",,,,,microSDHC (dedicated slot),128MB 64MB,,,Yes,1.3 MP,,,Yes,Yes,,No,2.0,No,,"Stereo FM radio, recording",microUSB,,Removable Li-Ion 1000 mAh battery,,"Red, Blue, Purple, Black, White",,,,,,,,,,,,,,,Yes,,,,Up to 180 h,1.07 W/kg (head) Â  Â  1.10 W/kg (body),Up to 4 h,,,,,,QWERTY,Yes,Yes,"SMS, MMS, IM",Yes,No,
yezz,Yezz Moda YZ600,https://fdn2.gsmarena.com/vv/bigpic/yezz-moda-new.jpg,GSM,GSM 850 / 900 / 1800 / 1900 - SIM 1,GSM 850 / 900 / 1800 / 1900 - SIM 2,,,,,"2011, November. Released 2011, November",Discontinued,103.5 x 59.4 x 12.9 mm (4.07 x 2.34 x 0.51 in),63 g without battery (2.22 oz),,Dual SIM (Mini-SIM),"TFT, 256K colors","2.2 inches, 15.0 cm2 (~24.4% screen-to-body ratio)","320 x 240 pixels, 4:3 ratio (~182 ppi density)",No,,,,,microSDHC (dedicated slot),128MB 64MB,,,Yes,2 MP,,,Yes,No,"Facebook, MSN, Twitter Video Player Music Player Organizer",No,2.0,No,,"Stereo FM radio, recording",miniUSB,,Removable Li-Ion 1000 mAh battery,,"Black, White",,,,,,,,,,,,,,,,,,,Up to 180 h,1.25 W/kg (head) Â  Â  1.14 W/kg (body),Up to 3 h,,,Up to 48 kbps,No,,QWERTY,Yes,Yes,"SMS, MMS, IM",Yes,Yes,
yezz,Yezz Ritmo YZ400,https://fdn2.gsmarena.com/vv/bigpic/yezz-ritmo-new.jpg,GSM,GSM 850 / 900 / 1800 / 1900 - SIM 1,GSM 850 / 900 / 1800 / 1900 - SIM 2,,,,,"2011, November. Released 2011, November",Discontinued,106.7 x 45.1 x 13.5 mm (4.20 x 1.78 x 0.53 in),55 g without battery (1.94 oz),,Dual SIM (Mini-SIM),"TFT, 65K colors","1.8 inches, 10.0 cm2 (~20.9% screen-to-body ratio)","120 x 160 pixels, 4:3 ratio (~111 ppi density)",No,,,,,microSDHC (dedicated slot),64MB 32MB,,,Yes,1.3 MP,,,Yes,Yes,"Facebook, MSN, Twitter, Yahoo Video Player Music Player Organizer Predictive text input",No,2.0,No,,"Stereo FM radio, recording",microUSB,,Removable Li-Ion 800 mAh battery,,"Blue, Gray, Pink, Red, Violet",,,,,,,,,,,,,,,,,,,Up to 144 h,1.02 W/kg (head) Â  Â  0.58 W/kg (body),Up to 3 h,,,Up to 48 kbps,No,,,Yes,Yes,"SMS, MMS, IM",Yes,No,
yezz,Yezz Zenior YZ888,https://fdn2.gsmarena.com/vv/bigpic/yezz-zenior-new.jpg,GSM,GSM 850 / 900 / 1800 / 1900 - SIM 1,GSM 850 / 900 / 1800 / 1900 - SIM 2,,,,,"2011, November. Released 2011, November",Discontinued,113.8 x 51.1 x 13.8 mm (4.48 x 2.01 x 0.54 in),70 g without battery (2.47 oz),,Dual SIM (Mini-SIM),"TFT, 65K colors","1.8 inches, 10.2 cm2 (~17.5% screen-to-body ratio)",128 x 160 pixels (~114 ppi density),Flashlight SOS button,,,,,microSDHC (dedicated slot),64MB,,,Yes,Yes,,,Yes,Yes,Video Player Music Player Organizer Predictive text input,No,No,No,,Stereo FM radio,microUSB,,Removable Li-Ion 1000 mAh battery,,"Black, Gold, Gray, Red",,,,,,,,,,,,,,,,,,,Up to 144 h,,Up to 3 h,,,Up to 48 kbps,No,,,Yes,Yes,"SMS, MMS",No,No,
yezz,Yezz Clasico YZ300,https://fdn2.gsmarena.com/vv/bigpic/yezz-clasico-new.jpg,GSM,GSM 850 / 900 / 1800 / 1900 - SIM 1,GSM 850 / 900 / 1800 / 1900 - SIM 2,,,,,"2011, November. Released 2011, November",Discontinued,102.5 x 42 x 13.8 mm (4.04 x 1.65 x 0.54 in),50 g without battery (1.76 oz),,Dual SIM (Mini-SIM),"TFT, 256K colors","1.8 inches, 10.0 cm2 (~23.3% screen-to-body ratio)","120 x 160 pixels, 4:3 ratio (~111 ppi density)",Flashlight,,,,,microSDHC (dedicated slot),64MB,,,Yes,1.3 MP,,,Yes,No,"Facebook, MSN, Twitter, Yahoo Video Player Music Player Organizer Predictive text input",No,2.0,No,,"Stereo FM radio, recording",miniUSB,,Removable Li-Ion 800 mAh battery,,"Red, Blue, Gray, Silver",,,,,,,,,,,,,,,,,,,Up to 144 h,0.62 W/kg (head) Â  Â  0.53 W/kg (body),Up to 3 h,,,Up to 48 kbps,No,,,Yes,Yes,"SMS, MMS, IM",Yes,No,
yezz,Yezz Chico YZ200,https://fdn2.gsmarena.com/vv/bigpic/yezz-chico.jpg,GSM,GSM 850 / 1900,Flashlight,,,,,"2011, November. Released 2011, November",Discontinued,105 x 48 x 11.4 mm (4.13 x 1.89 x 0.45 in),50 g without battery (1.76 oz),,Mini-SIM,"TFT, 4096 colors","1.4 inches, 6.1 cm2 (~12.0% screen-to-body ratio)","120 x 160 pixels, 4:3 ratio (~143 ppi density)",No,,,,,No,16MB,,,,,,,Yes,No,,No,No,No,,Stereo FM radio,miniUSB,,Removable Li-Ion 350 mAh battery,,"Gray, Blue, Pink, Red",,,,,,,,,,,,,,,,,,,Up to 144 h,,Up to 2 h,,,No,No,,,Yes,Yes,SMS,Yes,No,
